Player,Pos,Age,Tm,G,GS,MP,FG,FGA,FG%,3P,3PA,3P%,2P,2PA,2P%,eFG%,FT,FTA,FT%,ORB,DRB,TRB,AST,STL,BLK,TOV,PF,PTS,Tm_y,PER,TS%,3PAr,FTr,ORB%,DRB%,TRB%,AST%,STL%,BLK%,TOV%,USG%,OWS,DWS,WS,WS/48,OBPM,DBPM,BPM,VORP
Steven Adams,C,22,OKC,18,18,30.7,3.8,6.2,.613,0.0,0.1,.000,3.8,6.1,.618,.613,2.6,4.1,.630,3.4,6.1,9.5,0.7,0.5,0.8,0.9,3.1,10.1,OKC,16.8,.636,.009,.658,12.7,21.6,17.2,3.5,0.8,2.0,10.6,12.6,1.5,0.6,2.1,.180,1.5,0.3,1.8,0.5
Cole Aldrich,C,27,LAC,6,0,12.8,1.7,2.5,.667,0.0,0.0,,1.7,2.5,.667,.667,0.5,1.0,.500,1.3,3.7,5.0,0.5,1.0,0.5,0.3,1.8,3.8,LAC,21.4,.652,.000,.400,10.4,28.1,19.3,6.0,4.0,3.3,10.2,11.4,0.2,0.2,0.4,.254,1.1,3.3,4.4,0.1
LaMarcus Aldridge,PF,30,SAS,10,10,33.7,8.8,16.9,.521,0.2,0.2,1.000,8.6,16.7,.515,.527,4.1,4.6,.891,2.2,6.1,8.3,1.0,0.4,1.4,1.1,1.8,21.9,SAS,25.0,.579,.012,.272,8.0,19.7,14.2,5.4,0.6,3.3,5.5,27.7,1.0,0.5,1.6,.223,3.5,0.2,3.6,0.5
Lavoy Allen,PF,26,IND,6,3,8.5,0.5,1.7,.300,0.0,0.0,,0.5,1.7,.300,.300,0.0,0.0,,0.7,1.7,2.3,0.3,0.2,0.2,0.2,0.3,1.0,IND,7.1,.300,.000,.000,9.7,21.0,15.7,6.2,1.1,1.6,9.1,10.4,0.0,0.1,0.0,.031,-2.1,-0.4,-2.4,0.0
Tony Allen,SG,34,MEM,4,2,23.5,2.5,8.3,.303,0.3,1.8,.143,2.3,6.5,.346,.318,2.3,3.3,.692,1.5,1.3,2.8,0.8,1.3,0.5,1.5,2.8,7.5,MEM,6.7,.387,.212,.394,6.4,7.2,6.8,5.7,2.9,1.9,13.4,21.9,-0.2,0.0,-0.2,-0.103,-4.1,-0.7,-4.8,-0.1
Al-Farouq Aminu,SF,25,POR,11,11,33.8,5.1,11.6,.438,2.5,6.4,.400,2.5,5.3,.483,.547,1.9,2.6,.724,2.1,6.5,8.6,1.8,0.7,0.9,1.9,2.8,14.6,POR,15.5,.572,.547,.227,6.2,20.4,13.1,8.7,1.1,2.1,13.0,18.6,0.5,0.3,0.8,.100,2.1,0.5,2.7,0.4
Chris Andersen,C,37,MEM,4,2,19.8,1.3,3.0,.417,0.0,0.0,,1.3,3.0,.417,.417,1.3,2.0,.625,3.3,4.5,7.8,0.8,0.5,0.8,1.3,1.0,3.8,MEM,14.7,.483,.000,.667,16.5,31.0,22.7,6.3,1.4,3.3,24.4,11.9,0.0,0.0,0.0,.021,-0.3,-1.0,-1.3,0.0
Justin Anderson,SF,22,DAL,5,1,19.0,3.4,7.4,.459,0.8,2.6,.308,2.6,4.8,.542,.514,1.8,2.8,.643,1.8,2.2,4.0,1.4,0.8,0.6,1.0,2.4,9.4,DAL,19.2,.544,.351,.378,10.6,14.1,12.3,13.2,2.2,2.8,10.4,23.5,0.2,0.0,0.1,.058,2.0,0.7,2.7,0.1
Kyle Anderson,SF,22,SAS,10,0,12.9,0.8,2.5,.320,0.1,0.3,.333,0.7,2.2,.318,.340,0.6,0.7,.857,0.2,2.2,2.4,0.7,0.6,0.3,0.4,1.1,2.3,SAS,7.7,.410,.120,.280,1.9,18.6,10.7,7.3,2.4,1.8,12.5,11.6,-0.1,0.2,0.1,.055,-4.5,2.0,-2.4,0.0
Trevor Ariza,SF,30,HOU,5,5,36.2,2.6,10.2,.255,0.8,5.6,.143,1.8,4.6,.391,.294,0.6,0.8,.750,1.4,2.8,4.2,0.8,2.6,0.2,2.4,3.2,6.6,HOU,1.8,.313,.549,.078,3.9,8.7,6.1,3.6,3.5,0.5,18.5,14.7,-0.5,0.1,-0.4,-0.116,-6.1,-0.5,-6.6,-0.2
Jeff Ayres,C,28,LAC,2,0,1.0,0.5,0.5,1.000,0.0,0.0,,0.5,0.5,1.000,1.000,0.5,0.5,1.000,0.0,0.0,0.0,0.0,0.0,0.0,0.0,0.0,1.5,LAC,68.8,1.042,.000,1.000,0.0,0.0,0.0,0.0,0.0,0.0,0.0,32.1,0.0,0.0,0.0,.768,23.2,6.1,29.3,0.0
Leandro Barbosa,SG,33,GSW,23,0,11.0,2.2,3.8,.580,0.5,1.2,.393,1.7,2.6,.667,.642,0.7,0.9,.762,0.5,0.7,1.2,0.7,0.5,0.0,0.5,1.0,5.6,GSW,18.4,.663,.318,.239,4.8,6.7,5.8,9.7,2.1,0.3,10.2,18.7,0.7,0.2,0.9,.172,1.7,1.6,3.3,0.3
J.J. Barea,PG,31,DAL,4,2,25.0,2.8,8.5,.324,0.3,2.0,.125,2.5,6.5,.385,.338,0.5,0.5,1.000,0.0,1.5,1.5,5.0,0.0,0.0,2.8,2.0,6.3,DAL,2.0,.358,.235,.059,0.0,7.3,3.5,31.9,0.0,0.0,24.0,21.2,-0.3,-0.2,-0.5,-0.241,-5.6,-6.3,-11.8,-0.3
Harrison Barnes,SF,23,GSW,24,23,31.0,3.4,8.9,.385,1.1,3.2,.342,2.3,5.7,.409,.446,1.1,1.4,.765,1.1,3.5,4.7,1.3,0.7,0.2,0.8,1.9,9.0,GSW,8.6,.474,.357,.160,4.0,12.2,8.2,5.8,1.1,0.4,7.3,14.5,0.2,0.6,0.7,.047,-1.8,-0.7,-2.4,-0.1
Matt Barnes,SF,35,MEM,4,4,34.8,4.0,11.5,.348,0.8,4.5,.167,3.3,7.0,.464,.380,2.0,2.5,.800,1.3,6.0,7.3,2.8,1.0,0.3,3.3,3.3,10.8,MEM,7.0,.427,.391,.217,3.6,23.5,12.1,14.3,1.6,0.6,20.5,21.0,-0.3,0.0,-0.3,-0.107,-3.5,-0.9,-4.4,-0.1
Nicolas Batum,SF,27,CHO,5,2,28.8,3.4,9.0,.378,1.2,4.4,.273,2.2,4.6,.478,.444,3.4,4.0,.850,0.4,3.2,3.6,2.0,0.4,0.0,1.6,1.2,11.4,CHO,12.1,.530,.489,.444,1.5,13.6,7.1,12.7,0.7,0.0,12.9,20.4,0.0,0.1,0.1,.031,-0.1,-2.3,-2.4,0.0
Aron Baynes,C,29,DET,4,0,11.0,1.0,2.3,.444,0.0,0.0,,1.0,2.3,.444,.444,0.5,0.8,.667,0.8,1.3,2.0,0.5,0.0,0.0,0.8,1.0,2.5,DET,5.9,.484,.000,.333,8.6,13.4,11.1,6.9,0.0,0.0,22.5,15.2,0.0,0.0,-0.1,-0.081,-4.7,-2.8,-7.4,-0.1
Kent Bazemore,SF,26,ATL,10,10,32.5,4.4,12.1,.364,1.6,6.1,.262,2.8,6.0,.467,.430,1.5,2.2,.682,0.8,5.8,6.6,1.9,1.4,0.6,1.0,1.4,11.9,ATL,11.9,.455,.504,.182,2.8,18.3,10.9,9.4,2.2,1.7,7.1,19.4,-0.1,0.5,0.3,.049,-1.0,0.7,-0.3,0.1
Michael Beasley,PF,27,HOU,5,0,16.0,4.4,9.2,.478,0.4,1.2,.333,4.0,8.0,.500,.500,1.2,1.4,.857,0.8,3.4,4.2,0.6,0.2,0.0,1.4,1.6,10.4,HOU,15.9,.530,.130,.152,5.0,23.8,13.8,9.1,0.6,0.0,12.5,28.8,0.0,0.0,0.0,.015,1.4,-1.8,-0.4,0.0
Patrick Beverley,PG,27,HOU,5,5,25.8,2.0,7.4,.270,0.6,2.8,.214,1.4,4.6,.304,.311,1.2,1.2,1.000,0.8,3.6,4.4,2.2,0.4,0.4,0.8,3.4,5.8,HOU,5.0,.366,.378,.162,3.1,15.6,9.0,14.0,0.8,1.3,9.2,13.9,-0.1,0.0,-0.1,-0.031,-4.1,-1.1,-5.2,-0.1
Bismack Biyombo,C,23,TOR,20,10,25.3,2.0,3.5,.580,0.0,0.0,,2.0,3.5,.580,.580,2.2,3.6,.597,2.7,6.7,9.4,0.4,0.4,1.4,1.1,2.4,6.2,TOR,15.9,.611,.000,1.043,11.9,33.8,22.2,2.5,0.8,4.7,17.3,11.1,0.8,0.8,1.5,.146,0.3,1.2,1.5,0.4
Steve Blake,PG,35,DET,4,0,10.8,0.3,1.3,.200,0.3,0.5,.500,0.0,0.8,.000,.300,0.3,0.5,.500,0.0,1.0,1.0,2.5,0.0,0.0,1.3,1.8,1.0,DET,0.3,.340,.400,.400,0.0,11.0,5.7,32.0,0.0,0.0,46.0,12.7,-0.1,0.0,-0.1,-0.160,-7.8,-3.7,-11.5,-0.1
Andrew Bogut,C,31,GSW,22,22,16.6,2.2,3.5,.623,0.0,0.1,.000,2.2,3.4,.640,.623,0.2,0.6,.357,2.1,3.5,5.7,1.4,0.6,1.6,0.9,3.3,4.6,GSW,18.2,.607,.026,.182,14.1,22.8,18.5,12.2,1.9,7.7,18.6,12.3,0.7,0.7,1.5,.194,-1.1,3.8,2.6,0.4
Avery Bradley,SG,25,BOS,1,1,33.0,7.0,16.0,.438,1.0,7.0,.143,6.0,9.0,.667,.469,3.0,3.0,1.000,2.0,1.0,3.0,1.0,1.0,1.0,1.0,2.0,18.0,BOS,16.1,.520,.438,.188,6.0,3.4,4.7,6.2,1.5,2.7,5.5,23.9,0.0,0.0,0.1,.112,2.1,0.4,2.5,0.0
Corey Brewer,SF,29,HOU,5,1,15.4,1.4,5.4,.259,0.2,2.0,.100,1.2,3.4,.353,.278,1.4,1.6,.875,0.6,0.8,1.4,1.6,0.0,0.2,1.2,2.6,4.4,HOU,1.3,.360,.370,.296,3.9,5.8,4.8,17.4,0.0,1.1,16.4,19.5,-0.2,0.0,-0.2,-0.123,-6.0,-2.5,-8.5,-0.1
Reggie Bullock,SF,24,DET,2,0,11.0,2.5,3.0,.833,1.0,1.5,.667,1.5,1.5,1.000,1.000,0.0,0.0,,0.0,1.0,1.0,1.5,0.5,0.0,0.0,1.0,6.0,DET,31.6,1.000,.500,.000,0.0,10.7,5.5,26.1,2.5,0.0,0.0,13.7,0.2,0.0,0.2,.329,11.1,5.5,16.6,0.1
Kentavious Caldwell-Pope,SG,22,DET,4,4,40.3,5.5,12.5,.440,3.0,6.8,.444,2.5,5.8,.435,.560,1.3,1.8,.714,0.5,3.8,4.3,2.8,1.8,0.3,0.5,1.8,15.3,DET,16.2,.575,.540,.140,1.6,11.0,6.4,11.1,2.4,0.6,3.6,17.2,0.3,-0.1,0.2,.072,2.2,1.3,3.5,0.2
Clint Capela,C,21,HOU,5,0,8.6,0.6,1.8,.333,0.0,0.0,,0.6,1.8,.333,.333,0.4,1.0,.400,1.6,2.4,4.0,0.4,0.6,0.4,0.6,1.0,1.6,HOU,13.4,.357,.000,.556,18.5,31.3,24.5,7.5,3.4,4.0,21.1,13.6,-0.1,0.1,0.0,.010,-1.2,0.5,-0.7,0.0
DeMarre Carroll,SF,29,TOR,20,19,29.8,3.1,8.0,.390,1.3,4.0,.329,1.8,4.0,.450,.472,1.4,1.8,.750,1.2,2.9,4.1,0.9,0.9,0.4,0.9,3.1,8.9,TOR,9.9,.506,.497,.226,4.4,12.4,8.1,4.8,1.6,1.0,9.3,15.0,0.3,0.5,0.8,.062,-1.1,0.6,-0.6,0.2
Vince Carter,SG,39,MEM,4,4,22.8,3.8,8.3,.455,1.8,2.5,.700,2.0,5.8,.348,.561,2.0,2.0,1.000,1.3,2.5,3.8,1.3,0.5,0.3,0.8,2.3,11.3,MEM,19.4,.616,.303,.242,5.5,15.0,9.5,10.9,1.2,1.0,7.6,20.0,0.3,0.0,0.3,.140,5.4,0.3,5.7,0.2
Ian Clark,SG,24,GSW,16,0,9.6,1.6,3.3,.491,0.4,1.1,.333,1.3,2.2,.571,.547,0.5,0.6,.800,0.1,0.9,1.1,1.0,0.5,0.0,0.6,1.1,4.1,GSW,13.9,.575,.340,.189,1.4,10.4,6.0,16.3,2.6,0.0,13.6,18.9,0.2,0.2,0.4,.109,-1.4,1.4,0.0,0.1
Nick Collison,PF,35,OKC,9,0,8.8,0.4,0.7,.667,0.0,0.0,,0.4,0.7,.667,.667,0.1,0.2,.500,0.3,0.9,1.2,0.6,0.9,0.0,0.1,1.9,1.0,OKC,9.8,.654,.000,.333,4.3,11.1,7.8,8.5,5.1,0.0,12.7,4.3,0.1,0.1,0.2,.149,-3.3,4.6,1.3,0.1
Pat Connaughton,SG,23,POR,6,0,1.3,0.5,0.8,.600,0.3,0.5,.667,0.2,0.3,.500,.800,0.0,0.0,,0.0,0.2,0.2,0.0,0.0,0.0,0.0,0.0,1.3,POR,35.9,.800,.600,.000,0.0,13.2,6.4,0.0,0.0,0.0,0.0,26.7,0.0,0.0,0.0,.254,18.7,1.2,19.8,0.0
Allen Crabbe,SG,23,POR,11,0,27.5,3.5,6.6,.521,1.4,3.2,.429,2.1,3.5,.605,.623,1.3,1.7,.737,0.5,2.5,2.9,1.4,0.6,0.1,0.5,2.1,9.5,POR,12.8,.645,.479,.260,1.7,9.4,5.4,7.8,1.2,0.3,6.9,12.4,0.7,0.1,0.7,.114,0.2,0.2,0.4,0.2
Jamal Crawford,SG,35,LAC,6,1,33.2,6.5,17.2,.379,0.7,3.5,.190,5.8,13.7,.427,.398,3.7,4.2,.880,0.3,1.8,2.2,2.2,1.7,0.0,1.5,1.5,17.3,LAC,13.3,.456,.204,.243,1.0,5.4,3.2,11.3,2.6,0.0,7.3,27.6,-0.1,0.2,0.1,.015,-1.1,-0.2,-1.3,0.0
Jae Crowder,SF,25,BOS,6,6,32.8,3.3,12.0,.278,1.7,6.8,.244,1.7,5.2,.323,.347,1.2,1.8,.636,0.8,5.7,6.5,2.2,1.5,0.5,1.2,2.8,9.5,BOS,6.7,.371,.569,.153,2.5,19.2,10.3,11.0,2.2,1.3,8.3,18.3,-0.4,0.4,0.0,-0.001,-3.3,0.7,-2.6,0.0
Stephen Curry,PG,27,GSW,18,17,34.1,8.2,18.8,.438,4.4,11.0,.404,3.8,7.8,.486,.556,4.2,4.6,.916,0.8,4.7,5.5,5.2,1.4,0.3,4.2,2.2,25.1,GSW,22.3,.603,.586,.246,2.5,14.8,8.7,26.8,2.1,0.7,16.7,32.1,1.3,0.7,1.9,.152,6.6,0.4,7.0,1.4
Troy Daniels,SG,24,CHO,4,0,4.5,0.3,2.0,.125,0.0,0.8,.000,0.3,1.3,.200,.125,0.0,0.0,,0.0,0.5,0.5,0.0,0.0,0.0,0.0,0.5,0.5,CHO,-11.7,.125,.375,.000,0.0,13.6,6.3,0.0,0.0,0.0,0.0,21.2,-0.2,0.0,-0.1,-0.395,-13.1,-7.1,-20.2,-0.1
Ed Davis,PF,26,POR,11,0,18.6,1.9,3.6,.525,0.0,0.2,.000,1.9,3.5,.553,.525,1.7,3.0,.576,2.4,4.5,6.8,1.3,0.2,0.6,0.9,3.0,5.5,POR,14.9,.559,.050,.825,12.7,25.2,18.8,10.3,0.5,2.7,15.5,13.4,0.4,0.2,0.5,.127,-0.9,0.1,-0.7,0.1
Matthew Dellavedova,PG,25,CLE,20,0,12.1,1.3,3.7,.351,0.4,1.6,.258,0.9,2.2,.419,.405,0.9,1.2,.750,0.2,0.6,0.8,2.8,0.1,0.1,0.7,1.6,3.9,CLE,10.8,.461,.419,.324,2.0,5.3,3.7,33.6,0.2,0.4,14.2,18.9,0.4,0.1,0.4,.083,-1.2,-2.1,-3.3,-0.1
Luol Deng,PF,30,MIA,14,14,35.4,4.6,9.9,.471,1.7,4.1,.421,2.9,5.8,.506,.558,2.3,2.7,.842,1.4,4.6,5.9,1.6,0.9,0.6,1.6,1.7,13.3,MIA,15.5,.601,.413,.275,4.8,14.5,9.9,7.2,1.4,1.4,12.9,17.1,0.8,0.8,1.6,.158,2.0,1.1,3.2,0.6
DeMar DeRozan,SG,26,TOR,20,20,37.3,7.9,19.9,.394,0.2,1.3,.154,7.7,18.6,.411,.399,5.0,6.2,.813,0.7,3.5,4.2,2.7,1.1,0.2,2.3,2.6,20.9,TOR,14.2,.462,.065,.309,2.0,12.0,6.7,14.7,1.6,0.4,9.1,30.9,-0.4,0.5,0.1,.009,0.2,-1.5,-1.3,0.1
Boris Diaw,PF,33,SAS,9,0,17.7,2.3,5.1,.457,0.2,0.7,.333,2.1,4.4,.475,.478,0.3,0.4,.750,0.2,1.9,2.1,2.3,0.2,0.4,0.7,1.0,5.2,SAS,12.0,.492,.130,.087,1.5,11.6,6.9,19.6,0.7,2.0,11.2,15.7,0.1,0.2,0.3,.083,-0.5,0.7,0.1,0.1
Spencer Dinwiddie,PG,22,DET,1,0,2.0,1.0,1.0,1.000,0.0,0.0,,1.0,1.0,1.000,1.000,0.0,0.0,,0.0,0.0,0.0,1.0,0.0,0.0,0.0,0.0,2.0,DET,65.2,1.000,.000,.000,0.0,0.0,0.0,100.0,0.0,0.0,0.0,25.1,0.0,0.0,0.0,.950,34.9,10.5,45.5,0.0
Goran Dragić,PG,29,MIA,14,14,33.7,6.5,14.7,.442,1.1,3.3,.348,5.4,11.4,.469,.481,2.4,3.1,.767,0.8,4.1,4.9,3.9,0.4,0.2,2.2,3.3,16.5,MIA,15.1,.514,.223,.209,2.9,13.8,8.6,20.5,0.7,0.5,12.1,25.8,0.4,0.6,1.0,.099,0.0,-0.8,-0.7,0.1
Andre Drummond,C,22,DET,4,4,32.8,7.0,13.5,.519,0.0,0.3,.000,7.0,13.3,.528,.519,2.8,8.5,.324,3.0,6.0,9.0,0.0,0.3,1.5,1.0,2.0,16.8,DET,17.6,.486,.019,.630,11.6,21.6,16.8,0.0,0.4,4.5,5.5,28.0,0.0,0.0,0.0,-0.012,-0.6,-3.0,-3.5,-0.1
Tim Duncan*,C,39,SAS,10,10,21.8,2.2,5.2,.423,0.0,0.0,,2.2,5.2,.423,.423,1.5,2.1,.714,1.0,3.8,4.8,1.4,0.2,1.3,1.0,1.8,5.9,SAS,11.6,.482,.000,.404,5.6,19.0,12.7,9.1,0.5,4.7,14.0,15.2,0.0,0.4,0.4,.083,-2.4,1.8,-0.6,0.1
Kevin Durant,SF,27,OKC,18,18,40.3,9.7,22.6,.430,1.7,6.1,.282,8.0,16.5,.485,.468,7.2,8.1,.890,0.7,6.4,7.1,3.3,1.0,1.0,3.6,2.1,28.4,OKC,20.3,.542,.270,.359,2.0,17.4,9.8,14.9,1.3,2.0,12.1,32.1,1.2,0.8,2.0,.130,4.3,-0.3,4.0,1.1
Monta Ellis,SG,30,IND,7,7,32.1,4.7,10.9,.434,1.0,3.0,.333,3.7,7.9,.473,.480,1.1,1.4,.800,0.6,3.3,3.9,4.3,2.1,0.0,2.4,2.4,11.6,IND,13.7,.504,.276,.132,2.2,10.9,6.9,24.7,3.6,0.0,17.5,20.8,0.0,0.4,0.3,.072,-1.4,2.3,0.9,0.2
Festus Ezeli,C,26,GSW,23,1,8.8,1.6,3.0,.536,0.0,0.0,,1.6,3.0,.536,.536,0.8,1.9,.432,1.0,1.7,2.7,0.3,0.0,0.3,0.6,1.5,4.0,GSW,13.9,.526,.000,.638,12.4,20.0,16.3,6.3,0.2,2.8,13.7,22.1,0.1,0.2,0.3,.080,-3.2,-0.7,-3.9,-0.1
Jordan Farmar,PG,29,MEM,4,4,28.3,2.5,7.8,.323,1.0,3.0,.333,1.5,4.8,.316,.387,0.8,0.8,1.000,0.0,1.5,1.5,4.0,0.8,0.3,2.5,1.0,6.8,MEM,5.6,.418,.387,.097,0.0,7.2,3.1,24.5,1.4,0.8,23.6,17.2,-0.2,-0.1,-0.3,-0.115,-2.5,-2.1,-4.6,-0.1
Raymond Felton,PG,31,DAL,5,4,34.4,6.4,13.8,.464,0.8,2.8,.286,5.6,11.0,.509,.493,1.4,2.2,.636,0.4,4.2,4.6,4.6,1.2,0.0,2.4,2.8,15.0,DAL,13.6,.508,.203,.159,1.3,14.9,7.8,24.2,1.8,0.0,14.0,23.1,0.0,-0.1,-0.1,-0.040,-1.0,0.1,-0.8,0.1
Randy Foye,SG,32,OKC,16,0,11.9,0.9,2.6,.341,0.5,1.6,.308,0.4,0.9,.400,.439,0.3,0.3,1.000,0.1,1.1,1.3,0.8,0.1,0.2,0.7,1.1,2.5,OKC,4.3,.468,.634,.098,1.2,10.4,5.9,9.5,0.5,1.2,20.5,12.3,-0.1,0.1,0.0,-0.003,-3.6,-0.2,-3.8,-0.1
Enes Freedom,C,23,OKC,18,0,17.9,3.6,6.6,.551,0.1,0.8,.143,3.5,5.8,.606,.559,2.1,2.5,.844,2.6,3.6,6.2,0.3,0.3,0.6,0.9,2.2,9.4,OKC,22.4,.617,.119,.381,16.5,21.7,19.2,2.6,0.8,2.7,11.0,20.8,1.1,0.4,1.5,.219,2.9,-1.0,1.9,0.3
Channing Frye,C,32,CLE,17,0,13.9,2.4,4.1,.594,1.5,2.7,.565,0.9,1.4,.652,.783,0.4,0.4,.857,0.3,2.1,2.4,0.3,0.4,0.5,0.3,2.2,6.7,CLE,20.5,.791,.667,.101,2.5,17.7,10.2,3.4,1.3,3.7,6.5,15.0,0.9,0.3,1.2,.247,4.1,2.2,6.3,0.5
Paul George,SF,25,IND,7,7,39.3,8.0,17.6,.455,2.6,6.1,.419,5.4,11.4,.475,.528,8.7,9.1,.953,1.3,6.3,7.6,4.3,2.0,0.7,3.3,3.4,27.3,IND,27.5,.632,.350,.520,4.0,17.1,11.1,22.5,2.8,1.5,13.2,30.5,1.1,0.5,1.6,.284,7.0,3.1,10.1,0.8
Manu Ginóbili*,SG,38,SAS,10,0,19.2,2.0,4.7,.426,0.9,2.1,.429,1.1,2.6,.423,.521,1.8,2.3,.783,0.6,2.1,2.7,2.5,0.8,0.3,0.7,2.5,6.7,SAS,16.0,.586,.447,.489,3.8,11.9,8.1,18.5,2.2,1.2,10.9,15.5,0.5,0.3,0.8,.191,0.1,2.4,2.5,0.2
Andrew Goudelock,PG,27,HOU,2,0,5.5,1.5,3.0,.500,0.0,0.5,.000,1.5,2.5,.600,.500,0.0,0.0,,0.0,1.0,1.0,0.0,0.0,0.0,1.5,0.0,3.0,HOU,0.2,.500,.167,.000,0.0,20.4,9.6,0.0,0.0,0.0,33.3,33.7,-0.1,0.0,-0.1,-0.360,-7.5,-4.4,-12.0,0.0
Danny Green,SG,28,SAS,10,10,26.7,3.0,6.4,.469,2.4,4.7,.511,0.6,1.7,.353,.656,0.2,0.3,.667,0.0,3.1,3.1,0.7,2.1,0.8,0.6,2.0,8.6,SAS,15.3,.658,.734,.047,0.0,12.6,6.7,3.8,4.1,2.4,8.4,12.4,0.4,0.6,0.9,.170,1.7,5.0,6.8,0.6
Draymond Green,PF,25,GSW,23,23,38.2,5.2,12.0,.431,1.7,4.5,.365,3.5,7.5,.471,.500,3.4,4.7,.738,1.7,8.3,9.9,6.0,1.6,1.8,2.4,3.5,15.4,GSW,18.6,.549,.377,.388,4.8,23.1,14.0,23.4,2.1,3.8,14.8,18.9,1.6,1.5,3.1,.171,2.6,3.2,5.7,1.7
Gerald Green,SG,30,MIA,12,0,9.2,1.3,4.1,.327,0.3,1.2,.286,1.0,2.9,.343,.367,0.3,0.4,.800,0.2,1.3,1.4,0.1,0.3,0.1,0.2,1.2,3.3,MIA,6.7,.391,.286,.102,2.3,15.3,9.1,1.5,1.9,0.7,3.8,23.0,-0.2,0.2,0.0,-0.007,-5.3,0.0,-5.3,-0.1
JaMychal Green,PF,25,MEM,4,0,18.0,3.0,5.5,.545,0.0,0.3,.000,3.0,5.3,.571,.545,0.8,1.5,.500,1.3,2.5,3.8,0.8,0.8,1.3,1.0,3.0,6.8,MEM,16.4,.548,.045,.273,7.0,18.9,12.0,8.3,2.2,6.1,14.0,18.3,0.0,0.0,0.1,.056,-0.9,2.2,1.3,0.1
Jeff Green,SF,29,LAC,6,1,26.5,3.5,7.7,.457,0.7,1.7,.400,2.8,6.0,.472,.500,2.5,4.2,.600,0.5,2.7,3.2,0.7,1.0,0.3,0.5,2.0,10.2,LAC,13.2,.535,.217,.543,1.9,9.9,5.9,3.9,1.9,1.1,5.0,16.8,0.2,0.2,0.4,.106,-0.8,0.8,0.0,0.1
Blake Griffin,PF,26,LAC,4,4,31.8,5.0,13.3,.377,0.3,0.5,.500,4.8,12.8,.373,.387,4.8,6.3,.760,1.8,7.0,8.8,4.0,0.8,0.5,2.3,2.3,15.0,LAC,16.5,.469,.038,.472,5.5,21.7,13.6,20.4,1.2,1.3,12.3,25.6,0.0,0.2,0.2,.074,0.9,0.9,1.8,0.1
Jorge Gutiérrez,PG,27,CHO,3,0,4.0,0.0,1.0,.000,0.0,0.0,,0.0,1.0,.000,.000,0.0,0.0,,0.0,0.7,0.7,0.7,0.0,0.0,0.3,0.0,0.0,CHO,-7.0,.000,.000,.000,0.0,20.4,9.5,25.1,0.0,0.0,25.0,15.9,-0.1,0.0,-0.1,-0.357,-12.0,-6.6,-18.6,0.0
P.J. Hairston,SF,23,MEM,2,0,11.0,1.0,3.0,.333,0.5,1.5,.333,0.5,1.5,.333,.417,0.0,1.0,.000,0.0,0.0,0.0,0.0,0.5,0.0,0.5,0.5,2.5,MEM,0.3,.363,.500,.333,0.0,0.0,0.0,0.0,2.4,0.0,12.7,16.5,-0.1,0.0,-0.1,-0.165,-5.5,-2.3,-7.8,0.0
Tyler Hansbrough,PF,30,CHO,2,0,3.0,0.0,0.0,,0.0,0.0,,0.0,0.0,,,0.0,0.0,,0.0,0.0,0.0,0.0,0.0,0.0,0.0,0.0,0.0,CHO,0.0,,,,0.0,0.0,0.0,0.0,0.0,0.0,,0.0,0.0,0.0,0.0,-0.011,-3.0,-3.5,-6.5,0.0
Tim Hardaway Jr.,SG,23,ATL,9,0,9.7,0.8,2.9,.269,0.2,1.6,.143,0.6,1.3,.417,.308,0.4,0.7,.667,0.0,1.0,1.0,0.8,0.0,0.1,0.3,0.2,2.2,ATL,3.1,.349,.538,.231,0.0,10.6,5.6,11.9,0.0,1.0,9.5,16.3,-0.2,0.0,-0.1,-0.078,-5.3,-2.3,-7.5,-0.1
James Harden,SG,26,HOU,5,5,38.6,8.2,20.0,.410,2.6,8.4,.310,5.6,11.6,.483,.475,7.6,9.0,.844,1.4,3.8,5.2,7.6,2.4,0.2,5.2,2.6,26.6,HOU,21.8,.555,.420,.450,3.6,11.0,7.1,41.4,3.0,0.4,17.8,31.1,0.3,0.1,0.4,.106,7.5,1.3,8.8,0.5
Maurice Harkless,SF,22,POR,11,11,24.7,4.3,10.0,.427,1.4,4.0,.341,2.9,6.0,.485,.495,1.1,2.3,.480,2.0,3.1,5.1,0.6,0.9,0.3,1.0,3.5,11.0,POR,12.8,.500,.400,.227,8.1,13.2,10.6,4.3,1.8,0.9,8.3,20.7,0.1,0.2,0.3,.055,-0.7,-0.7,-1.4,0.0
Montrezl Harrell,PF,22,HOU,2,0,6.0,0.5,1.5,.333,0.0,0.5,.000,0.5,1.0,.500,.333,0.5,1.0,.500,0.0,1.0,1.0,0.0,0.0,0.0,0.5,0.5,1.5,HOU,-1.0,.387,.333,.667,0.0,18.7,8.8,0.0,0.0,0.0,20.5,16.7,0.0,0.0,0.0,-0.157,-8.6,-4.4,-13.0,0.0
Devin Harris,PG,32,DAL,5,0,24.2,3.0,6.0,.500,0.8,2.6,.308,2.2,3.4,.647,.567,1.0,2.0,.500,0.2,2.6,2.8,1.6,0.6,0.0,0.6,3.2,7.8,DAL,10.4,.567,.433,.333,0.9,13.1,6.8,10.8,1.3,0.0,8.0,14.3,0.1,-0.1,0.0,.007,-2.3,0.1,-2.2,0.0
Tobias Harris,PF,23,DET,4,4,39.0,5.3,11.5,.457,1.0,3.0,.333,4.3,8.5,.500,.500,3.0,3.3,.923,1.5,8.0,9.5,3.0,0.8,0.8,1.5,2.8,14.5,DET,16.5,.561,.261,.283,4.9,24.2,14.8,12.5,1.1,1.9,10.4,18.6,0.3,0.0,0.2,.071,1.1,0.3,1.4,0.1
Aaron Harrison,SG,21,CHO,2,0,3.5,0.0,0.0,,0.0,0.0,,0.0,0.0,,,0.0,0.0,,0.0,0.5,0.5,0.0,0.0,0.0,0.0,0.5,0.0,CHO,-0.6,,,,0.0,17.5,8.2,0.0,0.0,0.0,,0.0,0.0,0.0,0.0,.018,-9.6,1.1,-8.5,0.0
Udonis Haslem,PF,35,MIA,9,0,9.4,0.9,1.7,.533,0.0,0.0,,0.9,1.7,.533,.533,0.6,0.8,.714,1.2,2.2,3.4,0.4,0.0,0.1,0.8,1.4,2.3,MIA,11.4,.581,.000,.467,16.1,26.5,21.5,7.2,0.0,0.9,27.9,14.1,0.1,0.1,0.2,.112,-2.4,0.6,-1.9,0.0
Spencer Hawes,PF,27,CHO,5,0,10.6,1.2,2.6,.462,0.2,0.8,.250,1.0,1.8,.556,.500,1.0,1.2,.833,0.6,2.6,3.2,0.6,0.2,0.4,0.8,1.0,3.6,CHO,14.9,.575,.308,.462,6.1,30.1,17.3,10.3,1.0,3.0,20.4,17.6,0.0,0.1,0.1,.084,-1.0,2.2,1.2,0.0
Gerald Henderson,SG,28,POR,11,0,21.3,2.7,7.5,.366,0.6,1.7,.368,2.1,5.7,.365,.409,0.8,1.1,.750,0.5,2.6,3.2,1.5,0.5,0.3,0.5,1.9,6.9,POR,9.3,.435,.232,.146,2.6,13.1,7.7,11.4,1.3,1.0,5.4,16.8,0.0,0.1,0.1,.023,-2.1,-0.5,-2.6,0.0
George Hill,PG,29,IND,7,7,33.6,4.6,8.1,.561,1.9,3.9,.481,2.7,4.3,.633,.675,2.6,3.1,.818,0.9,1.9,2.7,2.1,0.9,0.1,1.1,2.3,13.6,IND,17.0,.712,.474,.386,3.2,5.9,4.6,11.6,1.4,0.4,10.7,15.3,0.8,0.2,0.9,.191,3.0,1.3,4.2,0.4
Jordan Hill,C,28,IND,5,0,3.0,0.0,0.6,.000,0.0,0.0,,0.0,0.6,.000,.000,0.0,0.0,,0.4,0.8,1.2,0.4,0.0,0.0,0.0,0.2,0.0,IND,4.5,.000,.000,.000,16.5,28.5,22.9,19.4,0.0,0.0,0.0,9.6,0.0,0.0,0.0,-0.013,-2.5,-1.6,-4.1,0.0
Solomon Hill,SF,24,IND,7,0,28.3,2.0,4.4,.452,1.6,2.7,.579,0.4,1.7,.250,.629,2.1,2.3,.938,0.7,3.3,4.0,1.1,0.3,0.0,0.4,2.9,7.7,IND,11.5,.710,.613,.516,3.1,12.4,8.1,6.6,0.5,0.0,7.3,10.0,0.5,0.2,0.7,.170,0.7,0.9,1.5,0.2
Kirk Hinrich,PG,35,ATL,6,0,4.5,0.3,1.2,.286,0.2,0.5,.333,0.2,0.7,.250,.357,0.0,0.0,,0.0,0.7,0.7,0.5,0.0,0.0,0.0,0.3,0.8,ATL,5.1,.357,.429,.000,0.0,15.2,8.0,16.3,0.0,0.0,0.0,11.6,0.0,0.0,0.0,.012,-5.4,-0.8,-6.2,0.0
John Holland,SF,27,BOS,1,0,1.0,0.0,1.0,.000,0.0,1.0,.000,0.0,0.0,,.000,0.0,0.0,,0.0,0.0,0.0,0.0,0.0,0.0,0.0,0.0,0.0,BOS,-39.1,.000,1.000,.000,0.0,0.0,0.0,0.0,0.0,0.0,0.0,43.1,0.0,0.0,0.0,-1.042,-17.4,-9.2,-26.6,0.0
Al Horford,C,29,ATL,10,10,32.7,5.4,11.6,.466,1.1,2.8,.393,4.3,8.8,.489,.513,1.5,1.6,.938,1.3,5.2,6.5,3.0,1.2,2.4,1.7,2.5,13.4,ATL,17.5,.545,.241,.138,4.5,16.3,10.7,15.6,1.8,6.6,12.1,19.2,0.3,0.5,0.9,.127,0.9,2.8,3.7,0.5
Dwight Howard,C,30,HOU,5,5,36.0,5.2,9.6,.542,0.0,0.2,.000,5.2,9.4,.553,.542,2.8,7.6,.368,5.2,8.8,14.0,1.6,0.8,1.4,2.4,4.2,13.2,HOU,15.7,.510,.021,.792,14.4,27.4,20.5,8.2,1.1,3.4,15.6,17.5,0.0,0.1,0.2,.046,0.4,-0.9,-0.4,0.1
Josh Huestis,PF,24,OKC,2,0,5.0,0.5,1.5,.333,0.5,1.0,.500,0.0,0.5,.000,.500,0.0,0.0,,0.5,1.0,1.5,0.0,0.0,0.0,0.0,0.5,1.5,OKC,10.6,.500,.667,.000,11.4,21.9,16.7,0.0,0.0,0.0,0.0,13.0,0.0,0.0,0.0,.119,0.8,-0.9,-0.1,0.0
Kris Humphries,PF,30,ATL,4,0,14.0,3.3,7.0,.464,1.3,2.5,.500,2.0,4.5,.444,.554,1.5,1.5,1.000,2.0,4.0,6.0,1.0,0.5,1.3,0.5,2.3,9.3,ATL,30.8,.604,.357,.214,16.1,29.4,23.0,13.7,1.8,8.0,6.1,26.1,0.2,0.1,0.4,.319,6.3,2.6,8.9,0.2
R.J. Hunter,SG,22,BOS,5,0,8.2,0.4,1.8,.222,0.2,1.0,.200,0.2,0.8,.250,.278,0.0,0.0,,0.2,1.0,1.2,0.6,0.0,0.2,0.2,0.6,1.0,BOS,1.9,.278,.556,.000,2.4,13.6,7.6,11.2,0.0,2.2,10.0,10.5,-0.1,0.1,0.0,-0.027,-5.4,-0.2,-5.6,0.0
Serge Ibaka,PF,26,OKC,18,18,33.4,4.7,9.1,.521,1.7,3.8,.449,3.0,5.2,.574,.617,0.8,1.1,.750,1.3,5.0,6.3,0.6,0.8,1.3,0.5,2.8,12.0,OKC,15.3,.629,.423,.123,4.3,16.4,10.5,2.5,1.2,3.1,5.0,13.0,1.4,0.7,2.0,.163,2.1,1.5,3.6,0.9
Andre Iguodala,SF,32,GSW,24,3,32.0,3.3,6.8,.476,1.0,2.7,.385,2.2,4.1,.535,.552,1.3,2.4,.561,1.5,2.9,4.4,3.8,1.2,0.4,1.0,1.5,8.9,GSW,13.8,.563,.396,.348,5.0,9.7,7.4,16.6,1.9,1.0,10.8,12.1,1.5,0.7,2.1,.133,1.2,1.8,3.0,1.0
Kyrie Irving,PG,23,CLE,21,21,36.9,9.6,20.1,.475,2.4,5.5,.440,7.1,14.6,.489,.535,3.7,4.2,.875,0.7,2.2,3.0,4.7,1.7,0.6,2.3,2.2,25.2,CLE,24.4,.574,.274,.208,2.3,7.1,4.7,23.5,2.5,1.6,9.4,30.4,2.6,0.8,3.4,.210,5.4,0.6,6.0,1.6
Reggie Jackson,PG,25,DET,4,4,36.8,6.3,13.8,.455,0.8,4.5,.167,5.5,9.3,.595,.482,1.0,1.0,1.000,0.5,2.8,3.3,9.3,1.5,0.5,2.5,2.5,14.3,DET,18.1,.502,.327,.073,1.7,8.8,5.4,43.4,2.3,1.3,15.0,22.8,0.2,-0.1,0.1,.047,2.1,0.0,2.1,0.2
LeBron James,SF,31,CLE,21,21,39.1,10.4,19.9,.525,1.5,4.5,.340,8.9,15.4,.579,.564,3.9,5.9,.661,2.0,7.5,9.5,7.6,2.3,1.3,3.6,2.6,26.3,CLE,30.0,.585,.225,.297,6.1,22.4,14.4,36.6,3.2,3.2,13.7,30.7,3.2,1.5,4.7,.274,7.4,3.6,11.0,2.7
Al Jefferson,C,31,CHO,7,5,24.0,6.0,11.9,.506,0.0,0.0,,6.0,11.9,.506,.506,1.3,1.9,.692,2.0,4.1,6.1,1.1,0.6,0.4,0.9,1.7,13.3,CHO,21.8,.524,.000,.157,8.9,21.2,14.6,11.5,1.3,1.4,6.3,26.8,0.2,0.2,0.4,.108,2.7,-0.2,2.5,0.2
Richard Jefferson,SF,35,CLE,21,2,18.1,2.1,4.0,.524,0.5,1.3,.393,1.6,2.7,.589,.589,0.7,1.0,.750,0.8,2.8,3.5,0.7,0.5,0.0,0.6,1.6,5.4,CLE,12.5,.614,.333,.238,5.0,17.7,11.5,5.4,1.4,0.3,12.3,12.8,0.6,0.4,1.0,.124,-0.9,0.9,0.0,0.2
Jonas Jerebko,PF,28,BOS,6,4,27.0,3.7,7.7,.478,1.2,3.7,.318,2.5,4.0,.625,.554,0.7,0.8,.800,1.2,5.7,6.8,1.7,0.3,0.7,0.8,2.5,9.2,BOS,13.3,.571,.478,.109,4.2,23.4,13.2,10.9,0.6,2.2,9.4,14.1,0.2,0.3,0.5,.138,0.3,1.6,2.0,0.2
Amir Johnson,PF,28,BOS,6,6,22.3,3.7,5.5,.667,0.0,0.3,.000,3.7,5.2,.710,.667,1.2,1.5,.778,1.8,5.3,7.2,0.7,0.2,1.3,1.7,2.2,8.5,BOS,16.7,.690,.061,.273,8.1,26.6,16.8,5.5,0.4,5.3,21.3,15.1,0.2,0.3,0.4,.158,-0.4,1.8,1.4,0.1
James Johnson,PF,28,TOR,10,0,9.8,1.2,2.5,.480,0.4,0.9,.444,0.8,1.6,.500,.560,0.2,0.3,.667,0.3,1.2,1.5,0.6,0.3,0.0,0.7,1.3,3.0,TOR,9.5,.570,.360,.120,3.5,15.6,9.2,10.6,1.6,0.0,21.0,15.8,0.0,0.1,0.1,.041,-1.9,0.1,-1.9,0.0
Joe Johnson,SF,34,MIA,14,14,35.1,4.9,11.3,.430,0.9,3.3,.283,3.9,8.0,.491,.472,1.5,1.7,.875,0.5,4.2,4.7,2.5,0.6,0.2,1.3,1.9,12.1,MIA,11.6,.504,.291,.152,1.8,13.5,7.9,11.6,0.9,0.5,9.6,18.1,0.3,0.6,0.9,.090,-1.1,-0.2,-1.3,0.1
Stanley Johnson,SF,19,DET,4,0,20.3,3.0,5.8,.522,1.5,2.5,.600,1.5,3.3,.462,.652,0.5,0.5,1.000,0.0,4.0,4.0,0.0,0.3,0.0,0.8,2.5,8.0,DET,12.2,.670,.435,.087,0.0,23.3,12.0,0.0,0.7,0.0,11.2,16.7,0.1,0.0,0.1,.030,-1.1,0.0,-1.1,0.0
Tyler Johnson,SG,23,MIA,5,0,12.2,1.0,2.2,.455,0.6,1.2,.500,0.4,1.0,.400,.591,1.6,2.2,.727,0.4,1.0,1.4,1.6,0.2,0.0,0.4,1.6,4.2,MIA,15.8,.663,.545,1.000,4.1,9.2,6.8,19.6,0.9,0.0,11.2,13.9,0.2,0.1,0.3,.230,2.2,1.0,3.2,0.1
Wesley Johnson,SF,28,LAC,6,0,12.8,0.8,2.3,.357,0.5,1.5,.333,0.3,0.8,.400,.464,0.5,0.5,1.000,0.8,2.2,3.0,0.3,0.2,0.7,0.3,1.0,2.7,LAC,10.8,.522,.643,.214,6.5,16.6,11.6,3.7,0.7,4.4,11.5,10.0,0.1,0.1,0.2,.102,-1.1,1.5,0.4,0.0
Dahntay Jones,SF,35,CLE,15,0,3.3,0.4,0.9,.462,0.1,0.2,.333,0.3,0.7,.500,.500,0.3,0.3,.800,0.0,0.5,0.5,0.1,0.1,0.1,0.1,0.2,1.1,CLE,12.6,.559,.231,.385,0.0,16.3,8.3,5.9,1.1,1.9,6.2,15.0,0.1,0.0,0.1,.116,-0.6,1.0,0.4,0.0
James Jones,SF,35,CLE,12,0,4.6,0.2,0.8,.200,0.1,0.6,.143,0.1,0.3,.333,.250,0.1,0.3,.250,0.1,0.3,0.3,0.3,0.0,0.0,0.1,0.3,0.5,CLE,-0.7,.255,.700,.400,2.2,6.3,4.3,7.2,0.0,0.0,7.8,10.7,-0.1,0.0,-0.1,-0.079,-5.5,-3.1,-8.6,-0.1
DeAndre Jordan,C,27,LAC,6,6,33.0,4.0,6.3,.632,0.0,0.0,,4.0,6.3,.632,.632,3.7,9.8,.373,5.0,11.3,16.3,1.8,1.2,2.7,1.2,2.8,11.7,LAC,24.0,.547,.000,1.553,15.1,33.8,24.5,8.5,1.8,6.8,9.9,16.0,0.4,0.5,1.0,.231,2.7,2.6,5.3,0.4
Cory Joseph,SG,24,TOR,20,0,22.6,3.5,7.4,.466,0.4,1.2,.333,3.1,6.2,.492,.493,1.2,1.6,.750,0.6,1.5,2.1,2.4,0.9,0.1,1.1,2.4,8.5,TOR,13.8,.524,.162,.216,2.8,8.5,5.4,18.9,2.1,0.4,12.0,18.9,0.4,0.3,0.8,.082,-0.3,1.2,0.8,0.3
Chris Kaman,C,33,POR,4,0,8.0,1.8,4.5,.389,0.0,0.0,,1.8,4.5,.389,.389,0.0,0.0,,0.5,1.5,2.0,0.3,0.5,0.0,1.5,2.5,3.5,POR,-1.2,.389,.000,.000,6.3,19.8,12.8,5.7,3.1,0.0,25.0,32.0,-0.2,0.0,-0.2,-0.260,-13.6,-0.5,-14.1,-0.1
Frank Kaminsky,C,22,CHO,7,5,27.1,2.0,6.6,.304,0.7,2.4,.294,1.3,4.1,.310,.359,2.4,3.0,.810,0.4,3.9,4.3,1.1,0.9,0.7,0.3,2.1,7.1,CHO,10.3,.453,.370,.457,1.7,17.4,9.0,7.1,1.7,2.1,3.5,14.3,0.0,0.2,0.2,.048,-1.4,1.6,0.2,0.1
Kyle Korver,SG,34,ATL,10,8,31.6,3.5,7.5,.467,2.4,5.4,.444,1.1,2.1,.524,.627,0.9,0.9,1.000,0.3,4.5,4.8,1.0,1.0,0.4,0.8,2.3,10.3,ATL,12.3,.652,.720,.120,1.1,14.6,8.2,4.9,1.6,1.1,9.2,12.3,0.5,0.4,0.8,.122,-0.6,1.4,0.9,0.2
Jeremy Lamb,SG,23,CHO,3,0,4.0,1.7,3.0,.556,0.3,0.3,1.000,1.3,2.7,.500,.611,0.0,0.0,,0.3,1.0,1.3,0.3,0.0,0.0,0.0,0.0,3.7,CHO,39.5,.611,.111,.000,8.9,30.7,19.0,33.7,0.0,0.0,0.0,35.7,0.1,0.0,0.1,.255,17.0,1.0,18.0,0.1
Ty Lawson,PG,28,IND,7,0,10.6,0.9,2.6,.333,0.0,0.4,.000,0.9,2.1,.400,.333,0.6,0.9,.667,0.1,0.9,1.0,1.4,0.4,0.0,0.9,1.1,2.3,IND,5.0,.388,.167,.333,1.7,8.7,5.4,22.3,2.2,0.0,22.5,17.3,-0.1,0.1,-0.1,-0.045,-6.5,-0.6,-7.0,-0.1
Courtney Lee,SG,30,CHO,7,7,36.7,3.0,7.3,.412,0.6,1.3,.444,2.4,6.0,.405,.451,2.0,2.1,.933,0.7,2.1,2.9,1.3,0.9,0.4,0.7,2.7,8.6,CHO,8.5,.521,.176,.294,2.1,7.2,4.4,6.0,1.2,0.9,8.0,11.6,0.1,0.1,0.2,.045,-2.8,0.6,-2.2,0.0
David Lee,PF,32,DAL,2,0,16.5,3.0,4.0,.750,0.0,0.0,,3.0,4.0,.750,.750,0.0,0.0,,0.5,2.5,3.0,0.5,0.0,0.0,0.0,3.5,6.0,DAL,14.1,.750,.000,.000,3.4,18.5,10.6,5.5,0.0,0.0,0.0,11.2,0.1,0.0,0.1,.104,-0.8,-2.4,-3.2,0.0
Kawhi Leonard,SF,24,SAS,10,10,33.9,8.3,16.6,.500,1.7,3.9,.436,6.6,12.7,.520,.551,4.2,5.1,.824,1.4,4.9,6.3,2.8,2.6,1.4,1.6,2.1,22.5,SAS,28.6,.597,.235,.307,5.1,15.7,10.7,14.7,4.0,3.2,7.8,28.1,1.1,0.8,1.9,.271,7.1,4.4,11.5,1.2
Damian Lillard,PG,25,POR,11,11,39.7,8.1,22.0,.368,3.8,9.7,.393,4.3,12.3,.348,.455,6.5,7.1,.910,1.1,3.2,4.3,6.3,1.3,0.3,3.0,2.1,26.5,POR,19.8,.527,.442,.322,2.7,8.4,5.5,28.1,1.6,0.5,10.7,30.2,0.9,0.1,1.1,.118,5.7,-1.2,4.5,0.7
Jeremy Lin,SG,27,CHO,7,0,27.0,3.7,9.0,.413,0.4,2.0,.214,3.3,7.0,.469,.437,4.6,5.6,.821,0.4,1.9,2.3,2.6,0.7,0.0,1.6,3.0,12.4,CHO,14.5,.543,.222,.619,1.7,8.4,4.8,18.1,1.4,0.0,12.1,23.0,0.2,0.1,0.3,.069,-0.7,0.2,-0.5,0.1
Shaun Livingston,PG,30,GSW,24,7,21.4,3.4,7.0,.488,0.0,0.0,.000,3.4,7.0,.491,.488,1.3,1.5,.865,0.5,2.6,3.2,3.3,0.5,0.2,1.2,2.0,8.2,GSW,14.0,.532,.006,.220,2.8,13.1,8.0,24.0,1.2,0.8,13.6,18.2,0.7,0.4,1.2,.108,-1.2,1.0,-0.3,0.2
Kevin Love,PF,27,CLE,20,19,30.7,4.6,12.0,.385,2.3,5.6,.414,2.3,6.4,.359,.481,3.2,3.8,.840,1.7,7.1,8.8,2.1,0.5,0.4,1.4,1.7,14.7,CLE,17.9,.539,.464,.314,6.6,26.8,16.9,10.6,0.8,1.3,9.0,22.5,1.3,0.7,2.0,.157,3.1,-0.8,2.4,0.7
Kyle Lowry,PG,29,TOR,20,20,38.3,6.6,16.5,.397,2.1,6.9,.304,4.5,9.6,.464,.461,3.9,5.2,.750,0.9,3.8,4.7,6.0,1.6,0.2,3.2,3.7,19.1,TOR,16.6,.508,.418,.315,2.7,12.6,7.4,29.2,2.2,0.3,14.4,26.5,0.6,0.7,1.2,.077,2.5,0.0,2.5,0.9
Ian Mahinmi,C,29,IND,7,7,24.6,3.0,6.0,.500,0.0,0.0,,3.0,6.0,.500,.500,2.1,3.6,.600,1.7,3.4,5.1,1.1,0.7,0.9,2.0,3.6,8.1,IND,11.6,.538,.000,.595,8.6,14.9,12.0,8.2,1.6,2.9,20.9,18.7,0.0,0.3,0.2,.066,-3.5,1.1,-2.4,0.0
Boban Marjanović,C,27,SAS,7,0,6.0,1.1,1.7,.667,0.0,0.0,,1.1,1.7,.667,.667,1.1,1.3,.889,0.6,1.4,2.0,0.4,0.0,0.3,0.4,1.4,3.4,SAS,25.3,.752,.000,.750,11.7,25.9,19.3,11.6,0.0,3.7,15.8,21.0,0.2,0.1,0.3,.336,0.3,2.5,2.8,0.1
Jarell Martin,PF,21,MEM,2,0,23.0,1.5,4.0,.375,0.0,0.0,,1.5,4.0,.375,.375,1.5,3.0,.500,2.0,1.5,3.5,0.5,1.5,0.0,1.5,2.0,4.5,MEM,7.1,.423,.000,.750,8.7,8.9,8.8,3.6,3.5,0.0,22.0,13.6,-0.1,0.0,-0.1,-0.065,-4.6,-1.3,-6.0,0.0
Kevin Martin,SG,32,SAS,5,0,9.8,1.6,4.0,.400,0.8,1.6,.500,0.8,2.4,.333,.500,0.4,0.6,.667,0.0,0.8,0.8,0.6,0.2,0.0,1.2,1.0,4.4,SAS,6.0,.516,.400,.150,0.0,8.9,4.7,9.5,1.1,0.0,22.0,26.0,-0.1,0.0,-0.1,-0.067,-5.6,-1.7,-7.3,-0.1
Wesley Matthews,SF,29,DAL,5,5,34.6,4.0,12.0,.333,2.0,7.0,.286,2.0,5.0,.400,.417,3.0,3.8,.789,0.8,2.8,3.6,1.2,1.2,0.0,0.8,2.8,13.0,DAL,9.7,.475,.583,.317,2.6,9.9,6.1,5.6,1.8,0.0,5.5,19.4,0.0,-0.2,-0.1,-0.039,-1.7,-1.1,-2.9,0.0
Luc Mbah a Moute,PF,29,LAC,5,5,15.6,0.8,1.2,.667,0.0,0.0,,0.8,1.2,.667,.667,0.2,0.2,1.000,0.4,1.6,2.0,0.2,0.6,0.0,0.4,1.8,1.8,LAC,5.7,.699,.000,.167,2.6,10.1,6.3,1.8,2.0,0.0,23.7,4.8,0.0,0.1,0.1,.074,-4.7,2.3,-2.4,0.0
James Michael McAdoo,PF,23,GSW,8,0,4.8,0.3,0.5,.500,0.0,0.0,,0.3,0.5,.500,.500,0.1,0.5,.250,0.0,1.0,1.0,0.3,0.4,0.3,0.1,0.8,0.6,GSW,8.5,.434,.000,1.000,0.0,22.5,11.4,7.0,3.9,4.2,14.8,7.8,0.0,0.1,0.1,.079,-4.9,4.9,0.0,0.0
CJ McCollum,SG,24,POR,11,11,40.2,7.6,17.9,.426,1.8,5.3,.345,5.8,12.6,.460,.477,3.4,4.2,.804,0.6,3.0,3.6,3.3,0.9,0.5,1.8,2.7,20.5,POR,14.0,.518,.294,.234,1.6,7.9,4.6,14.2,1.1,0.9,8.4,22.9,0.5,0.1,0.6,.062,0.6,-1.4,-0.8,0.1
K.J. McDaniels,SF,22,HOU,4,0,8.5,1.0,3.3,.308,0.3,0.8,.333,0.8,2.5,.300,.346,0.0,0.0,,0.3,1.5,1.8,0.3,0.0,0.8,0.0,0.8,2.3,HOU,7.3,.346,.231,.000,2.9,19.8,10.9,5.2,0.0,7.6,0.0,15.7,0.0,0.0,0.0,-0.026,-1.4,0.2,-1.2,0.0
JaVale McGee,C,28,DAL,2,0,7.0,0.5,1.0,.500,0.0,0.0,,0.5,1.0,.500,.500,1.0,3.0,.333,1.0,0.5,1.5,0.0,0.5,0.0,1.5,1.5,2.0,DAL,-0.5,.431,.000,3.000,16.0,8.7,12.5,0.0,3.7,0.0,39.3,25.3,-0.1,0.0,-0.1,-0.300,-12.4,-2.3,-14.7,0.0
Jordan McRae,PG,24,CLE,2,0,2.0,2.0,2.0,1.000,0.5,0.5,1.000,1.5,1.5,1.000,1.125,0.0,0.0,,0.0,1.0,1.0,0.0,0.0,0.0,0.0,0.0,4.5,CLE,110.5,1.125,.250,.000,0.0,58.2,29.5,0.0,0.0,0.0,0.0,46.2,0.2,0.0,0.2,1.896,42.8,15.0,57.8,0.1
Josh McRoberts,PF,28,MIA,10,0,13.4,1.6,3.4,.471,0.0,0.7,.000,1.6,2.7,.593,.471,0.6,0.6,1.000,0.7,1.9,2.6,0.9,0.5,0.5,0.4,2.0,3.8,MIA,13.7,.519,.206,.176,6.5,15.9,11.5,10.6,2.0,2.9,9.8,14.4,0.2,0.3,0.4,.153,-1.6,3.0,1.4,0.1
Jodie Meeks,SG,28,DET,1,0,2.0,1.0,1.0,1.000,0.0,0.0,,1.0,1.0,1.000,1.000,0.0,0.0,,0.0,0.0,0.0,0.0,0.0,0.0,0.0,0.0,2.0,DET,46.3,1.000,.000,.000,0.0,0.0,0.0,0.0,0.0,0.0,0.0,25.1,0.0,0.0,0.0,.312,20.3,4.6,24.8,0.0
Salah Mejri,C,29,DAL,4,1,19.0,1.8,2.5,.700,0.0,0.0,,1.8,2.5,.700,.700,1.3,3.0,.417,1.3,2.0,3.3,0.3,0.8,1.3,0.0,2.8,4.8,DAL,14.7,.622,.000,1.200,7.4,12.8,10.0,2.0,2.1,5.8,0.0,9.3,0.2,0.0,0.1,.086,-0.6,2.6,2.0,0.1
Jordan Mickey,PF,21,BOS,2,0,5.0,1.0,2.0,.500,0.0,0.0,,1.0,2.0,.500,.500,0.0,0.0,,0.5,0.5,1.0,1.0,0.0,0.5,0.0,0.0,2.0,BOS,24.1,.500,.000,.000,9.8,11.1,10.4,39.8,0.0,8.9,0.0,17.2,0.0,0.0,0.0,.229,7.0,5.0,12.0,0.0
C.J. Miles,SF,28,IND,7,0,13.1,1.4,5.4,.263,0.3,2.9,.100,1.1,2.6,.444,.289,0.3,0.4,.667,0.6,2.9,3.4,0.6,0.1,0.1,0.4,1.0,3.4,IND,3.2,.305,.526,.079,5.4,23.3,15.0,7.5,0.6,0.9,7.1,22.1,-0.3,0.1,-0.2,-0.091,-6.3,-2.7,-8.9,-0.2
Andre Miller,PG,39,SAS,5,0,7.0,0.6,1.4,.429,0.2,0.6,.333,0.4,0.8,.500,.500,0.4,0.4,1.000,0.4,0.6,1.0,1.4,0.0,0.0,0.0,0.8,1.8,SAS,15.8,.571,.429,.286,7.0,9.3,8.3,27.8,0.0,0.0,0.0,10.5,0.1,0.0,0.2,.231,1.7,1.0,2.7,0.0
Patty Mills,PG,27,SAS,10,0,16.7,2.3,5.3,.434,1.3,3.6,.361,1.0,1.7,.588,.557,0.7,1.1,.636,0.0,1.4,1.4,2.0,0.7,0.0,0.8,0.3,6.6,SAS,15.2,.571,.679,.208,0.0,9.1,4.8,17.9,2.2,0.0,12.2,18.4,0.2,0.2,0.4,.124,1.4,1.1,2.5,0.2
Paul Millsap,PF,30,ATL,10,10,36.5,5.9,13.7,.431,0.8,3.3,.242,5.1,10.4,.490,.460,4.1,5.5,.745,2.8,6.6,9.4,2.7,1.3,2.3,2.6,2.9,16.7,ATL,17.6,.518,.241,.401,8.7,18.6,13.8,12.5,1.8,5.7,13.9,23.0,0.2,0.6,0.8,.109,0.5,1.5,2.1,0.4
Nazr Mohammed,C,38,OKC,5,0,2.0,0.2,0.4,.500,0.0,0.0,,0.2,0.4,.500,.500,0.0,0.0,,0.2,0.4,0.6,0.0,0.0,0.2,0.2,0.2,0.4,OKC,8.2,.500,.000,.000,11.4,21.9,16.7,0.0,0.0,7.9,33.3,13.0,0.0,0.0,0.0,-0.004,-5.0,0.5,-4.6,0.0
Luis Montero,SG,22,POR,6,0,1.3,0.5,0.5,1.000,0.3,0.3,1.000,0.2,0.2,1.000,1.333,0.0,0.0,,0.0,0.0,0.0,0.0,0.0,0.0,0.0,0.2,1.3,POR,42.2,1.333,.667,.000,0.0,0.0,0.0,0.0,0.0,0.0,0.0,16.0,0.0,0.0,0.0,.265,21.8,4.9,26.7,0.1
Marcus Morris,SF,26,DET,4,4,36.0,5.5,11.8,.468,1.8,4.5,.389,3.8,7.3,.517,.543,5.0,5.8,.870,0.5,2.8,3.3,2.5,0.5,0.0,1.3,4.3,17.8,DET,16.7,.621,.383,.489,1.8,9.0,5.5,11.6,0.8,0.0,8.0,21.7,0.4,-0.1,0.3,.096,1.1,-0.6,0.4,0.1
Anthony Morrow,SG,30,OKC,14,0,5.4,0.8,1.7,.458,0.4,1.0,.357,0.4,0.7,.600,.563,0.7,0.7,1.000,0.0,0.1,0.1,0.1,0.1,0.0,0.3,0.4,2.6,OKC,12.7,.651,.583,.417,0.0,2.9,1.5,2.0,0.7,0.0,12.3,18.5,0.2,0.0,0.2,.120,1.1,-0.2,0.9,0.1
Donatas Motiejūnas,PF,25,HOU,5,4,19.6,3.2,7.4,.432,0.8,1.8,.444,2.4,5.6,.429,.486,1.6,3.4,.471,2.0,3.2,5.2,1.0,0.8,0.4,2.4,2.2,8.8,HOU,11.6,.495,.243,.459,10.2,18.3,14.0,9.7,2.0,1.8,21.2,23.7,-0.1,0.1,-0.1,-0.044,-1.1,-0.7,-1.7,0.0
Timofey Mozgov,C,29,CLE,13,0,5.8,0.5,1.2,.400,0.0,0.0,,0.5,1.2,.400,.400,0.2,0.3,.750,0.4,1.2,1.6,0.2,0.2,0.2,0.6,1.2,1.2,CLE,4.7,.447,.000,.267,7.9,24.5,16.3,3.7,2.1,3.8,32.3,15.1,-0.2,0.1,0.0,-0.023,-8.4,0.8,-7.6,-0.1
Xavier Munford,SG,23,MEM,4,0,22.3,2.3,7.0,.321,0.3,2.0,.125,2.0,5.0,.400,.339,0.0,0.5,.000,0.3,2.0,2.3,2.5,1.5,0.8,1.3,2.0,4.8,MEM,6.7,.329,.286,.071,1.1,12.2,5.8,19.9,3.6,3.0,14.8,17.5,-0.2,0.0,-0.2,-0.106,-4.0,1.8,-2.2,0.0
Mike Muscala,C,24,ATL,9,0,7.4,1.1,2.2,.500,0.2,0.7,.333,0.9,1.6,.571,.550,0.2,0.2,1.000,0.8,1.1,1.9,0.3,0.0,0.1,0.3,0.7,2.7,ATL,13.7,.575,.300,.100,11.8,15.3,13.6,7.4,0.0,1.3,12.6,16.0,0.1,0.0,0.2,.109,0.2,-1.0,-0.8,0.0
Lucas Nogueira,C,23,TOR,5,0,5.8,0.6,0.8,.750,0.0,0.0,,0.6,0.8,.750,.750,0.0,0.0,,0.2,1.4,1.6,0.0,0.0,0.0,0.0,0.6,1.2,TOR,11.3,.750,.000,.000,3.9,30.8,16.5,0.0,0.0,0.0,0.0,6.4,0.1,0.0,0.1,.138,-0.8,0.1,-0.7,0.0
Dirk Nowitzki,PF,37,DAL,5,5,34.0,8.2,16.6,.494,0.8,2.2,.364,7.4,14.4,.514,.518,3.2,3.4,.941,0.6,4.2,4.8,1.6,0.4,0.6,1.4,1.8,20.4,DAL,18.7,.564,.133,.205,2.0,15.0,8.2,9.5,0.6,1.5,7.2,26.6,0.3,-0.2,0.1,.034,3.2,-1.0,2.2,0.2
Kelly Olynyk,C,24,BOS,4,0,8.0,0.3,2.3,.111,0.0,0.8,.000,0.3,1.5,.167,.111,0.0,0.0,,0.5,0.5,1.0,0.8,0.3,0.0,1.0,1.3,0.5,BOS,-8.3,.111,.333,.000,6.1,7.0,6.5,14.0,1.5,0.0,30.8,17.5,-0.2,0.0,-0.2,-0.275,-12.6,-3.3,-16.0,-0.1
Zaza Pachulia,C,31,DAL,5,4,22.4,1.8,4.8,.375,0.0,0.0,,1.8,4.8,.375,.375,3.0,3.4,.882,2.0,3.4,5.4,3.2,0.6,0.2,0.4,2.6,6.6,DAL,17.2,.524,.000,.708,10.0,18.5,14.1,21.7,1.4,0.8,6.0,13.8,0.3,-0.1,0.3,.109,2.4,2.0,4.5,0.2
Tony Parker,PG,33,SAS,10,10,26.4,4.4,9.8,.449,0.4,1.6,.250,4.0,8.2,.488,.469,1.2,1.4,.857,0.1,2.1,2.2,5.3,0.6,0.2,1.8,1.5,10.4,SAS,14.3,.499,.163,.143,0.5,8.7,4.8,31.4,1.2,0.6,14.7,21.5,0.2,0.3,0.4,.080,-0.4,-0.3,-0.7,0.1
Lamar Patterson,SG,24,ATL,4,0,5.0,0.5,1.8,.286,0.3,0.8,.333,0.3,1.0,.250,.357,0.3,0.3,1.000,0.0,1.3,1.3,0.8,0.3,0.0,1.0,0.3,1.5,ATL,2.7,.403,.429,.143,0.0,25.7,13.4,22.9,2.5,0.0,35.0,25.6,-0.1,0.0,-0.1,-0.183,-7.8,0.5,-7.3,0.0
Patrick Patterson,PF,26,TOR,20,9,29.2,2.8,6.8,.404,1.1,3.5,.300,1.7,3.3,.515,.482,1.1,1.3,.846,1.5,2.4,3.9,1.2,0.4,0.5,0.9,1.6,7.7,TOR,10.1,.519,.515,.191,5.6,10.5,7.9,6.8,0.6,1.4,10.9,13.2,0.5,0.3,0.7,.061,0.4,-0.5,-0.1,0.3
Chris Paul,PG,30,LAC,4,4,31.3,9.3,19.0,.487,1.5,5.0,.300,7.8,14.0,.554,.526,3.8,3.8,1.000,1.0,3.0,4.0,7.3,2.3,0.0,1.0,3.0,23.8,LAC,33.2,.575,.263,.197,3.2,9.4,6.3,48.5,3.7,0.0,4.6,30.9,0.7,0.2,0.8,.322,9.1,4.9,14.0,0.5
Cameron Payne,PG,21,OKC,10,0,6.4,0.7,2.6,.269,0.2,1.0,.200,0.5,1.6,.313,.308,0.2,0.4,.500,0.0,0.4,0.4,0.8,0.2,0.2,0.8,0.7,1.8,OKC,-0.6,.324,.385,.154,0.0,6.9,3.5,18.2,1.6,2.5,22.4,24.3,-0.3,0.1,-0.3,-0.189,-7.6,-3.6,-11.1,-0.1
Paul Pierce*,SF,38,LAC,5,1,10.8,0.4,2.4,.167,0.2,1.0,.200,0.2,1.4,.143,.208,0.2,0.8,.250,0.0,1.2,1.2,0.2,0.4,0.0,0.4,1.2,1.2,LAC,-3.4,.218,.417,.333,0.0,10.9,5.5,2.5,1.9,0.0,12.7,13.0,-0.2,0.1,-0.2,-0.141,-9.2,-1.7,-10.9,-0.1
Mason Plumlee,C,25,POR,11,11,27.8,2.5,6.4,.400,0.0,0.0,,2.5,6.4,.400,.400,1.9,3.0,.636,3.4,8.5,11.8,4.8,0.6,1.0,2.3,3.8,7.0,POR,15.3,.456,.000,.471,12.1,32.0,21.8,25.7,1.1,2.8,22.8,15.3,0.2,0.4,0.6,.090,-0.4,2.6,2.2,0.3
Dwight Powell,PF,24,DAL,4,0,16.0,2.3,4.8,.474,0.0,0.3,.000,2.3,4.5,.500,.474,1.5,2.8,.545,2.3,2.0,4.3,1.0,0.3,0.0,0.3,1.3,6.0,DAL,17.1,.503,.053,.579,15.8,15.2,15.5,10.5,0.8,0.0,4.0,18.0,0.1,-0.1,0.1,.063,3.2,-1.9,1.2,0.1
Norman Powell,SG,22,TOR,18,3,11.4,1.5,3.9,.386,0.4,1.4,.269,1.1,2.4,.455,.436,0.4,0.4,.875,0.2,1.3,1.5,0.3,0.7,0.1,0.3,1.0,3.8,TOR,11.4,.462,.371,.114,2.2,14.2,7.9,5.1,3.4,0.9,6.4,17.7,0.0,0.3,0.2,.055,-0.8,1.5,0.7,0.1
Pablo Prigioni,PG,38,LAC,5,0,5.2,0.0,1.0,.000,0.0,0.4,.000,0.0,0.6,.000,.000,0.0,0.0,,0.4,0.2,0.6,1.4,0.0,0.0,0.6,1.6,0.0,LAC,-6.3,.000,.400,.000,7.7,3.8,5.7,34.8,0.0,0.0,37.5,13.7,-0.1,0.0,-0.1,-0.222,-12.2,-3.4,-15.6,-0.1
Zach Randolph,PF,34,MEM,4,4,30.0,5.8,15.5,.371,0.0,0.0,,5.8,15.5,.371,.371,1.5,1.8,.857,3.8,5.0,8.8,1.8,0.3,0.0,1.8,2.5,13.0,MEM,11.6,.400,.000,.113,12.6,22.7,16.9,12.3,0.4,0.0,9.7,27.6,-0.2,0.0,-0.2,-0.091,-0.2,-3.8,-4.0,-0.1
J.J. Redick,SG,31,LAC,6,6,27.7,5.7,13.2,.430,1.8,5.2,.355,3.8,8.0,.479,.500,0.3,0.5,.667,0.2,1.8,2.0,0.8,0.2,0.2,0.8,1.8,13.5,LAC,11.1,.504,.392,.038,0.6,6.5,3.6,5.3,0.3,0.5,5.9,22.9,0.0,0.1,0.1,.026,-0.2,-2.3,-2.5,0.0
Josh Richardson,SG,22,MIA,14,0,27.6,2.4,6.4,.371,1.2,3.3,.370,1.1,3.1,.372,.466,0.7,1.0,.714,0.7,2.9,3.6,1.6,0.4,0.9,0.9,2.6,6.6,MIA,8.8,.489,.517,.157,3.2,11.6,7.6,8.5,0.8,2.6,11.2,13.2,0.1,0.6,0.7,.085,-1.6,0.9,-0.8,0.1
Austin Rivers,SG,23,LAC,6,2,24.0,4.3,10.2,.426,0.7,2.8,.235,3.7,7.3,.500,.459,1.0,1.5,.667,0.7,2.0,2.7,2.7,0.5,0.0,1.2,2.0,10.3,LAC,12.4,.477,.279,.148,2.8,8.2,5.5,18.7,1.1,0.0,9.7,22.3,0.0,0.1,0.1,.037,-1.3,-0.4,-1.8,0.0
Andre Roberson,SG,24,OKC,18,18,26.2,2.2,4.8,.465,0.7,2.1,.324,1.6,2.7,.571,.535,0.4,1.1,.400,1.4,4.2,5.6,0.8,1.3,1.1,0.6,2.5,5.6,OKC,11.6,.527,.430,.233,6.0,17.7,12.0,4.2,2.5,3.2,10.4,9.8,0.4,0.7,1.1,.111,-0.5,3.2,2.7,0.6
Brian Roberts,PG,30,POR,10,0,3.6,0.2,0.9,.222,0.0,0.4,.000,0.2,0.5,.400,.222,0.4,0.6,.667,0.1,0.0,0.1,0.3,0.0,0.0,0.1,0.5,0.8,POR,1.1,.344,.444,.667,2.8,0.0,1.4,11.7,0.0,0.0,7.9,15.0,0.0,0.0,-0.1,-0.075,-7.4,-4.7,-12.1,-0.1
Glenn Robinson III,SF,22,IND,4,0,2.5,0.8,1.0,.750,0.0,0.0,,0.8,1.0,.750,.750,0.3,0.3,1.000,0.0,0.0,0.0,0.0,0.0,0.3,0.0,0.0,1.8,IND,32.4,.788,.000,.250,0.0,0.0,0.0,0.0,0.0,8.4,0.0,21.4,0.1,0.0,0.1,.284,10.2,4.1,14.2,0.0
Terrence Ross,SF,24,TOR,20,0,16.8,2.3,6.0,.387,1.1,3.2,.328,1.3,2.8,.455,.475,0.7,1.0,.650,0.2,1.4,1.6,0.6,0.7,0.3,0.8,1.4,6.3,TOR,10.0,.493,.538,.168,1.4,10.7,5.7,5.8,2.1,1.3,11.1,19.9,-0.1,0.3,0.2,.023,-0.4,0.2,-0.2,0.1
Terry Rozier,PG,21,BOS,5,0,19.8,1.8,4.6,.391,0.8,2.2,.364,1.0,2.4,.417,.478,0.4,0.4,1.000,0.6,2.8,3.4,1.2,0.2,0.6,0.4,1.0,4.8,BOS,9.6,.503,.478,.087,3.0,15.8,9.0,9.9,0.5,2.7,7.7,11.3,0.0,0.2,0.2,.096,-0.9,1.6,0.7,0.1
Brandon Rush,SG,30,GSW,14,0,7.9,0.6,1.4,.450,0.3,0.9,.333,0.4,0.6,.625,.550,0.1,0.1,.500,0.0,1.6,1.6,0.2,0.1,0.1,0.1,0.6,1.6,GSW,7.8,.551,.600,.100,0.0,22.3,11.3,3.8,0.9,1.5,8.7,9.1,0.0,0.1,0.2,.073,-2.8,0.7,-2.1,0.0
Dennis Schröder,PG,22,ATL,10,0,19.1,4.7,10.4,.452,1.2,3.5,.343,3.5,6.9,.507,.510,1.1,1.3,.846,0.6,1.3,1.9,3.6,0.4,0.1,2.1,2.4,11.7,ATL,16.1,.533,.337,.125,3.5,7.0,5.3,37.1,1.1,0.5,16.1,30.7,0.1,0.1,0.2,.050,1.5,-1.3,0.2,0.1
Luis Scola,PF,35,TOR,11,9,12.7,0.7,2.8,.258,0.4,1.9,.190,0.4,0.9,.400,.323,0.7,1.0,.727,0.2,1.5,1.6,0.6,0.3,0.0,0.5,2.0,2.5,TOR,2.7,.391,.677,.355,1.6,14.6,7.7,7.7,1.2,0.0,12.2,13.5,-0.2,0.1,-0.1,-0.026,-5.1,-0.5,-5.6,-0.1
Mike Scott,PF,27,ATL,10,0,16.1,2.5,4.0,.625,0.8,1.6,.500,1.7,2.4,.708,.725,0.7,0.8,.875,0.5,2.7,3.2,0.5,0.3,0.3,0.8,2.0,6.5,ATL,15.1,.747,.400,.200,3.5,17.2,10.7,5.2,0.9,1.7,15.5,14.3,0.3,0.2,0.5,.153,0.1,1.6,1.7,0.2
Thabo Sefolosha,SF,31,ATL,10,2,20.3,2.2,4.6,.478,0.7,1.9,.368,1.5,2.7,.556,.554,0.8,1.5,.533,0.8,3.3,4.1,1.7,1.0,0.6,1.0,1.7,5.9,ATL,13.5,.561,.413,.326,4.4,16.7,10.9,13.0,2.5,2.7,16.0,13.8,0.1,0.3,0.5,.110,-0.7,2.9,2.2,0.2
Iman Shumpert,SG,25,CLE,21,0,17.5,1.2,2.9,.417,0.6,1.6,.382,0.6,1.2,.462,.525,0.3,0.5,.636,0.5,1.8,2.2,0.8,0.5,0.1,0.6,1.7,3.3,CLE,7.1,.540,.567,.183,3.3,11.7,7.6,6.3,1.4,0.8,16.7,9.8,0.2,0.3,0.5,.062,-2.7,0.9,-1.9,0.0
Jonathon Simmons,SG,26,SAS,3,0,8.7,1.3,3.3,.400,0.7,1.0,.667,0.7,2.3,.286,.500,0.3,0.7,.500,1.0,0.3,1.3,0.7,0.7,0.0,0.3,1.3,3.7,SAS,16.7,.506,.300,.200,14.2,4.2,8.9,11.8,4.0,0.0,8.4,21.3,0.0,0.0,0.1,.156,0.4,0.6,1.0,0.0
Kyle Singler,SF,27,OKC,6,0,8.5,0.5,1.5,.333,0.3,0.7,.500,0.2,0.8,.200,.444,0.0,0.3,.000,0.2,1.0,1.2,0.0,0.2,0.0,0.0,0.7,1.3,OKC,3.6,.405,.444,.222,2.2,12.9,7.7,0.0,1.0,0.0,0.0,8.4,0.0,0.0,0.0,.020,-3.7,-0.2,-3.9,0.0
Marcus Smart,PG,21,BOS,6,1,32.2,3.7,10.0,.367,1.8,5.3,.344,1.8,4.7,.393,.458,2.8,3.5,.810,1.3,3.2,4.5,3.0,1.7,0.8,2.5,2.8,12.0,BOS,12.1,.520,.533,.350,4.1,11.0,7.3,15.8,2.5,2.3,17.8,18.8,0.0,0.4,0.3,.083,-0.4,2.4,2.0,0.2
J.R. Smith,SG,30,CLE,21,21,34.8,3.9,9.0,.436,3.1,7.2,.430,0.8,1.8,.459,.609,0.6,1.0,.619,0.3,2.9,3.2,1.4,1.2,0.2,0.5,2.6,11.5,CLE,12.5,.613,.803,.112,1.1,9.6,5.4,5.8,1.9,0.7,5.3,13.2,1.4,0.6,2.1,.135,0.8,0.9,1.8,0.7
Josh Smith,PF,30,HOU,4,0,9.5,1.5,3.3,.462,1.0,2.0,.500,0.5,1.3,.400,.615,0.0,0.5,.000,0.3,0.3,0.5,1.0,0.3,0.3,1.3,1.8,4.0,HOU,7.6,.576,.615,.154,2.6,3.0,2.8,19.9,1.3,2.3,26.5,20.4,0.0,0.0,0.0,-0.045,-0.2,0.3,0.1,0.0
Marreese Speights,C,28,GSW,24,0,8.4,1.9,4.9,.390,0.8,1.8,.419,1.2,3.1,.373,.466,1.0,1.3,.774,0.6,1.3,2.0,0.5,0.1,0.3,0.8,1.8,5.6,GSW,14.2,.509,.364,.263,8.2,17.0,12.7,9.5,0.7,3.2,13.2,33.1,-0.1,0.2,0.2,.040,-2.7,-1.0,-3.7,-0.1
Lance Stephenson,SF,25,MEM,4,0,23.8,5.8,11.0,.523,0.5,1.3,.400,5.3,9.8,.538,.545,1.0,1.3,.800,0.3,1.3,1.5,1.8,0.3,0.0,0.8,2.5,13.0,MEM,16.8,.563,.114,.114,1.1,7.2,3.7,17.4,0.6,0.0,6.1,23.8,0.2,-0.1,0.1,.066,2.9,-1.7,1.2,0.1
Amar'e Stoudemire,C,33,MIA,9,2,9.1,1.2,2.1,.579,0.0,0.0,,1.2,2.1,.579,.579,0.9,0.9,1.000,0.3,1.1,1.4,0.0,0.6,0.3,1.0,1.6,3.3,MIA,12.4,.666,.000,.421,4.6,13.7,9.4,0.0,3.2,2.8,28.6,18.3,0.0,0.2,0.2,.103,-5.6,1.9,-3.7,0.0
Rodney Stuckey,PG,29,IND,7,0,17.9,2.4,6.1,.395,0.7,1.4,.500,1.7,4.7,.364,.453,0.7,1.3,.556,0.1,2.0,2.1,2.0,0.6,0.1,0.9,1.3,6.3,IND,11.1,.468,.233,.209,1.0,12.0,6.9,20.3,1.7,0.7,11.3,20.4,0.0,0.1,0.1,.047,-1.4,0.6,-0.8,0.0
Jared Sullinger,PF,23,BOS,6,2,13.5,2.2,7.0,.310,0.3,0.7,.500,1.8,6.3,.289,.333,0.5,0.7,.750,1.7,2.8,4.5,1.2,0.2,0.0,1.0,2.7,5.2,BOS,5.6,.354,.095,.095,12.1,23.4,17.4,15.9,0.6,0.0,12.1,26.5,-0.3,0.1,-0.1,-0.077,-5.3,-2.0,-7.4,-0.1
Jeff Teague,PG,27,ATL,10,10,27.9,4.6,12.1,.380,0.9,3.6,.250,3.7,8.5,.435,.417,4.4,5.2,.846,0.3,1.6,1.9,6.2,0.6,0.2,2.5,3.0,14.5,ATL,14.9,.504,.298,.430,1.2,5.9,3.7,37.7,1.1,0.6,14.8,27.1,0.3,0.2,0.4,.071,0.0,-1.6,-1.5,0.0
Jason Terry,SG,38,HOU,5,0,24.8,2.6,7.6,.342,1.2,3.8,.316,1.4,3.8,.368,.421,0.6,0.6,1.000,0.2,2.0,2.2,1.2,0.4,0.2,0.6,2.6,7.0,HOU,5.5,.445,.500,.079,0.8,9.0,4.7,8.3,0.8,0.7,7.1,14.0,0.0,0.0,0.0,-0.011,-3.1,-1.3,-4.4,-0.1
Isaiah Thomas,PG,26,BOS,6,6,36.7,7.8,19.8,.395,2.2,7.7,.283,5.7,12.2,.466,.450,6.3,7.8,.809,0.3,2.7,3.0,5.0,0.7,0.8,2.3,3.0,24.2,BOS,17.4,.519,.387,.395,0.9,8.1,4.3,27.9,0.9,2.0,9.1,30.1,0.2,0.3,0.5,.118,3.9,-0.2,3.7,0.3
Jason Thompson,C,29,TOR,10,0,5.5,0.4,0.9,.444,0.0,0.1,.000,0.4,0.8,.500,.444,0.0,0.3,.000,0.6,0.5,1.1,0.1,0.0,0.1,0.1,0.6,0.8,TOR,6.2,.388,.111,.333,12.4,11.6,12.0,2.9,0.0,1.6,8.8,9.5,0.0,0.0,0.0,.014,-2.7,-3.3,-6.1,-0.1
Klay Thompson,SG,25,GSW,24,24,35.4,8.4,18.9,.444,4.1,9.6,.424,4.3,9.3,.464,.552,3.4,4.0,.854,0.6,3.0,3.7,2.3,1.1,0.4,2.0,2.2,24.3,GSW,19.5,.588,.510,.212,1.9,9.2,5.6,11.1,1.5,0.9,8.7,28.0,1.9,0.6,2.5,.143,4.6,-0.4,4.2,1.3
Tristan Thompson,PF,24,CLE,21,21,29.6,2.3,4.4,.527,0.0,0.0,,2.3,4.4,.527,.527,2.0,3.5,.575,4.1,4.9,9.0,0.7,0.4,0.9,0.8,2.6,6.7,CLE,14.2,.559,.000,.785,16.6,19.1,17.8,3.4,0.7,2.8,12.0,10.6,1.4,0.6,2.0,.155,0.0,-1.1,-1.1,0.1
Anthony Tolliver,PF,30,DET,3,0,8.7,0.7,1.3,.500,0.0,0.7,.000,0.7,0.7,1.000,.500,0.0,0.0,,0.3,1.0,1.3,0.3,0.0,0.3,0.0,0.0,1.3,DET,10.2,.500,.500,.000,4.9,13.6,9.4,5.7,0.0,3.8,0.0,7.7,0.0,0.0,0.0,.014,0.0,-0.5,-0.5,0.0
Evan Turner,SG,27,BOS,6,4,35.7,5.2,14.2,.365,0.5,2.3,.214,4.7,11.8,.394,.382,2.3,3.0,.778,1.3,4.3,5.7,4.5,1.3,1.0,2.8,3.2,13.2,BOS,9.8,.425,.165,.212,3.7,13.5,8.3,22.6,1.8,2.5,15.5,22.1,-0.4,0.4,0.0,.005,-2.4,0.8,-1.6,0.0
Myles Turner,C,19,IND,7,4,28.1,4.7,10.1,.465,0.0,0.3,.000,4.7,9.9,.478,.465,0.9,1.3,.667,2.3,4.1,6.4,0.4,0.3,3.3,1.7,3.4,10.3,IND,14.2,.480,.028,.127,10.0,15.8,13.1,2.9,0.5,9.8,13.8,21.2,-0.1,0.3,0.2,.050,-3.6,1.4,-2.2,0.0
Jonas Valančiūnas,C,23,TOR,12,10,26.8,5.7,10.0,.567,0.0,0.0,,5.7,10.0,.567,.567,2.4,3.3,.744,4.0,6.8,10.8,0.9,0.8,1.2,1.5,2.7,13.8,TOR,26.8,.601,.000,.325,16.9,32.2,24.1,7.0,1.7,3.9,11.6,22.4,1.0,0.5,1.5,.226,4.9,0.8,5.7,0.6
Anderson Varejão,C,33,GSW,17,0,5.5,0.3,0.8,.357,0.0,0.0,,0.3,0.8,.357,.357,0.6,1.1,.526,0.7,0.5,1.2,0.8,0.1,0.1,0.1,1.0,1.2,GSW,12.4,.447,.000,1.357,14.2,10.3,12.2,18.6,1.1,1.7,8.2,11.5,0.2,0.1,0.3,.149,-1.1,1.9,0.8,0.1
Charlie Villanueva,PF,31,DAL,4,0,5.0,0.8,3.0,.250,0.3,1.3,.200,0.5,1.8,.286,.292,0.5,0.5,1.000,0.0,0.5,0.5,0.3,0.0,0.0,0.3,0.5,2.3,DAL,0.5,.349,.417,.167,0.0,12.2,5.8,8.5,0.0,0.0,7.2,32.1,-0.1,0.0,-0.1,-0.287,-4.5,-3.5,-8.0,0.0
Noah Vonleh,PF,20,POR,6,0,2.0,0.0,0.5,.000,0.0,0.0,,0.0,0.5,.000,.000,0.0,0.0,,0.2,0.5,0.7,0.3,0.3,0.0,0.0,0.2,0.0,POR,9.6,.000,.000,.000,8.3,26.3,17.1,21.8,8.3,0.0,0.0,10.7,0.0,0.0,0.0,-0.013,-2.0,5.8,3.8,0.0
Dwyane Wade,SG,34,MIA,14,14,33.8,8.5,18.1,.469,0.9,1.6,.522,7.6,16.5,.463,.492,3.6,4.6,.781,0.9,4.8,5.6,4.3,0.8,0.9,2.7,1.6,21.4,MIA,22.3,.532,.091,.252,3.2,15.9,9.9,25.4,1.2,2.1,11.9,32.2,0.7,0.8,1.5,.148,4.2,0.7,4.9,0.8
Dion Waiters,SG,24,OKC,18,0,27.3,3.1,7.3,.417,1.2,3.1,.375,1.9,4.2,.447,.496,1.1,1.7,.667,0.3,2.3,2.6,2.3,0.6,0.2,1.1,2.3,8.4,OKC,9.3,.520,.424,.227,1.4,9.2,5.3,12.5,1.0,0.5,12.1,14.6,0.4,0.3,0.7,.065,-1.7,0.6,-1.1,0.1
Kemba Walker,PG,25,CHO,7,7,37.1,8.0,21.9,.366,2.0,6.1,.326,6.0,15.7,.382,.412,4.7,5.0,.943,0.4,2.6,3.0,4.0,1.3,0.6,1.7,1.4,22.7,CHO,18.2,.472,.281,.229,1.2,8.5,4.6,24.0,1.8,1.2,6.7,33.0,-0.1,0.2,0.1,.016,3.8,-0.4,3.4,0.4
Briante Weber,PG,23,MIA,2,0,3.0,0.0,0.5,.000,0.0,0.0,,0.0,0.5,.000,.000,0.0,0.0,,0.0,0.0,0.0,0.5,0.5,0.0,0.0,0.5,0.0,MIA,5.4,.000,.000,.000,0.0,0.0,0.0,22.2,8.9,0.0,0.0,7.9,0.0,0.0,0.0,.024,-6.2,9.6,3.4,0.0
David West,PF,35,SAS,10,0,17.6,2.5,5.5,.455,0.3,0.6,.500,2.2,4.9,.449,.482,0.5,0.9,.556,1.3,2.4,3.7,1.3,0.6,0.7,0.7,1.9,5.8,SAS,14.4,.492,.109,.164,9.1,14.8,12.1,11.1,1.8,3.1,10.6,17.4,0.1,0.3,0.4,.116,-0.4,1.4,0.9,0.1
Russell Westbrook,PG,27,OKC,18,18,37.4,8.8,21.8,.405,1.9,5.8,.324,6.9,16.0,.434,.448,6.4,7.8,.829,2.3,4.6,6.9,11.0,2.6,0.1,4.3,2.4,26.0,OKC,26.9,.515,.267,.356,6.9,13.5,10.3,52.4,3.4,0.2,14.6,34.3,2.0,0.9,2.9,.208,7.4,1.7,9.1,1.9
Hassan Whiteside,C,26,MIA,10,10,29.1,4.7,6.9,.681,0.0,0.0,,4.7,6.9,.681,.681,2.6,4.4,.591,2.6,8.3,10.9,0.3,0.8,2.8,1.3,3.4,12.0,MIA,24.3,.679,.000,.638,11.1,32.1,22.1,1.7,1.5,7.5,12.8,16.6,0.8,0.8,1.7,.275,2.1,3.7,5.8,0.6
C.J. Wilcox,SG,25,LAC,2,0,3.5,0.0,0.5,.000,0.0,0.0,,0.0,0.5,.000,.000,0.0,0.0,,0.0,0.5,0.5,0.5,0.0,0.0,0.0,0.5,0.0,LAC,-1.4,.000,.000,.000,0.0,14.0,7.1,18.4,0.0,0.0,0.0,6.4,0.0,0.0,0.0,-0.066,-8.2,-0.9,-9.1,0.0
Deron Williams,PG,31,DAL,3,3,16.3,2.0,6.0,.333,1.0,2.3,.429,1.0,3.7,.273,.417,0.0,0.0,,0.0,0.7,0.7,2.7,0.3,0.0,2.3,2.0,5.0,DAL,1.2,.417,.389,.000,0.0,5.0,2.4,26.5,1.1,0.0,28.0,23.6,-0.2,-0.1,-0.3,-0.254,-4.3,-1.4,-5.8,0.0
Marvin Williams,PF,29,CHO,7,7,32.6,2.0,7.3,.275,0.9,2.4,.353,1.1,4.9,.235,.333,0.3,0.6,.500,1.0,5.9,6.9,0.9,0.9,0.4,0.3,1.6,5.1,CHO,6.0,.341,.333,.078,3.3,22.1,12.0,4.4,1.4,1.0,3.7,11.4,-0.3,0.2,-0.1,-0.021,-3.3,-0.9,-4.2,-0.1
Mo Williams,PG,33,CLE,13,0,5.2,0.6,2.2,.286,0.2,1.0,.231,0.4,1.2,.333,.339,0.1,0.2,.500,0.0,0.5,0.5,0.2,0.3,0.0,0.8,0.6,1.5,CLE,-3.3,.346,.464,.071,0.0,10.3,5.2,6.5,3.1,0.0,25.7,26.4,-0.4,0.1,-0.3,-0.245,-10.7,-2.8,-13.5,-0.2
Justise Winslow,SF,19,MIA,13,2,25.4,2.5,5.7,.432,0.4,1.4,.278,2.1,4.3,.482,.466,1.6,2.3,.700,1.3,3.5,4.8,0.6,0.6,0.3,0.9,2.7,6.9,MIA,10.1,.516,.243,.405,6.4,15.7,11.3,3.7,1.3,0.9,12.1,14.3,0.2,0.5,0.7,.101,-2.2,0.8,-1.4,0.1
Delon Wright,PG,23,TOR,9,0,4.6,0.3,1.1,.300,0.0,0.1,.000,0.3,1.0,.333,.300,0.9,1.4,.615,0.1,0.3,0.4,0.3,0.3,0.0,0.2,0.2,1.6,TOR,12.0,.445,.100,1.300,2.8,9.3,5.9,11.6,3.9,0.0,11.3,20.0,0.0,0.0,0.0,.035,-1.0,0.3,-0.7,0.0
Dorell Wright,SF,30,MIA,5,0,3.8,1.0,2.0,.500,0.4,1.0,.400,0.6,1.0,.600,.600,0.8,0.8,1.000,0.0,1.2,1.2,0.4,0.0,0.0,0.0,0.4,3.2,MIA,36.1,.680,.500,.400,0.0,35.5,18.7,21.6,0.0,0.0,0.0,29.5,0.2,0.0,0.2,.479,9.1,4.6,13.6,0.1
James Young,SG,20,BOS,3,0,3.3,0.3,1.0,.333,0.0,0.3,.000,0.3,0.7,.500,.333,0.0,0.0,,0.0,0.0,0.0,0.0,0.0,0.0,0.3,0.3,0.7,BOS,-6.5,.333,.333,.000,0.0,0.0,0.0,0.0,0.0,0.0,25.0,17.2,0.0,0.0,0.0,-0.201,-11.1,-4.0,-15.1,0.0
Joe Young,PG,23,IND,4,0,2.5,0.8,2.0,.375,0.3,1.0,.250,0.5,1.0,.500,.438,0.5,0.5,1.000,0.0,0.3,0.3,0.3,0.0,0.0,0.5,0.8,2.3,IND,9.7,.507,.500,.250,0.0,10.7,5.7,25.8,0.0,0.0,18.4,52.3,0.0,0.0,0.0,-0.126,-6.1,-4.3,-10.4,0.0
Cody Zeller,C,23,CHO,7,2,19.6,3.0,5.4,.553,0.0,0.0,,3.0,5.4,.553,.553,2.4,3.0,.810,1.3,4.0,5.3,0.3,0.1,0.4,1.0,2.9,8.4,CHO,16.8,.624,.000,.553,7.0,25.1,15.4,2.9,0.4,1.7,12.9,18.9,0.3,0.1,0.4,.141,-0.9,0.5,-0.4,0.1
Tyler Zeller,C,26,BOS,3,0,12.7,2.3,5.0,.467,0.0,0.0,,2.3,5.0,.467,.467,1.3,2.0,.667,1.3,3.7,5.0,0.7,0.0,0.7,0.7,0.3,6.0,BOS,18.8,.510,.000,.400,10.3,32.2,20.6,10.1,0.0,4.7,10.2,22.3,0.0,0.1,0.1,.130,2.9,1.1,4.0,0.1
