Player,Pos,Age,Tm,G,MP,FG%,AvgDistance,2PAr,0-3Ar,3-10Ar,10-16Ar,16-3PAr,3PAr,2P%,0-3%,3-10%,10-16%,16-3P%,3P%,2P_Assisted,3P_Assisted,DunksAr,Dunks,3PCornerAr,3PCorner%,HeavesAttempted,Heaves
Mahmoud Abdul-Rauf,PG,27,SAC,75,2131,.445,18.1,.734,.067,.026,.133,.508,.266,.468,.484,.375,.423,.482,.382,.580,.734,.000,0,.045,.364,0,0
Shareef Abdur-Rahim,PF,20,VAN,80,2802,.453,9.7,.978,.495,.190,.144,.148,.022,.457,.529,.420,.354,.367,.259,.573,.714,.075,85,.111,.333,1,0
Rafael Addison,SF,32,CHH,41,355,.402,15.0,.836,.287,.074,.123,.352,.164,.402,.343,.111,.467,.488,.400,.829,1.000,.008,1,.000,,0,0
Cory Alexander,PG,23,SAS,80,1454,.396,17.8,.486,.224,.047,.055,.159,.514,.420,.418,.565,.185,.462,.373,.330,.574,.006,3,.048,.500,0,0
Jerome Allen,SG,24,TOT,76,943,.353,15.7,.579,.344,.086,.054,.090,.421,.375,.447,.211,.333,.250,.323,.438,.667,.023,4,.194,.333,2,0
Jerome Allen,SG,24,IND,51,692,.388,15.7,.599,.313,.116,.068,.095,.401,.386,.478,.235,.300,.286,.390,.471,.739,.020,2,.220,.462,2,0
Jerome Allen,SG,24,DEN,25,251,.284,15.8,.541,.405,.027,.027,.081,.459,.350,.400,.000,.500,.167,.206,.357,.429,.027,2,.147,.000,0,0
Ray Allen*,SG,21,MIL,82,2532,.430,15.2,.672,.251,.098,.189,.133,.328,.448,.474,.461,.413,.438,.393,.388,.778,.025,21,.171,.490,3,1
Derrick Alston,C,24,ATL,2,11,.000,11.1,1.000,.600,.200,.200,.000,.000,.000,.000,.000,.000,,,,,.000,0,,,0,0
Ashraf Amaya,PF,25,WSB,31,144,.300,10.3,.975,.625,.100,.225,.025,.025,.282,.360,.500,.000,.000,1.000,.455,1.000,.050,2,.000,,0,0
Greg Anderson,C,32,SAS,82,1659,.496,7.0,.996,.824,.149,.023,.000,.004,.498,.500,.513,.333,,.000,.615,,.038,8,.000,,0,0
Kenny Anderson,PG,26,POR,82,3081,.427,13.8,.678,.373,.087,.106,.112,.322,.458,.521,.303,.364,.457,.361,.184,.538,.000,0,.022,.125,0,0
Nick Anderson,SG,29,ORL,63,2163,.397,17.1,.441,.157,.124,.084,.076,.559,.453,.553,.400,.311,.491,.353,.448,.923,.028,19,.121,.490,2,0
Shandon Anderson,SG,23,UTA,65,1066,.462,11.0,.852,.478,.151,.119,.104,.148,.454,.539,.417,.263,.333,.511,.780,.917,.038,11,.043,.000,0,0
Willie Anderson,SG,30,MIA,28,303,.453,12.7,.703,.281,.250,.063,.109,.297,.467,.667,.313,.250,.429,.421,.571,1.000,.031,2,.368,.714,0,0
Greg Anthony,PG,29,VAN,65,1863,.393,16.9,.531,.272,.028,.107,.124,.469,.413,.486,.500,.259,.365,.370,.324,.761,.000,0,.160,.289,0,0
B.J. Armstrong,PG,29,GSW,49,1020,.453,15.2,.725,.202,.089,.153,.281,.275,.519,.712,.483,.420,.446,.278,.504,.920,.000,0,.133,.333,0,0
Darrell Armstrong,PG,28,ORL,67,1010,.383,17.1,.475,.252,.064,.070,.090,.525,.470,.540,.500,.250,.419,.304,.286,.727,.014,5,.144,.462,0,0
Vincent Askew,SG,30,TOT,43,838,.435,11.9,.871,.371,.194,.145,.161,.129,.457,.493,.444,.444,.400,.292,.459,.857,.000,0,.042,1.000,0,0
Vincent Askew,SG,30,NJN,1,7,,,,,,,,,,,,,,,,,,0,,,0,0
Vincent Askew,SG,30,IND,41,822,.432,12.0,.869,.366,.191,.148,.164,.131,.453,.493,.429,.444,.400,.292,.458,.857,.000,0,.042,1.000,0,0
Vincent Askew,SG,30,DEN,1,9,.667,7.3,1.000,.667,.333,.000,.000,.000,.667,.500,1.000,,,,.500,,.000,0,,,0,0
Keith Askins,SF,29,MIA,78,1773,.433,17.7,.461,.182,.085,.034,.160,.539,.469,.586,.259,.273,.490,.401,.696,.942,.013,4,.459,.418,0,0
Stacey Augmon,SG,28,TOT,60,942,.477,8.1,1.000,.586,.223,.141,.050,.000,.477,.550,.367,.355,.455,,.505,,.077,16,,,0,0
Stacey Augmon,SG,28,DET,20,292,.403,9.0,1.000,.610,.182,.195,.013,.000,.403,.447,.429,.267,.000,,.419,,.065,5,,,0,0
Stacey Augmon,SG,28,POR,40,650,.517,7.6,1.000,.573,.245,.112,.070,.000,.517,.610,.343,.438,.500,,.541,,.084,11,,,0,0
Isaac Austin,C,27,MIA,82,1881,.502,8.3,.995,.424,.279,.213,.080,.005,.505,.638,.393,.382,.510,.000,.713,,.121,72,.333,.000,0,0
Vin Baker,PF,25,MIL,78,3159,.505,9.0,.957,.472,.221,.172,.093,.043,.515,.608,.460,.335,.509,.278,.592,.733,.090,109,.037,.500,3,0
Charles Barkley*,PF,33,HOU,53,2009,.484,12.2,.704,.431,.140,.092,.040,.296,.569,.674,.412,.344,.500,.283,.437,.379,.077,51,.176,.417,3,1
Dana Barros,PG,29,BOS,24,708,.435,16.9,.585,.324,.047,.036,.182,.415,.453,.329,.333,.556,.674,.410,.403,.791,.000,0,.162,.588,0,0
Brent Barry,SG,25,LAC,59,1094,.409,16.8,.544,.227,.079,.087,.150,.456,.481,.500,.500,.424,.474,.324,.485,.696,.047,17,.052,.556,2,0
Jon Barry,SG,27,ATL,58,965,.407,18.0,.496,.199,.045,.081,.171,.504,.426,.408,.364,.350,.500,.387,.538,.750,.004,0,.194,.458,0,0
Benoit Benjamin,C,32,TOR,4,44,.417,9.0,1.000,.667,.167,.167,.000,.000,.417,.375,.500,.500,,,1.000,,.083,1,,,0,0
Elmer Bennett,PG,26,TOT,9,75,.316,17.6,.526,.263,.000,.158,.105,.474,.300,.200,,.333,.500,.333,.667,.667,.000,0,.222,.000,0,0
Elmer Bennett,PG,26,HOU,4,16,.333,19.5,.500,.333,.000,.000,.167,.500,.333,.000,,,1.000,.333,1.000,1.000,.000,0,.000,,0,0
Elmer Bennett,PG,26,DEN,5,59,.308,16.7,.538,.231,.000,.231,.077,.462,.286,.333,,.333,.000,.333,.500,.500,.000,0,.333,.000,0,0
Travis Best,PG,24,IND,76,2064,.442,15.1,.750,.279,.060,.132,.279,.250,.467,.532,.405,.402,.445,.368,.355,.754,.000,0,.129,.350,0,0
Mookie Blaylock,PG,29,ATL,78,3056,.432,17.8,.479,.213,.040,.060,.167,.521,.505,.595,.391,.319,.482,.366,.339,.566,.003,2,.156,.436,2,0
Corie Blount,PF,28,LAL,58,1009,.514,8.2,.983,.620,.168,.128,.067,.017,.517,.595,.467,.348,.250,.333,.780,.000,.207,33,.333,1.000,0,0
Muggsy Bogues,PG,32,CHH,65,1880,.460,16.3,.675,.260,.029,.124,.262,.325,.482,.313,.308,.473,.672,.417,.500,.917,.000,0,.028,.750,0,0
Dexter Boney,SG,26,PHO,8,48,.316,14.8,.684,.474,.053,.053,.105,.316,.385,.444,.000,.000,.500,.167,.400,1.000,.158,3,.000,,0,0
Melvin Booker,PG,24,TOT,21,430,.438,15.3,.648,.324,.076,.076,.171,.352,.500,.559,.250,.625,.444,.324,.324,.917,.010,1,.162,.333,0,0
Melvin Booker,PG,24,DEN,5,21,.500,18.0,.500,.250,.000,.250,.000,.500,.500,.000,,1.000,,.500,.000,.000,.000,0,.500,.000,0,0
Melvin Booker,PG,24,GSW,16,409,.436,15.2,.653,.327,.079,.069,.178,.347,.500,.576,.250,.571,.444,.314,.333,1.000,.010,1,.143,.400,0,0
Bruce Bowen,SF,25,MIA,1,1,,,,,,,,,,,,,,,,,,0,,,0,0
Donnie Boyce,SG,23,ATL,22,154,.333,13.6,.746,.429,.095,.063,.159,.254,.404,.481,.167,.500,.300,.125,.526,1.000,.032,2,.063,.000,0,0
Shawn Bradley,C,24,TOT,73,2288,.449,10.0,.991,.250,.299,.308,.134,.009,.453,.540,.417,.391,.512,.000,.599,,.064,53,.125,.000,1,0
Shawn Bradley,C,24,NJN,40,1228,.436,10.5,.989,.232,.270,.344,.143,.011,.441,.547,.374,.408,.477,.000,.633,,.059,24,.000,,1,0
Shawn Bradley,C,24,DAL,33,1060,.461,9.6,.993,.267,.330,.272,.125,.007,.464,.533,.453,.369,.554,.000,.565,,.069,29,.333,.000,0,0
Mark Bradtke,C,28,PHI,36,251,.431,9.0,1.000,.672,.121,.103,.103,.000,.431,.410,.857,.500,.000,,.560,,.052,3,,,0,0
Terrell Brandon,PG,26,CLE,78,2868,.438,15.6,.794,.158,.065,.208,.363,.206,.455,.556,.365,.377,.472,.373,.399,.495,.008,11,.059,.375,0,0
Frank Brickowski,PF,37,BOS,17,255,.438,14.7,.726,.274,.178,.068,.205,.274,.472,.400,.615,.600,.400,.350,.440,1.000,.027,2,.200,.500,0,0
Scott Brooks,PG,31,NYK,38,251,.487,15.9,.692,.205,.128,.128,.231,.308,.519,.500,.600,.600,.444,.417,.500,1.000,.000,0,.083,1.000,0,0
Chucky Brown,SF,28,TOT,70,757,.506,9.9,.961,.357,.195,.221,.188,.039,.520,.691,.500,.382,.379,.167,.675,1.000,.058,9,.333,.000,0,0
Chucky Brown,SF,28,PHO,10,83,.500,9.4,1.000,.462,.038,.231,.269,.000,.500,.750,1.000,.333,.143,,.615,,.115,3,,,0,0
Chucky Brown,SF,28,MIL,60,674,.508,10.0,.953,.336,.227,.219,.172,.047,.525,.674,.483,.393,.455,.167,.688,1.000,.047,6,.333,.000,0,0
Dee Brown,PG,28,BOS,21,522,.367,17.1,.608,.289,.012,.066,.241,.392,.406,.354,.500,.364,.475,.308,.415,.550,.012,2,.169,.636,0,0
Marcus Brown,PG,22,POR,21,184,.400,15.8,.543,.314,.114,.071,.043,.457,.395,.364,.750,.200,.000,.406,.200,.846,.014,1,.031,1.000,0,0
Mike Brown,C,33,PHO,6,83,.417,10.0,1.000,.667,.167,.083,.083,.000,.417,.375,1.000,.000,.000,,.200,,.000,0,,,0,0
P.J. Brown,PF,27,MIA,80,2592,.457,8.8,.997,.357,.299,.253,.088,.003,.459,.577,.378,.373,.500,.000,.733,,.133,83,.500,.000,0,0
Randy Brown,PG,28,CHI,72,1057,.420,12.8,.934,.372,.036,.201,.324,.066,.437,.516,.333,.358,.407,.182,.750,.750,.024,8,.182,.000,0,0
Kobe Bryant*,SF,18,LAL,71,1103,.417,14.5,.678,.365,.090,.104,.118,.322,.437,.487,.395,.273,.460,.375,.408,.765,.043,17,.066,.333,0,0
Mark Bryant,PF,31,PHO,41,1018,.553,7.4,1.000,.342,.502,.135,.022,.000,.553,.574,.529,.568,.667,,.566,,.044,11,,,0,0
Jud Buechler,SF,28,CHI,76,703,.367,16.3,.658,.222,.070,.070,.297,.342,.385,.429,.727,.364,.277,.333,.675,1.000,.051,8,.222,.500,0,0
Matt Bullard,PF,29,HOU,71,1025,.401,18.9,.356,.120,.049,.099,.088,.644,.465,.618,.571,.214,.480,.366,.660,.955,.014,3,.098,.333,0,0
Scott Burrell,SF,26,TOT,57,939,.362,16.0,.572,.325,.055,.041,.155,.428,.368,.375,.333,.273,.405,.353,.667,.976,.022,5,.190,.500,1,0
Scott Burrell,SF,26,CHH,28,482,.344,15.0,.580,.443,.023,.023,.092,.420,.342,.293,.333,.333,.583,.345,.731,1.000,.031,3,.127,.571,0,0
Scott Burrell,SF,26,GSW,29,457,.379,16.8,.564,.214,.086,.057,.214,.436,.392,.533,.333,.250,.333,.361,.613,.955,.014,2,.246,.467,1,0
Willie Burton,SF,28,ATL,24,380,.336,14.2,.603,.371,.103,.052,.078,.397,.371,.372,.333,.167,.556,.283,.577,1.000,.052,4,.130,.500,0,0
Mitchell Butler,SG,26,POR,49,465,.416,14.0,.688,.384,.120,.072,.112,.312,.465,.479,.333,.556,.500,.308,.650,1.000,.032,4,.179,.571,1,0
Jason Caffey,PF,23,CHI,75,1405,.532,7.9,.997,.577,.192,.174,.055,.003,.534,.617,.432,.418,.381,.000,.683,,.148,56,.000,,0,0
Michael Cage,C,35,PHI,82,1247,.468,10.0,1.000,.461,.135,.227,.177,.000,.468,.554,.474,.313,.440,,.667,,.078,11,,,0,0
Adrian Caldwell,PF,30,TOT,45,569,.435,7.9,.978,.598,.315,.033,.033,.022,.444,.545,.310,.000,.333,.000,.550,,.098,9,.000,,0,0
Adrian Caldwell,PF,30,NJN,18,204,.286,9.1,.943,.429,.429,.057,.029,.057,.303,.467,.200,.000,.000,.000,.500,,.086,3,.000,,0,0
Adrian Caldwell,PF,30,PHI,27,365,.526,7.1,1.000,.702,.246,.018,.035,.000,.526,.575,.429,.000,.500,,.567,,.105,6,,,0,0
Marcus Camby,C,22,TOR,63,1897,.482,9.0,.982,.492,.172,.210,.108,.018,.488,.640,.358,.307,.357,.143,.721,1.000,.183,127,.071,.000,1,0
Elden Campbell,PF,28,LAL,77,2516,.469,8.1,.996,.446,.338,.195,.017,.004,.470,.521,.434,.424,.375,.250,.644,1.000,.089,80,.250,.000,0,0
Antoine Carr,PF,35,UTA,82,1460,.483,11.0,.994,.238,.255,.228,.274,.006,.486,.540,.481,.395,.517,.000,.694,,.042,21,.000,,0,0
Chris Carr,SG,22,MIN,55,830,.461,13.8,.675,.258,.114,.214,.089,.325,.514,.629,.581,.466,.208,.352,.628,.935,.077,19,.261,.304,0,0
Jimmy Carruth,PF,27,MIL,4,21,.667,6.4,1.000,.333,.667,.000,.000,.000,.667,1.000,.500,,,,.500,,.000,0,,,0,0
Sam Cassell,PG,27,TOT,61,1714,.430,14.5,.705,.250,.102,.189,.163,.295,.464,.597,.275,.412,.438,.351,.293,.469,.001,1,.022,.400,1,0
Sam Cassell,PG,27,PHO,22,539,.415,13.0,.743,.324,.149,.178,.091,.257,.453,.628,.278,.326,.364,.306,.383,.368,.000,0,.048,.333,0,0
Sam Cassell,PG,27,DAL,16,398,.424,14.2,.703,.224,.127,.139,.212,.297,.474,.622,.286,.435,.457,.306,.309,.533,.006,1,.000,,0,0
Sam Cassell,PG,27,NJN,23,777,.443,15.6,.682,.215,.061,.218,.188,.318,.467,.556,.261,.451,.451,.392,.225,.489,.000,0,.017,.500,1,0
Duane Causwell,C,28,SAC,46,581,.511,9.1,.968,.426,.223,.277,.043,.032,.505,.625,.333,.423,.750,.667,.783,.000,.213,19,.333,1.000,1,0
Cedric Ceballos,SF,27,TOT,50,1426,.457,11.1,.835,.549,.071,.099,.115,.165,.497,.575,.364,.295,.380,.255,.715,.962,.063,37,.284,.172,2,0
Cedric Ceballos,SF,27,LAL,8,279,.410,12.0,.747,.518,.072,.060,.096,.253,.468,.488,.500,.400,.375,.238,.724,1.000,.096,8,.286,.500,0,0
Cedric Ceballos,SF,27,PHO,42,1147,.464,10.9,.848,.554,.071,.105,.118,.152,.501,.588,.342,.286,.381,.259,.714,.952,.058,29,.284,.087,2,0
Tom Chambers,PF,37,CHH,12,83,.226,12.2,.903,.581,.065,.129,.129,.097,.179,.167,.000,.250,.250,.667,.800,1.000,.000,0,.000,,0,0
Rex Chapman,SG,29,PHO,65,1833,.443,17.0,.581,.150,.072,.151,.208,.419,.510,.554,.556,.522,.455,.350,.694,.955,.011,6,.178,.482,0,0
Calbert Cheaney,SG,25,WSB,79,2411,.505,11.7,.959,.333,.126,.225,.275,.041,.521,.613,.543,.415,.488,.133,.723,1.000,.053,39,.167,.400,0,0
Pete Chilcutt,PF,28,VAN,54,662,.436,16.3,.582,.206,.085,.115,.176,.418,.490,.559,.571,.263,.517,.362,.638,.960,.012,2,.087,.500,0,0
Randolph Childress,PG,24,TOT,23,155,.350,16.9,.525,.200,.050,.175,.100,.475,.429,.500,.500,.286,.500,.263,.111,.600,.000,0,.053,1.000,1,0
Randolph Childress,PG,24,POR,19,125,.333,17.2,.467,.233,.067,.067,.100,.533,.500,.429,.500,.500,.667,.188,.000,.667,.000,0,.063,1.000,1,0
Randolph Childress,PG,24,DET,4,30,.400,16.2,.700,.100,.000,.500,.100,.300,.286,1.000,,.200,.000,.667,.500,.500,.000,0,.000,,0,0
Chris Childs,PG,29,NYK,65,2076,.414,16.5,.645,.275,.041,.110,.220,.355,.429,.457,.429,.250,.482,.387,.234,.671,.000,0,.083,.133,3,0
Doug Christie,SG,26,TOR,81,3127,.417,15.0,.596,.314,.085,.116,.081,.404,.440,.567,.296,.264,.351,.384,.410,.884,.064,57,.154,.322,0,0
Derrick Coleman,PF,29,PHI,57,2102,.435,11.2,.858,.347,.196,.219,.096,.142,.463,.552,.482,.344,.375,.269,.566,.844,.094,75,.084,.500,1,0
Bimbo Coles,PG,28,GSW,51,1183,.389,14.9,.675,.274,.115,.121,.166,.325,.434,.547,.361,.316,.385,.294,.467,.833,.003,1,.216,.364,2,0
Marty Conlon,C,29,BOS,74,1614,.471,11.7,.978,.540,.046,.123,.269,.022,.477,.412,.476,.482,.607,.200,.726,1.000,.000,0,.100,.000,0,0
Tyrone Corbin,SF,34,ATL,70,2305,.422,16.5,.653,.235,.037,.090,.292,.347,.457,.504,.455,.296,.469,.356,.816,1.000,.007,4,.087,.167,0,0
Joe Courtney,PF,27,TOT,9,100,.367,11.7,1.000,.233,.200,.200,.367,.000,.367,.714,.167,.000,.455,,.818,,.033,1,,,0,0
Joe Courtney,PF,27,PHI,4,52,.429,14.0,1.000,.214,.071,.214,.500,.000,.429,.667,.000,.000,.571,,.833,,.000,0,,,0,0
Joe Courtney,PF,27,SAS,5,48,.313,9.7,1.000,.250,.313,.188,.250,.000,.313,.750,.200,.000,.250,,.800,,.063,1,,,0,0
John Crotty,PG,27,MIA,48,659,.513,13.5,.682,.461,.052,.071,.097,.318,.562,.606,.125,.091,.933,.408,.441,.950,.000,0,.082,.250,1,0
Terry Cummings,PF,35,SEA,45,828,.486,11.0,.984,.285,.197,.288,.213,.016,.484,.549,.460,.424,.500,.600,.697,1.000,.016,4,.000,,0,0
Earl Cureton,PF,39,TOR,9,46,.375,8.2,1.000,.625,.250,.125,.000,.000,.375,.400,.500,.000,,,.667,,.000,0,,,0,0
Dell Curry,SG,32,CHH,68,2078,.459,15.9,.646,.291,.032,.093,.230,.354,.478,.391,.481,.410,.615,.426,.725,.865,.012,10,.142,.500,0,0
Michael Curry,SG,28,DET,81,1217,.448,14.8,.652,.299,.041,.095,.217,.348,.528,.803,.333,.095,.375,.299,.750,.957,.086,19,.195,.200,0,0
Erick Dampier,C,21,IND,72,1052,.390,8.1,.997,.438,.345,.185,.030,.003,.388,.449,.345,.355,.200,1.000,.600,1.000,.095,30,.000,,0,0
Lloyd Daniels,SG,29,TOT,22,310,.303,18.4,.412,.134,.092,.059,.126,.588,.306,.625,.000,.143,.267,.300,.533,.905,.008,1,.171,.250,0,0
Lloyd Daniels,SG,29,SAC,5,28,.125,20.4,.313,.000,.125,.000,.188,.688,.000,,.000,,.000,.182,,.500,.000,0,.273,.333,0,0
Lloyd Daniels,SG,29,NJN,17,282,.330,18.1,.427,.155,.087,.068,.117,.573,.341,.625,.000,.143,.333,.322,.533,.947,.010,1,.153,.222,0,0
Sasha Danilović,SG,26,TOT,56,1789,.435,16.2,.586,.219,.074,.102,.191,.414,.488,.584,.429,.379,.459,.360,.620,.941,.005,3,.131,.355,1,0
Sasha Danilović,SG,26,MIA,43,1351,.442,16.3,.556,.222,.081,.083,.169,.444,.509,.614,.406,.394,.478,.358,.607,.984,.005,2,.142,.280,1,0
Sasha Danilović,SG,26,DAL,13,438,.420,16.0,.655,.213,.057,.144,.241,.345,.447,.514,.500,.360,.429,.367,.647,.818,.006,1,.100,.667,0,0
Yinka Dare,C,24,NJN,41,313,.352,9.2,1.000,.611,.204,.185,.000,.000,.352,.394,.273,.300,,,.579,,.185,7,,,0,0
Antonio Davis,PF,28,IND,82,2335,.480,9.0,.978,.551,.162,.167,.100,.022,.490,.544,.433,.393,.453,.071,.769,1.000,.159,100,.143,.000,0,0
Ben Davis,PF,24,PHO,20,98,.385,9.0,1.000,.500,.308,.192,.000,.000,.385,.308,.500,.400,,,.500,,.000,0,,,0,0
Dale Davis,PF,27,IND,80,2589,.538,7.2,1.000,.533,.259,.189,.019,.000,.538,.624,.506,.338,.538,,.557,,.170,114,,,0,0
Emanual Davis,PG,28,HOU,13,230,.444,16.3,.500,.352,.037,.056,.056,.500,.444,.526,.000,.000,.667,.444,.500,1.000,.000,0,.259,.714,0,0
Hubert Davis,SG,26,TOR,36,623,.402,17.7,.620,.136,.060,.092,.332,.380,.509,.360,.455,.353,.623,.229,.707,.938,.000,0,.100,.286,0,0
Mark Davis,SF,23,PHI,75,1705,.469,10.6,.826,.585,.099,.086,.056,.174,.514,.565,.509,.304,.300,.258,.608,.917,.116,59,.118,.455,1,0
Todd Day,SG,27,BOS,81,2277,.398,14.8,.652,.404,.081,.099,.066,.348,.418,.369,.494,.545,.424,.362,.592,.905,.014,14,.236,.427,0,0
Andrew DeClercq,C,23,GSW,71,1065,.520,6.9,1.000,.626,.249,.092,.033,.000,.520,.608,.426,.240,.333,,.606,,.132,35,,,0,0
Terry Dehere,PG,25,LAC,73,1053,.386,16.9,.582,.243,.042,.084,.214,.418,.430,.581,.375,.281,.329,.325,.531,.692,.016,6,.050,.500,1,0
Vinny Del Negro,SG,30,SAS,72,2243,.467,15.4,.821,.123,.099,.251,.348,.179,.501,.510,.468,.413,.570,.314,.617,.750,.000,0,.071,.500,0,0
Bison Dele,C,27,CHI,9,138,.413,9.4,1.000,.365,.317,.238,.079,.000,.413,.391,.600,.333,.000,,.577,,.032,2,,,0,0
Tony Delk,PG,23,CHH,61,867,.465,16.1,.563,.336,.023,.074,.129,.438,.465,.442,.833,.421,.485,.464,.537,.673,.016,4,.045,.800,0,0
Dell Demps,SG,26,ORL,2,10,.000,14.6,.667,.333,.333,.000,.000,.333,.000,.000,.000,,,.000,,,.000,0,.000,,0,0
Vlade Divac*,C,28,CHH,81,2840,.494,9.6,.945,.622,.116,.077,.130,.055,.509,.526,.510,.369,.509,.234,.646,1.000,.068,58,.043,.000,3,0
Sherman Douglas,PG,30,MIL,79,2316,.502,11.8,.813,.451,.108,.115,.139,.187,.540,.636,.409,.371,.471,.333,.295,.763,.000,0,.044,.200,1,0
Greg Dreiling,C,34,DAL,40,389,.459,9.8,.986,.311,.243,.378,.054,.014,.452,.522,.500,.357,.500,1.000,.758,1.000,.081,4,.000,,0,0
Clyde Drexler*,SG,34,HOU,62,2271,.442,14.6,.627,.349,.059,.079,.140,.373,.493,.580,.396,.324,.413,.355,.482,.824,.031,28,.140,.447,1,0
Nate Driggers,SG,23,BOS,15,132,.302,12.1,.791,.581,.093,.093,.023,.209,.382,.400,.500,.250,.000,.000,.769,,.116,5,.444,.000,0,0
Kevin Duckworth,C,32,LAC,26,384,.437,10.5,.961,.272,.359,.194,.136,.039,.424,.393,.459,.300,.571,.750,.500,.667,.049,5,.000,,1,0
Chris Dudley,C,31,POR,81,1840,.430,7.5,1.000,.386,.498,.089,.027,.000,.430,.540,.370,.385,.125,,.421,,.109,28,,,0,0
Joe Dumars*,SG,33,DET,79,2923,.440,17.4,.561,.091,.096,.232,.142,.439,.446,.350,.417,.448,.524,.432,.247,.843,.000,0,.138,.396,0,0
Tony Dumas,SG,24,TOT,24,278,.344,14.3,.708,.302,.073,.115,.219,.292,.426,.483,.429,.455,.333,.143,.448,1.000,.031,3,.071,.000,0,0
Tony Dumas,SG,24,DAL,18,227,.351,14.2,.688,.299,.078,.117,.195,.312,.453,.478,.333,.556,.400,.125,.417,1.000,.026,2,.083,.000,0,0
Tony Dumas,SG,24,PHO,6,51,.316,14.6,.789,.316,.053,.105,.316,.211,.333,.500,1.000,.000,.167,.250,.600,1.000,.053,1,.000,,0,0
Acie Earl,C,26,TOT,47,500,.372,9.6,.972,.278,.350,.283,.056,.028,.383,.420,.492,.255,.200,.000,.567,,.033,6,.200,.000,1,0
Acie Earl,C,26,TOR,38,457,.376,9.4,.968,.268,.376,.280,.038,.032,.388,.429,.492,.227,.333,.000,.559,,.032,5,.200,.000,1,0
Acie Earl,C,26,MIL,9,43,.348,10.9,1.000,.348,.174,.304,.174,.000,.348,.375,.500,.429,.000,,.625,,.043,1,,,0,0
Tyus Edney,PG,23,SAC,70,1376,.384,11.9,.893,.407,.161,.156,.169,.107,.407,.465,.429,.262,.379,.190,.338,.875,.003,1,.048,.000,2,0
Blue Edwards,SF,31,VAN,61,1439,.397,15.5,.806,.242,.066,.131,.367,.194,.425,.505,.400,.317,.417,.281,.701,1.000,.013,6,.146,.077,3,0
Kevin Edwards,PG,31,NJN,32,477,.377,16.2,.765,.290,.038,.082,.355,.235,.386,.358,.429,.333,.415,.349,.500,.800,.005,1,.116,.800,1,0
Craig Ehlo,SG,35,SEA,62,848,.351,15.6,.617,.331,.056,.081,.149,.383,.392,.476,.429,.300,.243,.284,.783,.963,.004,1,.326,.355,0,0
Howard Eisley,PG,24,UTA,82,1083,.451,13.7,.766,.360,.091,.107,.208,.234,.504,.640,.393,.364,.391,.278,.420,.650,.000,0,.056,.250,1,0
Mario Elie,SF,33,HOU,78,2687,.497,15.0,.511,.303,.116,.065,.027,.489,.572,.706,.426,.289,.375,.420,.602,.975,.075,40,.185,.453,2,0
Sean Elliott,SF,28,SAS,39,1393,.422,13.9,.728,.375,.069,.099,.185,.272,.456,.552,.375,.283,.384,.333,.539,.976,.063,29,.222,.214,0,0
Dale Ellis,SF,36,DEN,82,2940,.414,18.3,.541,.145,.034,.050,.312,.459,.457,.557,.590,.362,.412,.364,.782,.932,.003,3,.150,.329,0,0
LaPhonso Ellis,PF,26,DEN,55,2002,.439,13.4,.745,.246,.194,.182,.122,.255,.464,.538,.497,.395,.363,.367,.557,.895,.056,53,.039,.500,1,0
Pervis Ellison,PF,29,BOS,6,125,.375,9.1,1.000,.875,.063,.063,.000,.000,.375,.357,1.000,.000,,,.333,,.000,0,,,0,0
Brian Evans,SF,23,ORL,14,59,.364,16.9,.636,.091,.045,.273,.227,.364,.286,1.000,.000,.000,.400,.500,1.000,1.000,.000,0,.500,.500,0,0
Patrick Ewing*,C,34,NYK,78,2887,.488,9.3,.993,.341,.273,.271,.107,.007,.490,.550,.529,.409,.403,.222,.655,1.000,.065,87,.333,.000,0,0
Jamie Feick,PF-C,22,TOT,41,624,.357,11.1,.911,.548,.140,.070,.153,.089,.357,.407,.500,.091,.167,.357,.549,.800,.102,16,.000,,0,0
Jamie Feick,C,22,CHH,3,10,.500,12.3,.750,.750,.000,.000,.000,.250,.333,.333,,,,1.000,1.000,1.000,.250,1,.000,,0,0
Jamie Feick,PF,22,SAS,38,614,.353,11.0,.915,.542,.144,.072,.157,.085,.357,.410,.500,.091,.167,.308,.540,.750,.098,15,.000,,0,0
Duane Ferrell,SF,31,IND,62,1115,.472,13.7,.869,.368,.047,.134,.320,.131,.481,.500,.375,.378,.519,.409,.667,.944,.012,4,.227,.300,0,0
Danny Ferry,PF,30,CLE,82,2633,.429,17.8,.642,.068,.071,.147,.356,.358,.445,.222,.375,.359,.537,.401,.833,.991,.001,1,.187,.340,3,0
Michael Finley,SF,23,TOT,83,2790,.444,14.3,.739,.256,.116,.129,.238,.261,.473,.642,.403,.319,.408,.361,.604,.970,.077,79,.146,.341,2,0
Michael Finley,SF,23,PHO,27,796,.475,13.1,.815,.290,.152,.114,.259,.185,.525,.686,.400,.324,.506,.255,.748,1.000,.088,26,.164,.222,0,0
Michael Finley,SF,23,DAL,56,1994,.432,14.8,.709,.243,.102,.134,.230,.291,.450,.622,.405,.317,.365,.387,.530,.966,.072,53,.142,.375,2,0
Matt Fish,C,27,TOT,6,8,.333,8.0,1.000,.667,.333,.000,.000,.000,.333,.500,.000,,,,.000,,.000,0,,,0,0
Matt Fish,C,27,WSB,5,7,.333,8.0,1.000,.667,.333,.000,.000,.000,.333,.500,.000,,,,.000,,.000,0,,,0,0
Matt Fish,C,27,MIA,1,1,,,,,,,,,,,,,,,,,,0,,,0,0
Derek Fisher,PG,22,LAL,80,921,.397,13.9,.721,.393,.126,.107,.095,.279,.434,.398,.515,.393,.520,.301,.354,.773,.019,5,.041,.333,1,0
Greg Foster,C,28,UTA,79,920,.453,12.4,.988,.302,.163,.192,.331,.012,.450,.500,.350,.404,.481,.667,.670,1.000,.033,8,.667,.500,0,0
Rick Fox,SF,27,BOS,76,2650,.456,13.5,.707,.468,.056,.118,.066,.293,.494,.497,.528,.446,.524,.363,.584,.871,.032,27,.165,.391,1,0
Todd Fuller,C,22,GSW,75,949,.429,8.7,1.000,.410,.248,.263,.071,.000,.429,.514,.424,.286,.421,,.658,,.056,13,,,0,0
Kevin Gamble,SF,31,SAC,62,953,.430,18.6,.608,.063,.038,.115,.392,.392,.397,.500,.545,.273,.402,.482,.696,.870,.003,1,.054,.833,0,0
Kevin Garnett*,SF,20,MIN,77,2995,.499,10.8,.981,.278,.212,.270,.221,.019,.503,.627,.442,.451,.469,.286,.737,1.000,.095,98,.048,.000,0,0
Dean Garrett,C,30,MIN,68,1665,.573,7.0,1.000,.481,.303,.195,.021,.000,.573,.711,.415,.487,.500,,.731,,.221,85,,,0,0
Chris Gatling,PF,29,TOT,47,1283,.525,8.2,.990,.388,.297,.205,.100,.010,.528,.661,.443,.438,.452,.167,.666,1.000,.066,39,.333,.500,0,0
Chris Gatling,PF,29,DAL,44,1191,.533,7.9,.990,.400,.305,.198,.086,.010,.537,.668,.458,.461,.380,.167,.662,1.000,.071,39,.333,.500,0,0
Chris Gatling,PF,29,NJN,3,92,.419,11.9,1.000,.233,.186,.302,.279,.000,.419,.500,.125,.231,.750,,.722,,.000,0,,,0,0
Reggie Geary,PG,23,CLE,39,246,.379,16.1,.638,.293,.034,.155,.155,.362,.378,.412,.000,.333,.444,.381,.429,.500,.017,0,.048,1.000,0,0
Matt Geiger,C,27,CHH,49,1044,.489,8.9,.943,.597,.143,.149,.054,.057,.500,.502,.540,.442,.526,.300,.727,1.000,.137,48,.050,1.000,0,0
Kendall Gill,SF,28,NJN,82,3199,.443,13.3,.849,.350,.070,.168,.260,.151,.462,.566,.294,.316,.463,.336,.568,.946,.036,49,.136,.300,1,0
Armen Gilliam,PF,32,MIL,80,2050,.471,9.3,1.000,.314,.307,.274,.105,.000,.471,.549,.513,.343,.455,,.646,,.034,18,,,0,0
Anthony Goldwire,PG,25,TOT,60,1188,.397,16.6,.536,.312,.030,.058,.136,.464,.379,.388,.400,.211,.422,.418,.164,.750,.000,0,.078,.417,0,0
Anthony Goldwire,PG,25,CHH,33,576,.403,16.9,.468,.318,.026,.026,.097,.532,.361,.245,.500,.500,.667,.439,.269,.750,.000,0,.073,.500,0,0
Anthony Goldwire,PG,25,DEN,27,612,.392,16.3,.597,.307,.034,.085,.170,.403,.390,.519,.333,.133,.300,.394,.098,.750,.000,0,.085,.333,0,0
Greg Graham,SG,26,SEA,28,197,.363,15.6,.613,.325,.050,.075,.163,.388,.408,.500,.000,.333,.385,.290,.650,.889,.025,2,.258,.500,1,0
Brian Grant,PF,24,SAC,24,607,.440,9.4,1.000,.386,.295,.193,.126,.000,.440,.525,.393,.350,.423,,.703,,.077,15,,,0,0
Gary Grant,PG,31,MIA,28,365,.355,17.5,.582,.282,.036,.082,.182,.418,.391,.516,.250,.333,.250,.304,.200,.786,.000,0,.109,.200,3,0
Harvey Grant,PF,31,WSB,78,1604,.411,16.2,.717,.248,.035,.089,.344,.283,.449,.564,.727,.214,.398,.315,.743,1.000,.070,22,.034,.000,3,0
Horace Grant,PF,31,ORL,67,2496,.515,12.1,.991,.311,.114,.157,.410,.009,.518,.676,.456,.349,.481,.167,.765,1.000,.052,34,.167,1.000,0,0
Devin Gray,PF,24,TOT,6,49,.308,9.4,1.000,.846,.077,.038,.038,.000,.308,.364,.000,.000,.000,,.625,,.038,1,,,0,0
Devin Gray,PF,24,SAC,3,25,.273,9.5,1.000,.636,.182,.091,.091,.000,.273,.429,.000,.000,.000,,.333,,.000,0,,,0,0
Devin Gray,PF,24,SAS,3,24,.333,9.2,1.000,1.000,.000,.000,.000,.000,.333,.333,,,,,.800,,.067,1,,,0,0
Evric Gray,SF,27,NJN,5,42,.267,14.7,.733,.400,.000,.267,.067,.267,.273,.333,,.000,1.000,.250,.667,1.000,.067,1,.250,.000,0,0
Jeff Grayer,SG,31,SAC,25,316,.458,11.2,.867,.506,.108,.096,.157,.133,.472,.476,.333,.375,.615,.364,.618,1.000,.024,2,.091,.000,0,0
A.C. Green,PF,33,TOT,83,2492,.483,11.2,.959,.444,.101,.161,.252,.041,.502,.581,.388,.436,.451,.050,.704,.000,.050,24,.050,.000,4,1
A.C. Green,PF,33,PHO,27,548,.477,10.8,.977,.453,.094,.180,.250,.023,.488,.586,.417,.391,.406,.000,.787,,.070,9,.000,,0,0
A.C. Green,PF,33,DAL,56,1944,.486,11.4,.952,.441,.104,.154,.253,.048,.507,.580,.378,.455,.467,.059,.674,.000,.042,15,.059,.000,4,1
Litterial Green,PG,26,DET,45,311,.469,13.2,.844,.344,.047,.125,.328,.156,.556,.773,.000,.500,.429,.000,.433,,.031,2,.000,,0,0
Tom Gugliotta,PF,27,MIN,81,3131,.442,12.4,.931,.311,.143,.168,.308,.069,.456,.506,.401,.373,.476,.258,.648,.958,.046,58,.086,.250,0,0
Jack Haley,C,33,NJN,20,74,.351,9.2,1.000,.324,.297,.270,.108,.000,.351,.750,.182,.200,.000,,.538,,.054,2,,,0,0
Darvin Ham,SF,23,TOT,36,318,.532,7.3,1.000,.726,.129,.048,.097,.000,.532,.622,.000,.667,.500,,.697,,.355,21,,,0,0
Darvin Ham,SF,23,DEN,35,313,.525,7.4,1.000,.721,.131,.049,.098,.000,.525,.614,.000,.667,.500,,.688,,.344,20,,,0,0
Darvin Ham,SF,23,IND,1,5,1.000,1.2,1.000,1.000,.000,.000,.000,.000,1.000,1.000,,,,,1.000,,1.000,1,,,0,0
Steve Hamer,C,23,BOS,35,268,.526,7.9,.965,.561,.263,.105,.035,.035,.545,.594,.533,.333,.500,.000,.633,,.088,5,.000,,0,0
Tom Hammonds,PF,29,DEN,81,1758,.480,8.3,.995,.415,.334,.188,.058,.005,.482,.533,.459,.400,.522,.000,.665,,.116,39,.000,,0,0
Darrin Hancock,SF,25,TOT,24,133,.457,7.6,1.000,.800,.114,.086,.000,.000,.457,.536,.000,.333,,,.688,,.200,7,,,0,0
Darrin Hancock,SF,25,MIL,9,39,.333,7.2,1.000,.333,.333,.333,.000,.000,.333,1.000,.000,.000,,,1.000,,.167,1,,,0,0
Darrin Hancock,SF,25,ATL,14,86,.481,7.7,1.000,.889,.074,.037,.000,.000,.481,.500,.000,1.000,,,.615,,.222,6,,,0,0
Darrin Hancock,SF,25,SAS,1,8,.500,7.5,1.000,1.000,.000,.000,.000,.000,.500,.500,,,,,1.000,,.000,0,,,0,0
Anfernee Hardaway,PG,25,ORL,59,2221,.447,12.9,.716,.342,.168,.109,.097,.284,.499,.606,.443,.350,.385,.318,.396,.682,.066,58,.071,.474,3,0
Tim Hardaway*,PG,30,MIA,81,3136,.415,16.1,.574,.199,.149,.092,.134,.426,.469,.547,.393,.346,.519,.344,.132,.483,.000,0,.053,.387,5,1
Derek Harper,PG,35,DAL,75,2210,.444,15.3,.739,.258,.025,.113,.343,.261,.480,.609,.412,.355,.429,.341,.448,.717,.004,3,.159,.250,0,0
Ron Harper,PG,33,CHI,76,1740,.436,16.1,.537,.229,.084,.108,.116,.463,.500,.602,.529,.341,.426,.362,.661,.941,.007,3,.165,.452,0,0
Othella Harrington,PF,23,HOU,57,860,.549,7.8,.985,.505,.304,.108,.069,.015,.557,.592,.581,.364,.500,.000,.688,,.020,3,.000,,0,0
Lucious Harris,SG,26,PHI,54,813,.381,16.5,.663,.214,.037,.133,.279,.337,.390,.524,.273,.256,.366,.364,.671,.889,.010,3,.121,.500,0,0
Antonio Harvey,PF,26,SEA,6,26,.455,9.6,1.000,.545,.182,.182,.091,.000,.455,.500,.000,1.000,.000,,.800,,.091,1,,,0,0
Hersey Hawkins,SG,30,SEA,82,2755,.464,15.3,.553,.284,.078,.077,.114,.447,.514,.637,.387,.279,.451,.403,.668,.951,.001,1,.161,.404,0,0
Michael Hawkins,PG,24,BOS,29,326,.426,16.3,.544,.382,.029,.000,.132,.456,.514,.538,.500,,.444,.323,.474,.900,.000,0,.032,1.000,0,0
Shane Heal,PG,26,MIN,43,236,.268,20.8,.330,.103,.000,.021,.206,.670,.188,.200,,.000,.200,.308,.000,.700,.000,0,.062,.500,0,0
Alan Henderson,PF,24,ATL,30,501,.475,8.3,1.000,.574,.160,.204,.062,.000,.475,.591,.462,.242,.200,,.636,,.117,19,,,0,0
Mark Hendrickson,PF,22,PHI,29,301,.416,13.1,.844,.455,.039,.156,.195,.156,.446,.457,.333,.583,.333,.250,.552,1.000,.013,1,.083,.000,0,0
Carl Herrera,PF,30,SAS,75,1837,.433,10.2,.990,.386,.250,.209,.145,.010,.434,.437,.399,.460,.453,.333,.655,1.000,.062,29,.000,,0,0
Grant Hill*,SF,24,DET,80,3147,.496,11.0,.974,.356,.133,.253,.231,.026,.502,.618,.357,.417,.498,.303,.228,.900,.060,69,.061,.000,1,0
Tyrone Hill,C,28,CLE,74,2582,.600,6.0,.998,.701,.222,.071,.005,.002,.601,.655,.515,.381,.000,.000,.630,,.118,68,.000,,0,0
Fred Hoiberg,SG,24,IND,47,572,.429,15.6,.551,.333,.026,.071,.122,.449,.442,.558,.250,.273,.263,.414,.658,.931,.032,5,.100,.429,0,0
Jeff Hornacek,SG,33,UTA,82,2592,.482,14.8,.772,.224,.118,.124,.305,.228,.516,.594,.446,.434,.521,.369,.666,.861,.000,0,.108,.571,0,0
Robert Horry,SF,26,TOT,54,1395,.436,15.7,.572,.281,.081,.089,.122,.428,.524,.644,.448,.344,.432,.318,.685,.959,.089,31,.104,.438,2,0
Robert Horry,SF,26,PHO,32,719,.421,15.5,.600,.292,.087,.087,.133,.400,.496,.614,.471,.294,.385,.308,.655,1.000,.077,14,.154,.417,2,0
Robert Horry,SF,26,LAL,22,676,.455,16.0,.539,.267,.073,.091,.109,.461,.562,.682,.417,.400,.500,.329,.720,.920,.103,17,.053,.500,0,0
Allan Houston,SG,25,NYK,81,2681,.423,16.2,.628,.172,.082,.178,.196,.372,.446,.480,.435,.364,.495,.385,.516,.804,.017,18,.102,.385,0,0
Juwan Howard,SF,23,WSB,82,3324,.486,9.9,.998,.312,.202,.372,.112,.002,.487,.593,.423,.415,.544,.000,.616,,.059,76,.000,,0,0
Stephen Howard,SF,26,TOT,49,418,.574,6.4,1.000,.685,.231,.074,.009,.000,.574,.635,.480,.375,.000,,.677,,.019,2,,,0,0
Stephen Howard,SF,26,SAS,7,69,.583,5.7,1.000,.583,.167,.250,.000,.000,.583,.857,.000,.333,,,.714,,.083,1,,,0,0
Stephen Howard,SF,26,UTA,42,349,.573,6.5,1.000,.698,.240,.052,.010,.000,.573,.612,.522,.400,.000,,.673,,.010,1,,,0,0
Lindsey Hunter,PG,26,DET,82,3023,.404,17.1,.551,.199,.047,.131,.174,.449,.444,.531,.429,.358,.414,.355,.396,.892,.011,11,.267,.392,1,0
Bobby Hurley,PG,25,SAC,49,632,.368,17.7,.640,.168,.024,.104,.344,.360,.400,.333,.000,.231,.512,.311,.500,.857,.000,0,.089,.750,0,0
Allen Iverson*,PG,21,PHI,76,3045,.416,14.3,.697,.418,.068,.106,.104,.303,.448,.474,.485,.319,.452,.341,.274,.568,.023,34,.068,.516,4,0
Jaren Jackson,SG,29,WSB,75,1133,.407,17.1,.520,.252,.015,.112,.140,.480,.474,.554,.200,.270,.522,.335,.568,.868,.000,0,.354,.321,1,0
Jim Jackson,SG-SF,26,TOT,77,2831,.431,12.9,.760,.362,.128,.147,.122,.240,.458,.542,.356,.318,.484,.348,.587,.872,.041,41,.194,.333,4,0
Jim Jackson,SG,26,DAL,46,1676,.442,12.5,.764,.345,.136,.168,.114,.236,.477,.562,.350,.354,.552,.331,.612,.935,.053,30,.230,.375,2,0
Jim Jackson,SF,26,NJN,31,1155,.417,13.3,.755,.385,.118,.118,.134,.245,.432,.518,.365,.250,.407,.370,.549,.800,.025,11,.148,.250,2,0
Mark Jackson,PG,31,TOT,82,3054,.426,13.1,.738,.362,.200,.106,.069,.262,.445,.508,.419,.403,.255,.371,.274,.803,.000,0,.011,.000,5,0
Mark Jackson,PG,31,DEN,52,2001,.425,13.2,.732,.325,.210,.117,.080,.268,.435,.524,.400,.340,.306,.397,.299,.813,.000,0,.017,.000,4,0
Mark Jackson,PG,31,IND,30,1053,.427,12.8,.749,.436,.181,.084,.048,.251,.465,.485,.463,.579,.091,.316,.228,.778,.000,0,.000,,1,0
Henry James,PF,31,ATL,53,945,.408,18.8,.408,.124,.046,.118,.121,.592,.392,.421,.357,.417,.351,.420,.531,.829,.000,0,.243,.455,1,0
Chris Jent,SF,27,NYK,3,10,.333,18.8,.500,.333,.000,.000,.167,.500,.000,.000,,,.000,.667,,1.000,.000,0,.333,1.000,0,0
Avery Johnson,PG,31,SAS,76,2472,.477,11.6,.962,.480,.070,.105,.307,.038,.487,.532,.458,.389,.457,.231,.371,1.000,.001,1,.000,,0,0
Eddie Johnson,SF,37,TOT,52,913,.442,16.8,.638,.174,.047,.127,.290,.362,.481,.571,.471,.348,.486,.374,.757,.939,.000,0,.145,.474,0,0
Eddie Johnson,SF,37,IND,28,306,.434,16.5,.794,.125,.044,.132,.493,.206,.463,.588,.167,.333,.493,.321,.840,.889,.000,0,.107,.000,0,0
Eddie Johnson,SF,37,HOU,24,607,.447,17.0,.544,.204,.049,.124,.168,.456,.496,.565,.636,.357,.474,.388,.689,.950,.000,0,.155,.563,0,0
Ervin Johnson,C,29,DEN,82,2599,.520,7.9,.996,.507,.268,.133,.088,.004,.523,.603,.504,.387,.317,.000,.584,,.122,54,.000,,0,0
Kevin Johnson,PG,30,PHO,70,2658,.496,13.5,.773,.361,.064,.130,.218,.227,.512,.620,.474,.310,.464,.441,.230,.551,.001,1,.099,.400,2,0
Larry Johnson,SF,27,NYK,76,2613,.512,10.3,.857,.533,.136,.143,.045,.143,.543,.584,.540,.371,.606,.324,.556,.941,.027,20,.076,.250,1,0
Charles Jones,PF,39,HOU,12,93,.400,7.2,1.000,.600,.200,.000,.200,.000,.400,.667,.000,,.000,,1.000,,.200,1,,,0,0
Eddie Jones,SG,25,LAL,80,2998,.438,14.5,.640,.375,.072,.093,.100,.360,.464,.541,.423,.267,.389,.391,.567,.822,.072,69,.154,.517,0,0
Popeye Jones,PF,26,TOR,79,2421,.480,11.1,.976,.354,.209,.209,.207,.024,.490,.511,.473,.500,.459,.077,.658,1.000,.006,3,.231,.000,2,0
Michael Jordan*,SG,33,CHI,82,3106,.486,14.4,.843,.180,.077,.304,.283,.157,.507,.524,.476,.492,.521,.374,.502,.739,.027,49,.057,.412,0,0
Reggie Jordan,SG,29,TOT,19,130,.615,6.4,1.000,.769,.192,.000,.038,.000,.615,.650,.600,,.000,,.438,,.192,5,,,0,0
Reggie Jordan,SG,29,POR,9,99,.500,7.9,1.000,.625,.313,.000,.063,.000,.500,.500,.600,,.000,,.375,,.125,2,,,0,0
Reggie Jordan,SG,29,MIN,10,31,.800,4.0,1.000,1.000,.000,.000,.000,.000,.800,.800,,,,,.500,,.300,3,,,0,0
Adam Keefe,C,26,UTA,62,915,.513,8.7,.994,.556,.206,.138,.094,.006,.516,.618,.303,.500,.400,.000,.829,,.119,18,.000,,0,0
Shawn Kemp,PF,27,SEA,81,2750,.510,8.6,.968,.578,.169,.084,.138,.032,.515,.577,.460,.356,.415,.364,.665,.917,.175,166,.182,.167,0,0
Tim Kempton,PF,33,SAS,10,59,.200,11.0,1.000,.600,.000,.200,.200,.000,.200,.333,,.000,.000,,1.000,,.000,0,,,0,0
Steve Kerr,PG,31,CHI,82,1861,.533,19.2,.493,.041,.028,.154,.270,.507,.604,.526,.538,.514,.675,.464,.741,.936,.000,0,.042,.500,0,0
Jerome Kersey,SF,34,LAL,70,1766,.432,13.7,.855,.316,.098,.134,.307,.145,.461,.472,.500,.383,.471,.262,.684,.882,.022,9,.092,.167,0,0
Jason Kidd*,PG,23,TOT,55,1964,.403,14.7,.688,.323,.072,.108,.185,.312,.418,.515,.342,.246,.378,.370,.388,.705,.028,14,.158,.269,2,0
Jason Kidd*,PG,23,DAL,22,791,.369,14.3,.680,.330,.069,.128,.153,.320,.391,.478,.286,.269,.355,.323,.315,.667,.005,1,.185,.250,1,0
Jason Kidd*,PG,23,PHO,33,1173,.423,14.9,.693,.319,.074,.095,.206,.307,.434,.538,.375,.226,.388,.400,.429,.725,.043,13,.140,.286,1,0
Frankie King,SG,24,PHI,7,59,.412,12.2,.882,.588,.118,.059,.118,.118,.400,.300,.500,1.000,.500,.500,.167,.000,.000,0,.500,1.000,0,0
Jimmy King,SG,23,DEN,2,22,.333,9.6,1.000,.667,.167,.000,.167,.000,.333,.250,.000,,1.000,,.000,,.000,0,,,0,0
Stacey King,C,30,TOT,11,103,.500,7.4,1.000,.682,.136,.136,.045,.000,.500,.467,.667,.667,.000,,.636,,.000,0,,,0,0
Stacey King,C,30,BOS,5,33,.714,7.0,1.000,.714,.000,.143,.143,.000,.714,.800,,1.000,.000,,.800,,.000,0,,,0,0
Stacey King,C,30,DAL,6,70,.400,7.5,1.000,.667,.200,.133,.000,.000,.400,.300,.667,.500,,,.500,,.000,0,,,0,0
Kerry Kittles,SG,22,NJN,82,3012,.426,15.6,.648,.258,.078,.109,.202,.352,.453,.586,.344,.331,.392,.377,.628,.829,.047,55,.091,.368,1,0
Joe Kleine,C,35,TOT,59,848,.406,12.3,.982,.282,.118,.282,.300,.018,.401,.521,.450,.250,.412,.667,.731,1.000,.012,2,.000,,0,0
Joe Kleine,C,35,PHO,23,365,.400,12.6,.988,.200,.125,.313,.350,.013,.392,.625,.400,.160,.464,1.000,.839,1.000,.013,1,.000,,0,0
Joe Kleine,C,35,LAL,8,30,.250,13.6,1.000,.250,.125,.250,.375,.000,.250,.000,.000,.500,.333,,.500,,.000,0,,,0,0
Joe Kleine,C,35,NJN,28,453,.427,11.8,.976,.366,.110,.256,.244,.024,.425,.500,.556,.333,.350,.500,.647,1.000,.012,1,.000,,0,0
Travis Knight,C,22,LAL,71,1156,.509,8.8,1.000,.556,.178,.138,.127,.000,.509,.569,.510,.368,.400,,.679,,.153,41,,,0,0
Larry Krystkowiak,PF,32,LAL,3,11,.500,11.1,1.000,.500,.000,.000,.500,.000,.500,1.000,,,.000,,1.000,,.000,0,,,0,0
Toni Kukoč*,SF,28,CHI,57,1610,.471,13.5,.750,.331,.089,.127,.203,.250,.518,.620,.426,.416,.455,.331,.668,.920,.060,35,.113,.471,0,0
Christian Laettner,PF,27,ATL,82,3140,.486,11.2,.922,.384,.150,.195,.193,.078,.497,.547,.491,.368,.532,.352,.534,.774,.025,27,.068,.333,3,0
Andrew Lang,C,30,MIL,52,1194,.464,8.4,1.000,.395,.343,.202,.060,.000,.464,.531,.506,.240,.533,,.617,,.101,24,,,0,0
Antonio Lang,PF,24,CLE,64,843,.420,11.3,.963,.475,.130,.123,.235,.037,.436,.506,.333,.350,.395,.000,.750,,.080,12,.167,.000,1,0
Priest Lauderdale,C,23,ATL,35,180,.551,7.1,.989,.506,.258,.191,.034,.011,.557,.644,.565,.294,.667,.000,.776,,.236,19,.000,,0,0
Eric Leckner,C,30,TOT,20,126,.424,8.9,1.000,.515,.242,.182,.061,.000,.424,.471,.625,.167,.000,,.571,,.152,4,,,0,0
Eric Leckner,C,30,CHH,1,11,.000,12.9,1.000,1.000,.000,.000,.000,.000,.000,.000,,,,,,,.000,0,,,0,0
Eric Leckner,C,30,VAN,19,115,.467,8.5,1.000,.467,.267,.200,.067,.000,.467,.571,.625,.167,.000,,.571,,.167,4,,,0,0
Tim Legler,SG,30,WSB,15,182,.313,18.8,.396,.125,.063,.083,.125,.604,.368,.500,.000,1.000,.000,.276,.286,1.000,.000,0,.069,.500,0,0
Voshon Lenard,SG,23,MIA,73,2111,.459,18.4,.354,.151,.066,.048,.089,.646,.541,.680,.467,.273,.508,.414,.649,.918,.007,5,.238,.457,0,0
Martin Lewis,SF,21,TOR,9,50,.429,11.5,.786,.357,.143,.214,.071,.214,.455,.800,.000,.333,.000,.333,.400,1.000,.071,1,.000,,0,0
Alton Lister,C,38,BOS,53,516,.416,10.0,1.000,.506,.247,.169,.078,.000,.416,.282,.632,.385,.667,,.531,,.026,2,,,0,0
Randy Livingston,PG,21,HOU,64,981,.437,10.3,.904,.572,.162,.096,.074,.096,.440,.489,.405,.364,.235,.409,.527,.556,.004,1,.091,1.000,2,0
Horacio Llamas,C,23,PHO,20,101,.536,9.9,1.000,.321,.250,.179,.250,.000,.536,.667,.429,.200,.714,,.733,,.000,0,,,0,0
Brad Lohaus,PF,32,TOR,6,45,.267,17.6,.533,.067,.067,.267,.133,.467,.250,.000,1.000,.250,.000,.286,.500,1.000,.000,0,.143,1.000,0,0
Grant Long,PF,30,DET,65,1166,.447,12.3,.829,.375,.131,.145,.178,.171,.465,.563,.444,.350,.367,.362,.642,1.000,.073,20,.191,.333,0,0
John Long,SG,40,TOR,32,370,.393,17.3,.709,.162,.051,.094,.402,.291,.410,.263,.500,.364,.468,.353,.794,1.000,.000,0,.265,.222,0,0
Luc Longley,C,28,CHI,59,1472,.456,9.4,.996,.404,.252,.235,.105,.004,.458,.505,.434,.377,.510,.000,.715,,.058,25,.000,,0,0
George Lynch,SF,26,VAN,41,1059,.471,11.9,.893,.426,.107,.151,.210,.107,.496,.621,.516,.318,.361,.258,.643,.750,.052,15,.065,.500,2,0
Sam Mack,SF,26,HOU,52,904,.401,16.8,.458,.263,.050,.073,.073,.542,.483,.594,.462,.211,.368,.331,.621,.936,.019,5,.134,.316,1,1
Don MacLean,SF,27,PHI,37,733,.447,12.1,.896,.299,.151,.271,.175,.104,.462,.523,.491,.404,.422,.316,.675,.917,.027,10,.184,.286,0,0
Rick Mahorn,C,38,DET,22,218,.370,11.1,.981,.370,.185,.278,.148,.019,.377,.350,.400,.333,.500,.000,.750,,.000,0,.000,,0,0
Dan Majerle,SF,31,MIA,36,1264,.406,17.0,.421,.256,.072,.040,.052,.579,.500,.618,.240,.143,.556,.338,.589,.882,.029,9,.149,.367,0,0
Karl Malone*,PF,33,UTA,82,2998,.550,10.6,.992,.402,.089,.238,.262,.008,.555,.685,.443,.396,.536,.000,.777,,.043,65,.000,,1,0
Matt Maloney,PG,25,HOU,82,2386,.441,18.5,.380,.190,.034,.052,.104,.620,.500,.564,.381,.438,.453,.404,.521,.838,.000,0,.092,.400,0,0
Danny Manning,PF,30,PHO,77,2134,.536,8.7,.955,.409,.269,.205,.072,.045,.552,.702,.500,.374,.404,.194,.714,.714,.029,21,.139,.400,0,0
Rich Manning,PF,26,TOT,26,201,.390,11.7,.951,.256,.183,.329,.183,.049,.385,.333,.267,.407,.533,.500,.800,.500,.024,2,.000,,1,0
Rich Manning,PF,26,VAN,16,128,.375,11.0,.938,.188,.271,.333,.146,.063,.356,.333,.231,.375,.571,.667,.813,.500,.042,2,.000,,0,0
Rich Manning,PF,26,LAC,10,73,.412,12.6,.971,.353,.059,.324,.235,.029,.424,.333,.500,.455,.500,.000,.786,,.000,0,.000,,1,0
Stephon Marbury,PG,19,MIN,67,2324,.408,14.9,.669,.383,.068,.094,.124,.331,.434,.482,.271,.329,.454,.354,.253,.392,.016,10,.101,.483,6,0
Šarūnas Marčiulionis*,SG,32,DEN,17,255,.376,15.4,.703,.218,.050,.198,.238,.297,.380,.409,.400,.150,.542,.367,.556,.727,.000,0,.133,.500,0,0
Donny Marshall,SF,24,CLE,56,548,.325,18.0,.456,.181,.063,.100,.113,.544,.260,.345,.100,.125,.333,.379,.474,.788,.013,2,.184,.563,0,0
Donyell Marshall,SF,23,GSW,61,1022,.413,13.0,.736,.323,.162,.112,.140,.264,.448,.588,.309,.319,.390,.315,.655,.943,.093,38,.216,.333,0,0
Cuonzo Martin,SG,25,MIL,3,13,.000,18.7,.714,.143,.000,.000,.571,.286,.000,.000,,,.000,.000,,,.000,0,.500,.000,0,0
Darrick Martin,PG,25,LAC,82,1820,.407,15.2,.674,.391,.054,.056,.173,.326,.415,.431,.359,.375,.411,.389,.119,.538,.000,0,.043,.600,1,0
Jamal Mashburn,SF,24,TOT,69,2164,.385,14.8,.627,.248,.140,.155,.085,.373,.421,.484,.375,.339,.460,.325,.413,.922,.017,10,.137,.447,1,0
Jamal Mashburn,SF,24,DAL,37,975,.372,14.6,.652,.293,.104,.149,.106,.348,.400,.436,.385,.321,.425,.321,.357,.905,.013,3,.084,.455,0,0
Jamal Mashburn,SF,24,MIA,32,1189,.398,15.0,.602,.202,.177,.161,.063,.398,.443,.554,.369,.356,.522,.329,.469,.938,.022,7,.185,.444,1,0
Anthony Mason,PF,30,CHH,73,3143,.525,8.5,.996,.641,.131,.155,.069,.004,.526,.509,.454,.555,.754,.333,.438,.000,.018,15,.000,,0,0
Tony Massenburg,PF,29,NJN,79,1954,.485,7.9,.998,.513,.303,.133,.049,.002,.486,.560,.438,.317,.455,.000,.589,,.122,50,.000,,0,0
Vernon Maxwell,SG,31,SAS,72,2068,.375,16.0,.589,.269,.050,.096,.174,.411,.421,.557,.244,.195,.386,.309,.596,.887,.004,4,.188,.314,0,0
Lee Mayberry,PG,26,VAN,80,1952,.403,18.0,.403,.189,.111,.046,.057,.597,.443,.543,.463,.176,.286,.376,.212,.771,.005,2,.118,.269,3,0
Walter McCarty,PF,22,NYK,35,192,.382,12.8,.794,.265,.206,.221,.103,.206,.407,.500,.357,.400,.286,.286,.682,1.000,.088,5,.429,.333,0,0
Amal McCaskill,C,23,ORL,17,109,.313,14.4,.938,.313,.156,.188,.281,.063,.333,.400,.600,.167,.222,.000,.400,,.063,1,.000,,1,0
George McCloud,SF,29,TOT,64,1493,.412,16.8,.561,.183,.061,.093,.223,.439,.429,.481,.429,.278,.450,.390,.662,.929,.012,7,.185,.404,0,0
George McCloud,SF,29,DAL,41,1207,.423,16.4,.575,.191,.064,.093,.226,.425,.455,.511,.387,.289,.495,.380,.643,.910,.015,7,.215,.386,0,0
George McCloud,SF,29,LAL,23,286,.354,18.5,.490,.146,.042,.094,.208,.510,.277,.286,.750,.222,.200,.429,.846,1.000,.000,0,.061,.667,0,0
Xavier McDaniel,PF,33,NJN,62,1170,.389,12.0,.930,.270,.180,.313,.166,.070,.403,.448,.359,.396,.390,.200,.504,.800,.017,6,.160,.500,1,0
Antonio McDyess,PF,22,DEN,74,2565,.463,10.9,.970,.313,.192,.266,.199,.030,.472,.577,.450,.403,.422,.171,.734,1.000,.117,117,.000,,0,0
Jim McIlvaine,C,24,SEA,82,1477,.471,8.1,.975,.507,.236,.152,.076,.025,.480,.579,.338,.405,.429,.143,.690,1.000,.170,42,.000,,0,0
Jeff McInnis,PG,22,DEN,13,117,.469,17.1,.469,.163,.122,.082,.102,.531,.478,.625,.667,.250,.200,.462,.091,.667,.000,0,.000,,0,0
Derrick McKey,SF,30,IND,50,1449,.391,11.7,.847,.340,.185,.203,.119,.153,.414,.512,.329,.325,.422,.259,.556,.933,.024,9,.086,.400,0,0
Aaron McKie,SG,24,TOT,83,1625,.411,14.1,.718,.340,.099,.134,.145,.282,.416,.573,.139,.224,.415,.398,.394,.878,.014,5,.214,.409,2,0
Aaron McKie,SG,24,POR,41,775,.340,16.2,.647,.244,.109,.122,.173,.353,.297,.342,.235,.158,.370,.418,.333,1.000,.000,0,.145,.250,1,0
Aaron McKie,SG,24,DET,42,850,.464,12.6,.770,.411,.091,.144,.124,.230,.491,.674,.053,.267,.462,.375,.418,.722,.024,5,.292,.500,1,0
Nate McMillan,PG,32,SEA,37,798,.409,18.7,.436,.188,.047,.027,.174,.564,.508,.571,.429,.500,.462,.333,.636,1.000,.000,0,.071,.000,1,0
Loren Meyer,PF,24,TOT,54,708,.443,10.1,.971,.357,.238,.189,.189,.029,.439,.586,.397,.348,.304,.571,.760,.750,.061,14,.143,1.000,1,0
Loren Meyer,PF,24,DAL,19,259,.436,10.1,.974,.372,.167,.167,.269,.026,.434,.517,.462,.385,.333,.500,.818,1.000,.064,5,.000,,0,0
Loren Meyer,PF,24,PHO,35,449,.446,10.1,.970,.349,.271,.199,.151,.030,.441,.621,.378,.333,.280,.600,.732,.667,.060,9,.200,1.000,1,0
Anthony Miller,PF,25,ATL,1,14,.000,10.9,1.000,.600,.400,.000,.000,.000,.000,.000,.000,,,,,,.000,0,,,0,0
Oliver Miller,C,26,TOT,61,1152,.517,6.5,.992,.634,.256,.063,.038,.008,.521,.589,.443,.400,.111,.000,.659,,.055,13,.000,,0,0
Oliver Miller,C,26,DAL,42,836,.494,6.5,.994,.623,.273,.065,.032,.006,.497,.552,.452,.300,.200,.000,.697,,.052,8,.000,,0,0
Oliver Miller,C,26,TOR,19,316,.560,6.6,.988,.655,.226,.060,.048,.012,.566,.655,.421,.600,.000,.000,.596,,.060,5,.000,,0,0
Reggie Miller*,SG,31,IND,81,2966,.444,17.8,.569,.148,.044,.134,.243,.431,.456,.549,.382,.347,.474,.427,.598,.808,.006,8,.114,.361,2,0
Chris Mills,SF,27,CLE,80,3167,.453,14.5,.754,.252,.111,.148,.244,.246,.473,.556,.444,.394,.450,.391,.705,.919,.025,22,.118,.346,2,0
Terry Mills,PF,29,DET,79,1997,.444,19.1,.409,.093,.083,.093,.141,.591,.477,.446,.483,.508,.475,.422,.518,.960,.004,3,.169,.386,4,0
Greg Minor,SF,25,BOS,23,547,.480,12.2,.959,.408,.087,.245,.219,.041,.495,.325,.588,.583,.674,.125,.656,1.000,.000,0,.250,.000,0,0
Sam Mitchell,SF,33,MIN,82,2044,.446,12.2,.959,.315,.153,.149,.342,.041,.458,.553,.446,.356,.422,.160,.751,.750,.025,15,.280,.286,1,0
Eric Mobley,C,26,VAN,28,307,.444,7.9,1.000,.683,.159,.143,.016,.000,.444,.512,.400,.111,1.000,,.679,,.254,15,,,0,0
Eric Montross,C,25,TOT,78,1828,.456,7.4,1.000,.367,.473,.129,.034,.000,.456,.570,.442,.200,.417,,.478,,.100,31,,,0,0
Eric Montross,C,25,DAL,47,984,.460,7.2,1.000,.417,.412,.134,.043,.000,.460,.551,.468,.160,.500,,.547,,.112,19,,,0,0
Eric Montross,C,25,NJN,31,844,.451,7.6,1.000,.309,.543,.123,.025,.000,.451,.600,.420,.250,.250,,.397,,.086,12,,,0,0
Tracy Moore,SG,31,HOU,27,237,.388,16.6,.494,.282,.047,.059,.106,.506,.524,.583,.500,.000,.667,.256,.727,.818,.012,0,.116,.400,0,0
Chris Morris,SF,31,UTA,73,977,.408,14.1,.622,.344,.037,.137,.104,.378,.489,.621,.000,.195,.613,.274,.681,1.000,.060,17,.142,.438,0,0
Lawrence Moten,SG,24,VAN,67,1214,.388,14.0,.680,.365,.086,.095,.134,.320,.433,.540,.395,.262,.288,.291,.600,.854,.039,15,.177,.280,0,0
Alonzo Mourning*,C,26,MIA,66,2320,.534,7.9,.990,.415,.318,.180,.078,.010,.539,.657,.441,.409,.609,.111,.638,1.000,.151,131,.111,.000,0,0
Chris Mullin*,SF,33,GSW,79,2733,.553,14.9,.745,.271,.038,.088,.347,.255,.602,.735,.500,.443,.549,.411,.752,.880,.005,4,.109,.500,0,0
Eric Murdock,PG,28,DEN,12,114,.455,14.8,.697,.242,.121,.182,.152,.303,.478,.500,.500,.667,.200,.400,.091,.750,.000,0,.000,,0,0
Gheorghe Mureșan,C,25,WSB,73,1849,.604,6.5,1.000,.377,.490,.133,.000,.000,.604,.578,.649,.514,,,.667,,.092,50,,,0,0
Lamond Murray,SF,23,LAC,74,1295,.416,13.4,.791,.391,.076,.115,.209,.209,.436,.559,.303,.220,.374,.341,.467,.935,.106,44,.088,.750,1,0
Tracy Murray,SF,25,WSB,82,1814,.425,16.5,.558,.220,.086,.112,.142,.442,.481,.510,.397,.421,.531,.353,.670,.925,.047,32,.343,.369,1,0
Dikembe Mutombo*,C,30,ATL,80,2973,.527,6.7,1.000,.509,.359,.114,.019,.000,.527,.635,.467,.268,.286,,.471,,.209,146,,,0,0
Martin Müürsepp,PF,22,TOT,42,348,.412,10.8,.817,.466,.198,.092,.061,.183,.467,.557,.538,.083,.125,.167,.460,1.000,.069,9,.167,.250,0,0
Martin Müürsepp,PF,22,MIA,10,27,.357,12.3,.714,.429,.143,.143,.000,.286,.400,.500,.500,.000,,.250,.750,1.000,.071,1,.500,.500,0,0
Martin Müürsepp,PF,22,DAL,32,321,.419,10.6,.829,.470,.205,.085,.068,.171,.474,.564,.542,.100,.125,.150,.435,1.000,.068,8,.100,.000,0,0
Steve Nash*,PG,22,PHO,65,684,.423,15.9,.686,.223,.086,.189,.189,.314,.425,.333,.467,.394,.545,.418,.294,.783,.000,0,.127,.571,0,0
Ruben Nembhard,SG-PG,24,TOT,10,113,.432,11.8,.838,.595,.054,.054,.135,.162,.516,.500,1.000,.000,.600,.000,.375,,.000,0,.167,.000,0,0
Ruben Nembhard,SG,24,UTA,8,94,.414,12.1,.862,.586,.034,.069,.172,.138,.480,.471,1.000,.000,.600,.000,.500,,.000,0,.250,.000,0,0
Ruben Nembhard,PG,24,POR,2,19,.500,10.8,.750,.625,.125,.000,.000,.250,.667,.600,1.000,,,.000,.000,,.000,0,.000,,0,0
Ivano Newbill,PF,26,ATL,72,850,.440,8.3,1.000,.681,.231,.066,.022,.000,.440,.500,.381,.167,.000,,.700,,.033,3,,,0,0
Johnny Newman,SF,33,MIL,82,2060,.450,12.0,.821,.448,.117,.121,.135,.179,.472,.547,.297,.364,.473,.347,.561,.941,.059,30,.184,.333,1,0
Gaylon Nickerson,SG,27,TOT,4,42,.333,13.8,.833,.250,.083,.167,.333,.167,.400,.667,.000,.500,.250,.000,.500,,.000,0,.500,.000,0,0
Gaylon Nickerson,SG,27,SAS,3,36,.333,12.0,.889,.333,.111,.222,.222,.111,.375,.667,.000,.500,.000,.000,.333,,.000,0,.000,,0,0
Gaylon Nickerson,SG,27,WSB,1,6,.333,19.3,.667,.000,.000,.000,.667,.333,.500,,,,.500,.000,1.000,,.000,0,1.000,.000,0,0
Ken Norman,SF,32,ATL,17,220,.287,15.3,.596,.266,.064,.191,.074,.404,.375,.600,.333,.167,.143,.158,.381,1.000,.021,2,.289,.182,1,0
Moochie Norris,PG,23,VAN,8,89,.182,17.0,.545,.227,.091,.045,.182,.455,.167,.400,.000,.000,.000,.200,.000,.500,.000,0,.100,.000,0,0
Ed O'Bannon,SF,24,TOT,64,809,.333,14.5,.749,.258,.165,.108,.219,.251,.359,.500,.217,.233,.361,.257,.600,.889,.029,7,.114,.000,1,0
Ed O'Bannon,SF,24,NJN,45,634,.367,15.1,.710,.256,.145,.092,.217,.290,.401,.491,.233,.263,.467,.283,.644,.882,.029,5,.083,.000,0,0
Ed O'Bannon,SF,24,DAL,19,175,.236,12.8,.861,.264,.222,.153,.222,.139,.258,.526,.188,.182,.063,.100,.438,1.000,.028,2,.300,.000,1,0
Jermaine O'Neal,PF,18,POR,45,458,.451,7.6,.993,.438,.340,.183,.033,.007,.454,.612,.288,.393,.400,.000,.594,,.183,24,.000,,0,0
Shaquille O'Neal*,C,24,LAL,51,1941,.557,6.5,.996,.526,.361,.104,.005,.004,.559,.674,.455,.350,.400,.000,.623,,.162,157,.000,,2,0
Charles Oakley,PF,33,NYK,80,2873,.488,12.4,.973,.365,.076,.143,.389,.027,.495,.545,.585,.343,.485,.263,.778,1.000,.004,3,.105,.500,0,0
Hakeem Olajuwon*,C,34,HOU,78,2852,.510,9.5,.989,.283,.302,.290,.113,.011,.512,.594,.517,.459,.429,.313,.731,1.000,.041,50,.250,.500,1,0
Jimmy Oliver,SG,27,TOR,4,43,.308,16.1,.538,.308,.077,.077,.077,.462,.429,.000,1.000,1.000,1.000,.167,.667,1.000,.000,0,.000,,0,0
Greg Ostertag,C,23,UTA,77,1818,.515,6.9,.990,.600,.265,.096,.029,.010,.520,.588,.463,.308,.333,.000,.667,,.159,63,.000,,0,0
Bo Outlaw,PF,25,LAC,82,2195,.609,6.7,.981,.652,.204,.074,.050,.019,.621,.713,.494,.355,.333,.000,.516,,.189,76,.000,,0,0
Doug Overton,PG,27,PHI,61,634,.426,14.6,.789,.289,.047,.221,.232,.211,.473,.473,.556,.452,.477,.250,.394,.700,.000,0,.025,.000,0,0
Billy Owens,SF,27,SAC,66,1995,.467,11.5,.888,.353,.238,.100,.197,.113,.482,.571,.480,.375,.381,.347,.526,.880,.030,16,.069,.200,2,0
Ray Owes,PF,24,GSW,57,592,.417,12.1,.972,.250,.172,.261,.289,.028,.423,.511,.387,.383,.404,.200,.581,1.000,.078,13,.200,1.000,0,0
Robert Pack,PG,27,TOT,54,1782,.392,13.1,.838,.381,.078,.190,.189,.162,.415,.492,.185,.409,.359,.277,.274,.581,.025,17,.054,.500,0,0
Robert Pack,PG,27,NJN,34,1185,.407,13.3,.844,.386,.059,.205,.194,.156,.428,.486,.179,.433,.380,.297,.292,.545,.021,10,.068,.600,0,0
Robert Pack,PG,27,DAL,20,597,.361,12.8,.826,.370,.119,.160,.178,.174,.387,.506,.192,.343,.308,.237,.229,.667,.032,7,.026,.000,0,0
Robert Parish*,C,43,CHI,43,406,.490,8.2,1.000,.371,.329,.280,.021,.000,.490,.585,.511,.375,.000,,.629,,.049,7,,,0,0
Cherokee Parks,PF,24,MIN,76,961,.510,9.7,.995,.475,.134,.168,.218,.005,.512,.615,.296,.471,.455,.000,.689,,.139,27,.000,,0,0
Gary Payton*,PG,28,SEA,82,3213,.476,11.8,.744,.456,.129,.081,.078,.256,.533,.614,.387,.425,.409,.313,.348,.714,.005,8,.189,.347,1,0
Anthony Peeler,SG,27,VAN,72,2291,.398,16.8,.661,.171,.060,.121,.309,.339,.410,.474,.377,.344,.407,.373,.599,.898,.028,21,.128,.409,0,0
Will Perdue,C,31,SAS,65,1918,.568,6.3,1.000,.737,.202,.051,.010,.000,.568,.586,.554,.429,.250,,.618,,.202,82,,,0,0
Sam Perkins,C,35,SEA,81,1976,.439,15.7,.533,.194,.179,.089,.071,.467,.477,.469,.492,.475,.468,.395,.500,.951,.005,3,.058,.667,3,0
Elliot Perry,PG,27,MIL,82,1595,.474,15.7,.701,.225,.052,.186,.238,.299,.523,.583,.417,.459,.541,.358,.304,.673,.000,0,.036,.200,0,0
Wesley Person,SG,25,PHO,80,2326,.453,16.4,.542,.177,.081,.144,.140,.458,.487,.656,.493,.308,.452,.413,.773,.936,.009,8,.140,.431,1,1
Bobby Phills,SG,27,CLE,69,2375,.428,14.7,.718,.248,.119,.123,.228,.282,.442,.537,.396,.340,.417,.394,.654,.929,.039,28,.255,.364,0,0
Eric Piatkowski,SG,26,LAC,65,747,.450,15.3,.597,.279,.101,.114,.104,.403,.466,.578,.400,.353,.355,.425,.470,.922,.027,7,.133,.438,0,0
Ricky Pierce,SG,37,TOT,60,1250,.481,14.3,.809,.221,.113,.219,.256,.191,.490,.482,.518,.523,.457,.442,.503,.976,.000,0,.158,.600,0,0
Ricky Pierce,SG,37,DEN,33,600,.462,13.6,.850,.212,.142,.204,.292,.150,.489,.545,.568,.434,.447,.308,.454,.917,.000,0,.154,.167,0,0
Ricky Pierce,SG,37,CHH,27,650,.502,15.0,.764,.232,.080,.236,.215,.236,.492,.418,.421,.607,.471,.536,.562,1.000,.000,0,.161,.889,0,0
Ed Pinckney,PF,33,MIA,27,273,.535,8.2,1.000,.605,.209,.163,.023,.000,.535,.538,.667,.429,.000,,.696,,.209,9,,,0,0
Scottie Pippen*,SF,31,CHI,82,3095,.474,14.5,.690,.286,.081,.151,.171,.310,.522,.596,.459,.451,.491,.368,.593,.705,.045,60,.068,.345,2,0
Olden Polynice,C,32,SAC,82,2893,.457,8.8,.994,.326,.384,.210,.074,.006,.460,.562,.456,.365,.306,.000,.633,,.050,43,.833,.000,0,0
Terry Porter,PG,33,MIN,82,1568,.416,17.2,.555,.236,.027,.085,.207,.445,.482,.509,.583,.500,.430,.335,.342,.642,.000,0,.170,.382,2,0
Vitaly Potapenko,C,21,CLE,80,1238,.440,9.1,.995,.298,.388,.199,.111,.005,.439,.452,.415,.464,.447,.500,.692,1.000,.014,6,.000,,0,0
Brent Price,PG,28,HOU,25,390,.419,16.7,.495,.248,.038,.133,.076,.505,.519,.615,.250,.429,.500,.321,.444,.588,.000,0,.075,.250,0,0
Mark Price,PG,32,GSW,70,1876,.447,17.5,.520,.121,.093,.109,.197,.480,.493,.592,.455,.391,.509,.396,.397,.652,.000,0,.049,.643,0,0
Theo Ratliff,C,23,DET,76,1292,.531,8.5,1.000,.427,.214,.282,.077,.000,.531,.639,.458,.495,.269,,.670,,.193,62,,,0,0
Dino Radja*,C,29,BOS,25,874,.440,10.1,.997,.475,.186,.274,.062,.003,.441,.379,.460,.516,.524,.000,.638,,.047,16,.000,,1,0
Eldridge Recasner,SG,29,ATL,71,1207,.423,16.5,.600,.243,.046,.151,.160,.400,.429,.471,.438,.358,.429,.414,.322,.672,.011,4,.157,.591,0,0
Bryant Reeves,C,23,VAN,75,2777,.486,9.4,.989,.347,.272,.264,.105,.011,.490,.562,.505,.421,.389,.091,.757,.000,.060,61,.273,.000,0,0
Khalid Reeves,PG,24,TOT,63,1432,.391,17.0,.517,.255,.074,.070,.117,.483,.416,.475,.343,.303,.400,.366,.277,.687,.000,0,.075,.412,1,0
Khalid Reeves,PG,24,NJN,50,1048,.393,17.8,.465,.251,.058,.047,.109,.535,.389,.433,.238,.353,.385,.396,.262,.671,.000,0,.089,.412,1,0
Khalid Reeves,PG,24,DAL,13,384,.387,14.3,.685,.270,.126,.144,.144,.315,.474,.600,.500,.250,.438,.200,.306,.857,.000,0,.000,,0,0
Don Reid,PF,23,DET,47,462,.482,7.7,.991,.607,.232,.116,.036,.009,.486,.588,.385,.308,.000,.000,.704,,.205,20,.000,,0,0
Shawn Respert,SG,24,TOT,41,495,.424,17.1,.590,.223,.043,.115,.209,.410,.476,.452,.333,.500,.517,.351,.564,.650,.000,0,.158,.222,0,0
Shawn Respert,SG,24,MIL,14,83,.316,16.6,.526,.316,.000,.053,.158,.474,.500,.667,,.000,.333,.111,.400,1.000,.000,0,.111,1.000,0,0
Shawn Respert,SG,24,TOR,27,412,.442,17.2,.600,.208,.050,.125,.217,.400,.472,.400,.333,.533,.538,.396,.588,.632,.000,0,.167,.125,0,0
Glen Rice,SF,29,CHH,79,3362,.477,14.2,.709,.332,.067,.138,.171,.291,.480,.475,.471,.459,.510,.470,.742,.913,.055,83,.136,.633,0,0
Pooh Richardson,PG,30,LAC,59,1065,.381,18.0,.628,.160,.035,.113,.320,.372,.412,.509,.333,.256,.427,.328,.270,.786,.000,0,.063,.375,2,0
Mitch Richmond*,SG,31,SAC,81,3125,.454,15.7,.698,.224,.063,.141,.270,.302,.466,.544,.370,.405,.455,.428,.452,.794,.011,16,.178,.518,0,0
Isaiah Rider,SG,25,POR,76,2563,.464,12.9,.739,.303,.165,.151,.120,.261,.492,.581,.414,.432,.449,.385,.485,.707,.034,33,.043,.545,0,0
Fred Roberts,PF,36,DAL,12,40,.400,9.4,1.000,.533,.133,.200,.133,.000,.400,.500,.000,.667,.000,,1.000,,.133,2,,,0,0
Stanley Roberts,C,26,LAC,18,378,.426,7.9,1.000,.439,.331,.189,.041,.000,.426,.462,.367,.464,.333,,.365,,.122,17,,,0,0
Chris Robinson,SG,22,VAN,41,681,.379,18.0,.511,.143,.049,.077,.242,.489,.376,.654,.222,.357,.250,.382,.686,.941,.016,2,.146,.385,0,0
Clifford Robinson,SF,30,POR,81,3077,.426,14.0,.664,.213,.204,.154,.093,.336,.466,.577,.390,.398,.495,.346,.610,.934,.036,34,.066,.261,2,0
David Robinson*,C,31,SAS,6,147,.500,7.6,1.000,.556,.181,.222,.042,.000,.500,.600,.385,.313,.667,,.583,,.125,8,,,0,0
Glenn Robinson,SF,24,MIL,80,3114,.465,12.9,.875,.220,.136,.339,.179,.125,.482,.511,.398,.458,.554,.350,.512,.794,.031,40,.050,.444,1,0
James Robinson,PG,26,MIN,69,1309,.407,17.7,.446,.210,.060,.079,.098,.554,.437,.495,.483,.289,.404,.382,.468,.735,.017,7,.101,.481,1,0
Rumeal Robinson,PG,30,TOT,54,508,.402,15.9,.659,.305,.030,.073,.250,.341,.444,.540,.200,.500,.341,.321,.375,.722,.018,3,.143,.125,0,0
Rumeal Robinson,PG,30,LAL,15,126,.354,18.5,.521,.167,.042,.083,.229,.479,.440,.250,.000,.500,.636,.261,.727,1.000,.021,1,.130,.000,0,0
Rumeal Robinson,PG,30,PHO,12,87,.471,14.4,.706,.382,.029,.088,.206,.294,.542,.692,.000,.667,.286,.300,.308,.000,.029,1,.100,.000,0,0
Rumeal Robinson,PG,30,POR,27,295,.402,15.0,.720,.354,.024,.061,.280,.280,.407,.552,.500,.400,.217,.391,.250,.778,.012,1,.174,.250,0,0
Dennis Rodman*,PF,35,CHI,55,1947,.448,9.6,.934,.469,.304,.098,.063,.066,.461,.545,.391,.357,.333,.263,.545,1.000,.052,15,.158,.333,0,0
Lou Roe,SF,24,GSW,17,107,.292,13.4,.771,.292,.125,.167,.188,.229,.297,.500,.167,.125,.222,.273,.636,1.000,.021,1,.091,.000,0,0
Carlos Rogers,PF,25,TOR,56,1397,.525,9.9,.837,.475,.196,.092,.074,.163,.553,.719,.380,.297,.267,.379,.727,1.000,.208,74,.061,.500,0,0
Rodney Rogers,SF,25,LAC,81,2480,.462,11.1,.796,.428,.195,.110,.064,.204,.487,.603,.384,.299,.351,.361,.458,.892,.083,67,.150,.370,0,0
Roy Rogers,PF,23,VAN,82,1848,.505,8.6,.998,.300,.358,.298,.041,.002,.504,.628,.486,.403,.500,1.000,.704,1.000,.097,45,.000,,0,0
Sean Rooks,C,27,LAL,69,735,.470,7.8,.995,.584,.308,.092,.011,.005,.473,.463,.544,.353,.000,.000,.713,,.097,18,.000,,0,0
Jalen Rose,SF,24,IND,66,1188,.456,12.5,.809,.318,.154,.220,.117,.191,.495,.592,.483,.470,.295,.292,.384,.619,.058,22,.069,.000,1,1
Malik Rose,PF,22,CHH,54,525,.477,7.4,.984,.789,.141,.023,.031,.016,.484,.465,.611,.667,.250,.000,.590,,.117,13,.000,,0,0
Donald Royal,SF,30,TOT,62,858,.425,9.4,.986,.541,.178,.151,.116,.014,.431,.494,.308,.318,.471,.000,.516,,.055,7,.000,,0,0
Donald Royal,SF,30,ORL,1,29,.400,10.6,1.000,.500,.100,.400,.000,.000,.400,.400,.000,.500,,,.500,,.000,0,,,0,0
Donald Royal,SF,30,GSW,36,509,.385,9.6,.979,.521,.188,.125,.146,.021,.394,.480,.167,.333,.429,.000,.514,,.021,1,.000,,0,0
Donald Royal,SF,30,CHH,25,320,.525,8.6,1.000,.600,.175,.150,.075,.000,.525,.542,.714,.167,.667,,.524,,.150,6,,,0,0
Clifford Rozier,C,24,TOT,42,737,.454,8.1,.989,.678,.241,.046,.023,.011,.459,.534,.286,.375,.250,.000,.582,,.092,12,.000,,1,0
Clifford Rozier,C,24,GSW,1,5,.000,3.0,1.000,.000,1.000,.000,.000,.000,.000,,.000,,,,,,.000,0,,,0,0
Clifford Rozier,C,24,TOR,41,732,.457,8.1,.988,.682,.237,.046,.023,.012,.462,.534,.293,.375,.250,.000,.582,,.092,12,.000,,1,0
Bryon Russell,SF,26,UTA,81,2525,.479,15.0,.574,.373,.050,.066,.085,.426,.531,.636,.323,.293,.377,.409,.810,.944,.068,41,.136,.500,1,0
Arvydas Sabonis*,C,32,POR,69,1762,.498,9.8,.799,.410,.327,.035,.027,.201,.530,.556,.512,.435,.500,.371,.771,1.000,.040,26,.008,.000,0,0
Kevin Salvadori,C,26,SAC,23,154,.364,9.3,1.000,.485,.182,.303,.030,.000,.364,.438,.167,.300,1.000,,.917,,.152,4,,,0,0
Jason Sasser,SF,23,TOT,8,69,.391,10.8,.870,.478,.130,.261,.000,.130,.400,.545,.000,.333,,.333,.250,1.000,.000,0,.000,,0,0
Jason Sasser,SF,23,SAS,6,62,.421,10.5,.895,.526,.158,.211,.000,.105,.412,.500,.000,.500,,.500,.286,1.000,.000,0,.000,,0,0
Jason Sasser,SF,23,DAL,2,7,.250,12.5,.750,.250,.000,.500,.000,.250,.333,1.000,,.000,,.000,.000,,.000,0,.000,,0,0
Danny Schayes,PF,37,ORL,45,540,.392,13.0,.992,.367,.108,.092,.425,.008,.395,.432,.154,.364,.431,.000,.702,,.008,1,.000,,0,0
Steve Scheffler,C,29,SEA,7,29,.857,5.0,1.000,.429,.429,.000,.000,.000,.857,.667,1.000,,,,.833,,.143,1,,,0,0
Dwayne Schintzius,C,28,LAC,15,116,.361,10.7,.944,.167,.278,.333,.167,.056,.353,.833,.200,.333,.167,.500,.667,1.000,.028,1,.000,,0,0
Detlef Schrempf,SF,34,SEA,61,2192,.492,12.5,.778,.330,.156,.144,.148,.222,.531,.598,.496,.490,.458,.354,.635,1.000,.040,26,.050,.125,2,0
Brent Scott,PF,25,IND,16,55,.471,8.0,1.000,.706,.059,.235,.000,.000,.471,.583,.000,.250,,,.875,,.059,1,,,0,0
Byron Scott,SG,35,LAL,79,1440,.430,17.5,.504,.187,.021,.121,.174,.496,.471,.648,.500,.304,.394,.388,.733,.849,.032,11,.101,.368,0,0
Dennis Scott,SF,28,ORL,66,2166,.398,17.7,.502,.120,.095,.127,.160,.498,.402,.367,.479,.442,.350,.394,.417,.946,.005,4,.182,.485,0,0
James Scott,SF,24,MIA,8,32,.000,18.9,.500,.250,.000,.125,.125,.500,.000,.000,,.000,.000,.000,,,.000,0,.000,,0,0
Shawnelle Scott,C,24,CLE,16,50,.500,6.0,1.000,.563,.375,.063,.000,.000,.500,.556,.500,.000,,,.375,,.063,1,,,0,0
Malik Sealy,SG,26,LAC,80,2456,.396,14.7,.764,.272,.079,.191,.224,.236,.408,.449,.500,.306,.412,.356,.626,.899,.024,22,.131,.483,0,0
Rony Seikaly,C,31,ORL,74,2615,.507,6.9,.997,.539,.319,.118,.021,.003,.509,.573,.467,.393,.158,.000,.563,,.105,90,.333,.000,0,0
Brian Shaw,PG,30,ORL,77,1867,.366,14.6,.624,.244,.188,.112,.079,.376,.391,.476,.351,.310,.341,.325,.333,.905,.002,0,.057,.273,0,0
Lionel Simmons,SF,28,SAC,41,521,.331,13.1,.779,.272,.206,.118,.184,.221,.358,.486,.286,.125,.400,.233,.579,1.000,.000,0,.300,.222,0,0
Dickey Simpkins,PF,24,CHI,48,395,.333,10.4,.957,.548,.140,.161,.108,.043,.337,.392,.154,.200,.500,.250,.733,1.000,.140,12,.000,,0,0
Reggie Slater,PF,26,TOR,26,406,.550,7.8,.987,.678,.128,.114,.067,.013,.558,.624,.421,.294,.600,.000,.634,,.195,28,.500,.000,0,0
Charles Smith,PF,31,SAS,19,329,.405,12.5,.988,.202,.060,.440,.286,.012,.410,.588,.400,.297,.458,.000,.794,,.060,5,.000,,0,0
Joe Smith,PF,21,GSW,80,3086,.454,10.7,.964,.291,.230,.242,.200,.036,.461,.548,.426,.412,.436,.261,.642,.917,.073,80,.065,.333,0,0
Kenny Smith,PG,31,TOT,48,765,.423,19.4,.435,.180,.033,.025,.197,.565,.404,.442,.500,.167,.383,.437,.286,.695,.000,0,.044,.667,1,1
Kenny Smith,PG,31,DET,9,64,.400,20.4,.500,.200,.000,.050,.250,.500,.300,.250,,.000,.400,.500,.000,1.000,.000,0,.200,1.000,0,0
Kenny Smith,PG,31,ORL,6,47,.462,15.2,.615,.154,.231,.077,.154,.385,.375,.500,.333,.000,.500,.600,.000,.333,.000,0,.000,,0,0
Kenny Smith,PG,31,DEN,33,654,.422,19.5,.417,.180,.024,.019,.194,.583,.419,.459,.600,.250,.375,.425,.333,.686,.000,0,.033,.500,1,1
Michael Smith,PF,24,SAC,81,2526,.539,6.6,1.000,.667,.264,.051,.019,.000,.539,.644,.364,.211,.143,,.619,,.171,61,,,0,0
Steve Smith,SG,27,ATL,72,2818,.429,15.0,.661,.261,.104,.162,.134,.339,.477,.535,.471,.398,.464,.335,.424,.669,.021,21,.108,.357,5,0
Stevin Smith,SG,25,DAL,8,60,.333,17.8,.667,.333,.056,.000,.278,.333,.417,.333,1.000,,.400,.167,.400,1.000,.000,0,.167,.000,0,0
Tony Smith,PG,28,CHH,69,1291,.409,14.3,.706,.436,.050,.056,.163,.294,.445,.429,.294,.421,.545,.323,.613,.813,.012,4,.091,.778,1,0
Rik Smits,C,30,IND,52,1518,.486,9.1,.989,.256,.385,.263,.085,.011,.488,.564,.496,.415,.452,.250,.675,1.000,.057,42,.125,.000,0,0
Eric Snow,PG,23,SEA,67,775,.451,12.1,.909,.396,.098,.152,.262,.091,.470,.523,.375,.520,.395,.267,.500,1.000,.006,1,.133,.500,0,0
Elmore Spencer,C,27,SEA,1,5,.000,4.0,1.000,.000,1.000,.000,.000,.000,.000,,.000,,,,,,.000,0,,,0,0
Felton Spencer,C,29,TOT,73,1558,.489,7.3,1.000,.514,.331,.141,.014,.000,.489,.514,.468,.425,.750,,.568,,.042,11,,,0,0
Felton Spencer,C,29,ORL,1,19,1.000,1.7,1.000,1.000,.000,.000,.000,.000,1.000,1.000,,,,,.000,,.500,1,,,0,0
Felton Spencer,C,29,GSW,72,1539,.486,7.3,1.000,.511,.333,.142,.014,.000,.486,.507,.468,.425,.750,,.577,,.039,10,,,0,0
Latrell Sprewell,SG,26,GSW,80,3353,.449,13.7,.713,.305,.127,.136,.144,.287,.488,.641,.435,.381,.313,.354,.442,.639,.033,46,.041,.235,1,0
Jerry Stackhouse,SG,22,PHI,81,3166,.407,13.3,.739,.433,.073,.117,.116,.261,.446,.514,.417,.288,.368,.298,.564,.735,.090,115,.108,.459,1,0
John Starks,SG,31,NYK,77,2042,.431,17.5,.525,.246,.018,.055,.206,.475,.488,.573,.067,.447,.432,.369,.548,.787,.018,15,.160,.477,2,0
Matt Steigenga,SF,26,CHI,2,12,.250,15.5,.500,.500,.000,.000,.000,.500,.500,.500,,,,.000,1.000,,.250,1,.000,,0,0
Joe Stephens,PF,24,HOU,2,9,.200,17.0,.400,.200,.200,.000,.000,.600,.000,.000,.000,,,.333,,.000,.000,0,.333,.000,0,0
Larry Stewart,SF,28,SEA,70,982,.444,10.1,.853,.603,.111,.056,.083,.147,.479,.559,.286,.214,.333,.243,.757,.889,.095,23,.216,.375,0,0
Bryant Stith,SG,26,DEN,52,1788,.416,15.0,.698,.231,.116,.153,.199,.302,.430,.475,.400,.446,.383,.385,.547,.857,.008,5,.143,.346,0,0
John Stockton*,PG,34,UTA,82,2896,.548,13.2,.763,.356,.082,.123,.203,.237,.587,.681,.435,.473,.552,.422,.468,.526,.000,0,.039,.571,0,0
Damon Stoudamire,PG,23,TOR,81,3311,.401,15.3,.647,.251,.111,.145,.141,.353,.426,.476,.385,.373,.424,.355,.222,.347,.000,0,.046,.217,1,1
Erick Strickland,SG,23,DAL,28,759,.398,15.2,.641,.227,.086,.188,.141,.359,.451,.603,.455,.375,.306,.304,.365,.821,.004,1,.109,.500,0,0
Mark Strickland,PF,26,MIA,31,153,.417,8.4,.983,.667,.183,.083,.050,.017,.424,.525,.091,.200,.667,.000,.760,,.200,11,.000,,0,0
Rod Strickland,PG,30,WSB,82,2997,.466,10.4,.930,.483,.133,.195,.119,.070,.488,.541,.415,.421,.466,.169,.233,.538,.002,2,.026,.000,2,0
Derek Strong,PF,28,ORL,82,2004,.447,11.2,.978,.408,.167,.150,.253,.022,.457,.515,.408,.386,.439,.000,.618,,.034,18,.077,.000,2,0
Bob Sura,SG,23,CLE,82,2269,.431,12.5,.721,.547,.060,.049,.065,.279,.473,.551,.200,.138,.316,.323,.340,.755,.031,15,.098,.375,0,0
Brett Szabo,C,28,BOS,70,662,.446,9.6,.992,.628,.124,.198,.041,.008,.450,.355,.667,.625,.400,.000,.759,,.157,18,.000,,0,0
Žan Tabak,C,26,TOR,13,218,.451,8.2,1.000,.507,.310,.099,.085,.000,.451,.528,.455,.143,.333,,.500,,.099,7,,,0,0
Carl Thomas,SG,27,CLE,19,77,.375,17.0,.500,.125,.083,.083,.208,.500,.583,1.000,1.000,.500,.200,.167,.714,1.000,.083,2,.333,.250,0,0
Kurt Thomas,PF,24,MIA,18,374,.371,9.2,.990,.448,.295,.200,.048,.010,.375,.362,.226,.667,.200,.000,.692,,.038,3,.000,,0,0
Brooks Thompson,PG,26,TOT,67,1055,.399,19.8,.399,.101,.030,.101,.167,.601,.401,.317,.333,.390,.471,.398,.338,.629,.000,0,.111,.333,1,0
Brooks Thompson,PG,26,UTA,2,8,.000,19.0,1.000,.000,.000,.000,1.000,.000,.000,,,,.000,,,,.000,0,,,0,0
Brooks Thompson,PG,26,DEN,65,1047,.400,19.8,.398,.101,.030,.101,.165,.602,.404,.317,.333,.390,.478,.398,.338,.629,.000,0,.111,.333,1,0
LaSalle Thompson,C,35,TOT,26,140,.158,12.3,1.000,.211,.158,.421,.211,.000,.158,.250,.333,.125,.000,,.667,,.000,0,,,0,0
LaSalle Thompson,C,35,DEN,17,105,.188,12.4,1.000,.250,.125,.375,.250,.000,.188,.250,.500,.167,.000,,.667,,.000,0,,,0,0
LaSalle Thompson,C,35,IND,9,35,.000,12.0,1.000,.000,.333,.667,.000,.000,.000,,.000,.000,,,,,.000,0,,,0,0
Otis Thorpe,C,34,DET,79,2661,.532,8.0,.997,.535,.225,.154,.084,.003,.534,.646,.407,.355,.485,.000,.702,,.172,125,.000,,0,0
Sedale Threatt,SG,35,HOU,21,334,.378,18.6,.730,.081,.027,.108,.514,.270,.370,.500,.500,.250,.368,.400,.500,.625,.000,0,.050,.000,1,0
Wayman Tisdale,PF,32,PHO,53,778,.426,10.5,1.000,.224,.259,.337,.181,.000,.426,.554,.365,.392,.418,,.829,,.030,10,,,0,0
Keith Tower,C,26,MIL,5,72,.375,9.4,1.000,.250,.375,.250,.125,.000,.375,.500,.667,.000,.000,,.333,,.000,0,,,0,0
Gary Trent,PF,22,POR,82,1918,.536,8.4,.984,.458,.266,.139,.120,.016,.544,.670,.447,.404,.444,.000,.565,,.074,47,.091,.000,0,0
Nick Van Exel,PG,25,LAL,79,2937,.402,16.5,.565,.252,.085,.102,.126,.435,.420,.454,.418,.364,.400,.378,.259,.458,.007,6,.058,.519,4,0
David Vaughn,PF,23,ORL,35,298,.431,8.9,1.000,.389,.319,.153,.139,.000,.431,.571,.478,.182,.200,,.419,,.111,8,,,0,0
Loy Vaught,PF,28,LAC,82,2838,.500,12.1,.989,.243,.125,.306,.315,.011,.504,.570,.493,.440,.519,.167,.707,1.000,.041,41,.000,,0,0
Stojko Vranković,C,33,MIN,53,766,.561,6.3,1.000,.460,.460,.079,.000,.000,.561,.688,.469,.364,,,.590,,.180,23,,,0,0
Antoine Walker,PF,20,BOS,82,2970,.425,10.5,.883,.621,.121,.078,.063,.117,.438,.429,.518,.387,.447,.327,.462,.923,.063,84,.157,.320,0,0
Samaki Walker,PF,20,DAL,43,602,.444,8.3,.995,.455,.283,.160,.091,.005,.446,.529,.434,.167,.529,.000,.506,,.080,15,.000,,0,0
Ben Wallace*,PF,22,WSB,34,197,.348,8.4,1.000,.761,.196,.043,.000,.000,.348,.371,.222,.500,,,.500,,.152,7,,,0,0
John Wallace,SF,22,NYK,68,787,.517,8.2,.983,.542,.212,.182,.047,.017,.517,.617,.320,.419,.636,.500,.700,1.000,.119,28,.250,1.000,1,0
Rasheed Wallace,PF,22,POR,62,1892,.558,8.9,.952,.349,.314,.209,.079,.048,.573,.706,.509,.444,.574,.273,.695,1.000,.194,118,.030,.000,0,0
Rex Walters,SG,26,PHI,59,1041,.455,17.3,.545,.237,.031,.071,.206,.455,.514,.636,.100,.304,.507,.385,.484,.772,.000,0,.068,.500,0,0
Charlie Ward,PG,26,NYK,79,1763,.395,15.6,.543,.392,.059,.045,.047,.457,.464,.508,.250,.333,.500,.312,.259,.792,.000,0,.097,.467,2,0
Jamie Watson,SF,24,TOT,23,340,.431,12.9,.833,.431,.083,.167,.153,.167,.450,.516,.333,.250,.545,.333,.667,.500,.042,3,.000,,0,0
Jamie Watson,SF,24,UTA,13,129,.440,12.6,.880,.480,.040,.240,.120,.120,.455,.333,1.000,.333,1.000,.333,.700,1.000,.040,1,.000,,0,0
Jamie Watson,SF,24,DAL,10,211,.426,13.0,.809,.404,.106,.128,.170,.191,.447,.632,.200,.167,.375,.333,.647,.333,.043,2,.000,,0,0
Clarence Weatherspoon,SF,26,PHI,82,2949,.491,10.1,.993,.419,.159,.218,.196,.007,.493,.550,.481,.356,.535,.167,.660,1.000,.092,75,.000,,0,0
Chris Webber*,PF,23,WSB,72,2806,.518,10.0,.871,.482,.174,.134,.081,.129,.535,.618,.517,.314,.447,.397,.649,.933,.156,177,.013,1.000,1,0
Bill Wennington,C,33,CHI,61,783,.498,13.0,.992,.219,.068,.380,.325,.008,.502,.385,.375,.489,.623,.000,.881,,.042,10,.000,,0,0
Robert Werdann,C,26,NJN,6,31,.429,8.7,1.000,.571,.429,.000,.000,.000,.429,.250,.667,,,,.333,,.000,0,,,0,0
David Wesley,PG,26,BOS,74,2991,.468,14.8,.706,.418,.027,.071,.191,.294,.513,.467,.346,.507,.640,.360,.371,.660,.001,1,.140,.525,0,0
Doug West,SG,29,MIN,68,1920,.467,13.8,.907,.260,.091,.130,.426,.093,.481,.603,.273,.333,.495,.333,.796,.933,.023,11,.133,.333,0,0
Mark West,C,36,CLE,70,959,.556,6.2,1.000,.561,.406,.028,.006,.000,.556,.604,.493,.600,.000,,.630,,.183,31,,,0,0
Ennis Whatley,PG,34,POR,3,22,.500,11.5,1.000,.750,.000,.000,.250,.000,.500,.333,,,1.000,,.500,,.000,0,,,0,0
Donald Whiteside,PG,27,TOR,27,259,.327,20.3,.345,.127,.036,.018,.164,.655,.316,.571,.000,.000,.222,.333,.000,.750,.000,0,.111,.250,0,0
Chris Whitney,PG,25,WSB,82,1117,.421,17.6,.506,.206,.039,.109,.152,.494,.485,.603,.462,.389,.400,.356,.309,.569,.000,0,.104,.294,0,0
Dominique Wilkins*,SF,37,SAS,63,1945,.417,12.7,.749,.433,.103,.110,.103,.251,.458,.513,.418,.343,.388,.293,.505,.914,.052,43,.075,.444,0,0
Gerald Wilkins,SG,33,ORL,80,2202,.426,13.1,.733,.320,.173,.130,.109,.267,.462,.551,.397,.394,.386,.325,.459,.970,.047,34,.266,.463,2,0
Aaron Williams,PF-C,25,TOT,33,563,.574,6.1,.993,.628,.297,.054,.014,.007,.578,.710,.386,.125,.500,.000,.600,,.236,31,.000,,0,0
Aaron Williams,C,25,DEN,1,10,.600,6.5,1.000,.600,.400,.000,.000,.000,.600,.667,.500,,,,.667,,.200,1,,,0,0
Aaron Williams,PF,25,VAN,32,553,.573,6.1,.993,.629,.294,.056,.014,.007,.577,.711,.381,.125,.500,.000,.598,,.238,30,.000,,0,0
Buck Williams,PF,36,NYK,74,1496,.537,7.3,.997,.613,.264,.083,.037,.003,.538,.575,.488,.370,.667,.000,.640,,.083,25,.000,,0,0
Eric Williams,SG,24,BOS,72,2435,.456,9.0,.990,.638,.170,.122,.061,.010,.458,.446,.468,.500,.480,.250,.573,1.000,.027,21,.000,,0,0
Herb Williams,PF,38,NYK,21,184,.391,11.0,.978,.152,.326,.413,.087,.022,.400,.429,.600,.158,.750,.000,.833,,.000,0,.000,,0,0
Hot Rod Williams,C,34,PHO,68,2137,.490,9.1,.995,.553,.123,.173,.144,.005,.493,.591,.490,.222,.450,.000,.750,,.130,53,.500,.000,1,0
Jayson Williams,PF,28,NJN,41,1432,.409,9.8,.993,.415,.241,.256,.081,.007,.412,.563,.192,.355,.477,.000,.602,,.117,58,.250,.000,0,0
Jerome Williams,PF,23,DET,33,177,.392,8.5,1.000,.529,.235,.118,.118,.000,.392,.481,.333,.333,.167,,.650,,.020,1,,,0,0
Lorenzo Williams,C,27,WSB,19,264,.645,5.1,1.000,.806,.194,.000,.000,.000,.645,.680,.500,,,,.550,,.258,7,,,0,0
Monty Williams,SF,25,SAS,65,1345,.509,8.4,.998,.661,.150,.074,.113,.002,.510,.536,.478,.382,.481,.000,.594,,.070,31,.000,,0,0
Reggie Williams,SF,32,TOT,13,200,.382,16.1,.553,.211,.079,.105,.158,.447,.476,.750,.333,.125,.417,.265,.700,1.000,.000,0,.118,.500,0,0
Reggie Williams,SF,32,IND,2,33,.222,12.0,.889,.222,.222,.222,.222,.111,.250,.500,.500,.000,.000,.000,.500,,.000,0,1.000,.000,0,0
Reggie Williams,SF,32,NJN,11,167,.403,16.7,.507,.209,.060,.090,.149,.493,.529,.786,.250,.167,.500,.273,.722,1.000,.000,0,.091,.667,0,0
Scott Williams,C,28,PHI,62,1317,.509,9.6,.994,.481,.173,.211,.129,.006,.513,.516,.636,.478,.390,.000,.636,,.075,22,.000,,0,0
Walt Williams,SF,26,TOR,73,2647,.427,16.2,.555,.256,.074,.096,.129,.445,.448,.542,.425,.223,.441,.400,.619,.943,.042,40,.195,.400,3,0
Corliss Williamson,SF,23,SAC,79,1992,.498,8.6,.996,.474,.263,.161,.098,.004,.500,.612,.464,.275,.425,.000,.628,,.064,43,.000,,0,0
Kevin Willis,PF,34,HOU,75,1964,.481,8.4,.981,.337,.420,.166,.058,.019,.487,.620,.464,.347,.286,.143,.649,.000,.084,57,.214,.333,1,0
David Wingate,SG,33,SEA,65,929,.416,16.1,.668,.238,.061,.084,.285,.332,.448,.549,.462,.444,.361,.352,.813,1.000,.019,4,.155,.455,0,0
Dontonio Wingfield,SF,22,POR,47,569,.409,14.7,.601,.332,.109,.047,.114,.399,.457,.484,.476,.333,.409,.338,.396,.846,.016,3,.052,.500,0,0
Joe Wolf,C,32,MIL,56,525,.449,13.8,.921,.101,.157,.371,.292,.079,.476,.444,.500,.394,.577,.143,.769,1.000,.000,0,.000,,0,0
David Wood,PF,32,MIL,46,240,.526,13.5,.605,.289,.158,.105,.053,.395,.652,.909,.333,.250,1.000,.333,.733,1.000,.158,5,.133,.500,0,0
Haywoode Workman,PG,31,IND,4,81,.550,13.4,.850,.400,.000,.250,.200,.150,.647,.500,,1.000,.500,.000,.364,,.000,0,.000,,0,0
Lorenzen Wright,C,21,LAC,77,1936,.481,8.2,.992,.458,.299,.185,.049,.008,.483,.533,.483,.385,.375,.250,.515,1.000,.081,39,.250,.000,0,0
Sharone Wright,C,24,TOR,60,1009,.400,7.9,.998,.427,.372,.171,.027,.002,.400,.512,.300,.333,.455,.000,.559,,.107,39,.000,,0,0
George Zídek,C,23,TOT,52,376,.415,11.4,.983,.347,.297,.127,.212,.017,.422,.220,.457,.600,.600,.000,.796,,.017,2,.000,,0,0
George Zídek,C,23,CHH,36,288,.388,11.7,.976,.447,.188,.141,.200,.024,.398,.211,.500,.583,.588,.000,.818,,.012,1,.000,,0,0
George Zídek,C,23,DEN,16,88,.485,10.4,1.000,.091,.576,.091,.242,.000,.485,.333,.421,.667,.625,,.750,,.030,1,,,0,0
Aleksandar Djordjevic,SG,29,POR,8,61,.500,16.4,.563,.125,.188,.125,.125,.438,.333,.500,.000,.500,.500,.714,.333,.600,.000,0,.143,1.000,0,0
