Player,Pos,Age,Tm,G,GS,MP,FG,FGA,FG%,3P,3PA,3P%,2P,2PA,2P%,eFG%,FT,FTA,FT%,ORB,DRB,TRB,AST,STL,BLK,TOV,PF,PTS,PER,TS%,3PAr,FTr,ORB%,DRB%,TRB%,AST%,STL%,BLK%,TOV%,USG%,OWS,DWS,WS,WS/48,OBPM,DBPM,BPM,VORP,Salary
Kareem Abdul-Jabbar*,C,32,LAL,82,,38.3,10.2,16.9,.604,0.0,0.0,.000,10.2,16.9,.604,.604,4.4,5.8,.765,2.3,8.5,10.8,4.5,1.0,3.4,3.6,2.6,24.8,25.3,.639,.001,.344,7.2,22.2,15.4,16.5,1.2,4.6,15.7,24.1,9.5,5.3,14.8,.227,4.8,2.4,7.2,7.3,
Tom Abernethy,PF,25,GSW,67,,18.2,2.3,4.7,.481,0.0,0.0,.000,2.3,4.7,.483,.481,0.8,1.2,.683,0.9,1.9,2.9,1.3,0.5,0.2,0.6,1.8,5.4,11.0,.511,.003,.258,5.4,12.0,8.6,9.3,1.4,0.6,9.9,13.3,1.2,0.8,2.0,.080,-1.0,-0.2,-1.2,0.2,
Alvan Adams,C,25,PHO,75,,28.9,6.2,11.7,.531,0.0,0.0,.000,6.2,11.6,.533,.531,2.5,3.1,.797,2.1,6.0,8.1,4.3,1.4,0.7,2.9,3.2,14.9,19.2,.571,.002,.270,8.2,22.4,15.4,21.6,2.3,1.4,18.2,21.9,3.1,3.9,7.0,.155,1.7,1.9,3.6,3.1,
Tiny Archibald*,PG,31,BOS,80,80,35.8,4.8,9.9,.482,0.1,0.2,.222,4.7,9.7,.488,.485,4.5,5.4,.830,0.7,1.7,2.5,8.4,1.3,0.1,3.0,2.7,14.1,15.3,.574,.023,.548,2.3,5.3,3.8,30.2,1.7,0.2,19.7,17.0,5.9,2.9,8.9,.148,1.4,-0.3,1.1,2.3,
Dennis Awtrey,C,31,CHI,26,,21.5,1.0,2.3,.450,0.0,0.0,,1.0,2.3,.450,.450,1.2,1.9,.640,1.1,3.3,4.4,1.5,0.5,0.6,1.0,2.5,3.3,7.4,.524,.000,.833,6.0,16.9,11.5,9.0,1.0,1.5,24.8,7.9,0.1,0.5,0.6,.053,-2.3,0.9,-1.4,0.1,
Gus Bailey,SG,28,WSB,20,,9.0,0.8,1.8,.457,0.1,0.1,1.000,0.8,1.7,.441,.471,0.3,0.7,.385,0.3,1.1,1.4,1.3,0.4,0.2,0.6,0.9,1.9,9.3,.467,.029,.371,3.3,12.4,7.8,17.8,1.8,1.2,21.3,11.3,0.0,0.2,0.2,.043,-3.0,1.3,-1.7,0.1,
James Bailey,PF,22,SEA,67,,10.8,1.8,4.0,.450,0.0,0.0,,1.8,4.0,.450,.450,1.0,1.5,.673,1.1,1.9,2.9,0.4,0.3,0.8,1.2,1.7,4.7,12.3,.495,.000,.373,10.2,18.3,14.3,5.3,1.4,4.1,20.0,21.4,-0.4,1.4,1.0,.063,-4.2,0.9,-3.3,-0.2,
Greg Ballard,SF,25,WSB,82,,29.7,6.6,13.4,.495,0.2,0.6,.340,6.5,12.9,.502,.502,2.1,2.8,.753,2.9,4.9,7.8,1.9,1.1,0.4,1.6,2.4,15.6,18.1,.532,.043,.206,9.8,16.6,13.1,9.7,1.7,0.8,10.0,21.6,4.1,2.8,6.9,.136,1.9,0.1,2.0,2.5,
Mike Bantom,SF,28,IND,77,,30.3,5.0,9.9,.505,0.0,0.0,.333,5.0,9.8,.506,.506,1.8,2.7,.665,2.5,3.4,5.9,3.6,1.1,0.6,2.5,3.5,11.8,13.7,.533,.004,.275,8.3,12.1,10.1,15.9,1.7,1.1,18.2,17.3,2.1,1.9,3.9,.081,-0.3,-0.5,-0.7,0.7,
Marvin Barnes,PF,27,SDC,20,,14.4,1.2,3.0,.400,0.0,0.0,,1.2,3.0,.400,.400,0.8,1.6,.500,1.7,2.2,3.9,0.9,0.3,0.6,0.9,2.6,3.2,8.2,.432,.000,.533,12.4,16.8,14.5,7.8,0.8,2.3,19.5,12.8,-0.1,0.2,0.1,.019,-3.8,-0.5,-4.3,-0.2,
Rick Barry*,SF,35,HOU,72,,25.2,4.5,10.7,.422,1.0,3.1,.330,3.5,7.6,.458,.469,2.0,2.1,.935,0.7,2.5,3.3,3.7,1.1,0.4,2.1,2.5,12.0,14.8,.517,.287,.198,3.1,11.5,7.2,20.4,2.1,0.9,15.3,21.6,2.2,1.2,3.4,.090,1.1,0.0,1.1,1.4,
Tim Bassett,PF,28,TOT,12,,13.7,1.0,2.8,.353,0.0,0.0,,1.0,2.8,.353,.353,0.8,1.3,.667,0.9,1.8,2.8,1.2,0.7,0.0,0.8,2.3,2.8,6.7,.419,.000,.441,7.1,14.0,10.6,9.7,2.2,0.0,18.1,11.6,-0.1,0.2,0.1,.033,-3.5,0.1,-3.4,-0.1,
Tim Bassett,PF,28,NJN,7,,13.1,1.1,3.1,.364,0.0,0.0,,1.1,3.1,.364,.364,1.1,1.7,.667,1.0,1.6,2.6,0.6,0.7,0.0,0.6,2.0,3.4,7.9,.440,.000,.545,7.9,12.4,10.1,5.5,2.5,0.0,12.8,13.1,0.0,0.1,0.1,.063,-3.5,0.1,-3.4,0.0,
Tim Bassett,PF,28,SAS,5,,14.4,0.8,2.4,.333,0.0,0.0,,0.8,2.4,.333,.333,0.4,0.6,.667,0.8,2.2,3.0,2.0,0.6,0.0,1.0,2.6,2.0,5.3,.375,.000,.250,6.1,16.0,11.1,15.1,1.8,0.0,27.3,9.6,-0.1,0.0,0.0,-0.005,-3.6,0.2,-3.4,0.0,
Billy Ray Bates,SG,23,POR,16,,14.7,4.5,9.1,.493,0.5,1.2,.421,4.0,7.9,.504,.521,1.8,2.4,.718,0.8,1.0,1.8,1.9,0.9,0.1,1.3,1.6,11.3,24.1,.552,.130,.267,6.0,7.6,6.8,23.8,2.9,0.5,10.9,32.0,0.7,0.3,0.9,.188,3.7,0.6,4.3,0.5,
Ron Behagen,PF,29,WSB,6,,10.7,1.5,3.8,.391,0.0,0.0,,1.5,3.8,.391,.391,0.8,1.0,.833,1.0,1.3,2.3,1.2,0.0,0.7,0.7,2.3,3.8,10.2,.449,.000,.261,9.3,12.7,11.0,14.4,0.0,3.3,13.5,18.3,0.0,0.1,0.1,.055,-3.7,0.3,-3.4,0.0,
Kent Benson,C,25,TOT,73,,25.9,4.1,8.5,.484,0.0,0.1,.200,4.1,8.4,.486,.485,1.4,1.9,.702,1.7,4.5,6.2,2.4,1.0,1.3,2.2,3.4,9.6,13.1,.513,.008,.228,7.3,18.3,12.9,12.2,1.8,2.7,18.8,17.4,0.4,2.7,3.2,.080,-1.6,1.4,-0.3,0.8,
Kent Benson,C,25,MIL,56,,24.8,3.8,7.7,.494,0.0,0.0,.000,3.8,7.7,.495,.494,1.2,1.7,.680,1.7,4.2,5.9,2.3,1.0,1.3,1.9,3.2,8.8,13.3,.519,.002,.225,7.7,18.0,13.0,11.8,1.8,2.9,18.3,16.6,0.6,2.3,2.9,.100,-1.4,1.8,0.5,0.9,
Kent Benson,C,25,DET,17,,29.5,5.1,11.0,.460,0.1,0.2,.250,5.0,10.8,.464,.463,1.9,2.6,.750,1.8,5.3,7.1,3.0,1.1,1.1,3.0,4.0,12.1,12.4,.499,.021,.235,6.2,19.0,12.6,13.6,1.7,1.9,19.8,19.7,-0.2,0.4,0.3,.026,-2.3,0.1,-2.2,0.0,
Del Beshore,PG,23,CHI,68,,12.8,1.3,3.7,.352,0.1,0.4,.385,1.1,3.3,.348,.372,0.9,1.3,.667,0.2,0.7,0.9,2.0,0.9,0.1,1.5,1.5,3.6,6.4,.423,.104,.348,2.1,5.9,4.1,21.5,3.1,0.3,26.5,18.4,-1.7,0.8,-0.9,-0.052,-5.0,-0.1,-5.1,-0.7,
Henry Bibby,PG,30,PHI,82,8,24.8,3.1,7.6,.401,0.1,0.6,.212,2.9,7.0,.418,.410,2.8,3.5,.790,0.8,1.7,2.5,3.7,0.8,0.1,1.8,2.0,9.0,11.1,.491,.083,.457,3.6,7.1,5.4,19.8,1.4,0.2,16.4,17.7,1.3,2.1,3.4,.079,-1.7,-0.5,-2.2,-0.1,
Larry Bird*,PF,23,BOS,82,82,36.0,8.5,17.8,.474,0.7,1.7,.406,7.7,16.1,.481,.494,3.7,4.4,.836,2.6,7.8,10.4,4.5,1.7,0.6,3.2,3.4,21.3,20.5,.538,.098,.246,8.3,23.6,16.0,18.5,2.3,1.0,14.0,25.3,5.6,5.6,11.2,.182,3.0,1.5,4.5,4.8,
Otis Birdsong,SG,24,KCK,82,,35.2,9.5,18.9,.505,0.1,0.4,.278,9.4,18.4,.511,.508,3.5,5.0,.694,2.1,2.0,4.0,2.5,1.7,0.3,2.2,2.8,22.7,18.5,.538,.023,.266,6.1,6.2,6.1,11.1,2.2,0.4,9.4,26.4,4.9,3.7,8.6,.143,2.0,0.1,2.1,3.0,
Ron Boone,SG,33,TOT,81,,29.5,5.0,11.3,.443,0.2,0.6,.380,4.8,10.7,.446,.453,2.2,2.4,.893,0.7,2.1,2.8,3.8,1.2,0.0,2.4,2.9,12.4,12.1,.501,.055,.214,2.7,8.1,5.5,18.8,2.0,0.1,16.4,21.5,0.4,0.6,1.0,.020,-1.8,-1.7,-3.5,-1.0,
Ron Boone,SG,33,LAL,6,,17.7,2.3,6.7,.350,0.0,0.0,,2.3,6.7,.350,.350,1.0,1.2,.857,0.7,1.2,1.8,1.2,0.8,0.0,2.2,2.2,5.7,3.0,.395,.000,.175,4.5,6.6,5.7,7.8,2.2,0.0,23.2,21.2,-0.3,0.1,-0.2,-0.098,-5.2,-1.0,-6.2,-0.2,
Ron Boone,SG,33,UTA,75,,30.5,5.2,11.7,.447,0.3,0.7,.380,5.0,11.0,.451,.458,2.3,2.5,.894,0.7,2.2,2.9,4.0,1.2,0.0,2.5,2.9,12.9,12.5,.506,.057,.216,2.7,8.2,5.5,19.3,2.0,0.1,16.1,21.5,0.7,0.5,1.2,.026,-1.7,-1.7,-3.3,-0.8,
Lawrence Boston,PF,23,WSB,13,,9.6,1.8,4.0,.462,0.0,0.0,,1.8,4.0,.462,.462,0.6,1.0,.615,1.5,1.5,3.0,0.2,0.3,0.2,0.6,1.9,4.3,12.6,.485,.000,.250,15.1,16.2,15.7,2.3,1.5,0.8,12.2,20.7,0.1,0.1,0.2,.075,-3.3,-0.7,-4.0,-0.1,
Tom Boswell,PF,26,TOT,79,,26.3,4.4,7.8,.564,0.1,0.1,.500,4.3,7.6,.566,.569,2.6,3.5,.755,1.8,3.7,5.6,2.0,0.4,0.5,2.3,3.4,11.4,14.3,.616,.016,.445,8.2,15.8,12.1,11.2,0.7,1.0,19.8,18.5,3.0,0.7,3.7,.086,-0.4,-1.4,-1.8,0.1,
Tom Boswell,PF,26,DEN,18,,29.0,4.0,7.5,.533,0.1,0.1,.500,3.9,7.4,.534,.537,3.2,3.9,.829,2.2,4.1,6.3,2.6,0.3,0.4,2.2,3.1,11.3,13.5,.612,.015,.519,7.8,15.1,11.4,12.0,0.4,0.8,19.0,15.4,0.9,0.2,1.1,.104,-0.3,-1.0,-1.3,0.1,
Tom Boswell,PF,26,UTA,61,,25.5,4.5,7.8,.573,0.1,0.1,.500,4.4,7.7,.574,.577,2.4,3.3,.729,1.7,3.6,5.4,1.9,0.4,0.5,2.3,3.5,11.5,14.6,.617,.017,.425,8.3,16.1,12.3,10.9,0.8,1.1,20.0,19.6,2.1,0.5,2.6,.081,-0.5,-1.5,-2.0,0.0,
Winford Boynes,SG,22,NJN,64,,17.2,3.5,7.3,.473,0.0,0.1,.000,3.5,7.2,.477,.473,1.6,2.1,.765,0.8,1.3,2.1,1.5,0.9,0.3,1.5,2.1,8.5,13.1,.518,.009,.291,4.8,7.7,6.3,12.8,2.4,0.9,15.4,21.8,0.3,1.3,1.7,.072,-1.5,0.3,-1.2,0.2,
Alonzo Bradley,SF,26,HOU,22,,4.4,0.8,2.2,.354,0.0,0.0,1.000,0.7,2.1,.340,.365,0.3,0.4,.667,0.1,0.2,0.3,0.1,0.1,0.0,0.4,0.4,1.9,4.1,.395,.021,.188,2.2,4.7,3.5,4.3,1.5,0.0,13.3,24.7,-0.2,0.0,-0.2,-0.097,-5.2,-1.6,-6.8,-0.2,
Dudley Bradley,SG,22,IND,82,,24.7,3.4,7.4,.452,0.0,0.1,.400,3.3,7.4,.452,.453,1.7,2.1,.782,0.8,1.9,2.7,3.1,2.6,0.6,2.0,2.4,8.4,13.5,.502,.008,.286,3.4,8.1,5.7,15.9,4.8,1.3,19.5,16.3,0.2,2.9,3.1,.073,-2.0,3.0,1.0,1.5,
Mike Bratz,PG,24,PHO,82,,19.4,3.3,8.4,.392,0.3,1.0,.244,3.0,7.3,.413,.407,1.7,2.0,.870,0.6,1.4,2.0,2.7,1.1,0.1,1.6,2.0,8.5,11.6,.462,.125,.236,3.5,7.9,5.8,19.1,2.7,0.3,15.1,22.3,-0.5,2.0,1.5,.046,-2.5,0.1,-2.5,-0.2,
Jim Brewer,PF,28,POR,67,,15.2,1.3,2.7,.489,0.0,0.1,.000,1.3,2.7,.503,.489,0.2,0.4,.483,1.5,2.3,3.8,1.1,0.6,0.6,0.7,1.9,2.9,11.3,.493,.027,.158,10.8,17.1,13.9,9.6,2.0,2.5,19.3,9.8,0.5,1.5,2.0,.096,-1.2,1.9,0.7,0.7,
Ron Brewer,SG,24,POR,82,,34.3,6.7,14.4,.464,0.1,0.4,.188,6.6,14.0,.471,.466,2.2,2.7,.840,0.7,2.0,2.6,2.6,1.2,0.6,2.0,1.9,15.7,13.2,.503,.027,.185,2.1,6.3,4.2,11.5,1.7,1.0,11.6,21.1,2.0,2.3,4.3,.074,-0.8,-0.4,-1.2,0.6,
Junior Bridgeman,SF,26,MIL,81,,28.6,7.3,15.3,.478,0.1,0.3,.185,7.3,15.0,.484,.480,2.8,3.3,.865,1.3,2.4,3.7,2.9,1.2,0.2,2.1,2.7,17.6,17.1,.523,.022,.214,5.0,9.0,7.1,15.2,1.9,0.5,11.2,26.3,3.6,2.5,6.1,.127,0.9,-0.5,0.3,1.4,
Allan Bristow,SF,28,UTA,82,,28.1,4.6,9.6,.480,0.0,0.1,.286,4.6,9.5,.482,.482,2.4,3.0,.811,2.1,4.2,6.2,4.2,1.1,0.1,2.2,2.6,11.6,16.6,.534,.009,.310,9.0,16.7,13.0,21.4,1.9,0.1,16.7,20.0,3.2,1.2,4.4,.091,1.4,-0.8,0.6,1.5,
Fred Brown,SG,31,SEA,80,,21.3,5.1,10.5,.479,0.5,1.1,.443,4.6,9.4,.483,.502,1.4,1.7,.837,0.4,1.5,1.9,2.2,0.8,0.2,1.3,1.5,12.0,16.4,.532,.104,.160,2.2,7.5,4.8,15.5,1.8,0.6,10.4,23.4,2.8,2.1,4.9,.138,1.2,0.2,1.4,1.4,
John Brown,SF,28,TOT,32,,12.0,1.2,3.3,.352,0.0,0.0,,1.2,3.3,.352,.352,1.2,1.5,.792,0.8,1.4,2.2,0.6,0.1,0.1,0.9,2.2,3.5,5.1,.444,.000,.457,7.4,12.7,10.0,6.3,0.4,0.6,18.7,16.5,-0.3,0.4,0.1,.012,-5.0,-0.9,-5.9,-0.5,
John Brown,SF,28,UTA,4,,6.0,0.0,1.8,.000,0.0,0.0,,0.0,1.8,.000,.000,1.0,1.0,1.000,1.3,1.0,2.3,1.0,0.0,0.0,1.3,1.0,1.0,-0.5,.228,.000,.571,25.4,18.8,21.9,19.5,0.0,0.0,36.3,24.6,-0.1,0.0,-0.1,-0.273,-5.0,-0.8,-5.7,-0.1,
John Brown,SF,28,ATL,28,,12.9,1.3,3.5,.378,0.0,0.0,,1.3,3.5,.378,.378,1.2,1.6,.773,0.8,1.5,2.2,0.5,0.1,0.1,0.9,2.4,3.9,5.4,.460,.000,.449,6.2,12.3,9.2,5.4,0.4,0.7,17.0,16.0,-0.1,0.4,0.2,.031,-5.0,-0.9,-5.9,-0.4,
Roger Brown,C,29,CHI,4,,9.3,0.3,0.8,.333,0.0,0.0,,0.3,0.8,.333,.333,0.0,0.0,,0.5,2.0,2.5,0.3,0.0,0.8,0.0,1.0,0.5,7.0,.333,.000,.000,6.2,23.8,15.2,3.3,0.0,4.6,0.0,3.3,0.0,0.0,0.1,.069,-3.5,0.2,-3.3,0.0,
Joe Bryant,PF,25,SDC,81,,28.7,3.6,8.4,.431,0.1,0.4,.147,3.6,8.0,.446,.435,2.0,2.7,.742,2.1,4.3,6.4,1.8,1.3,0.5,2.1,3.2,9.3,11.1,.485,.050,.318,7.7,16.6,12.0,8.1,2.1,0.9,17.9,16.3,0.1,1.7,1.8,.038,-2.3,-0.2,-2.5,-0.3,
Quinn Buckner,PG,25,MIL,67,,25.2,4.6,9.8,.467,0.0,0.1,.400,4.5,9.7,.468,.469,1.6,2.1,.734,1.0,2.5,3.6,5.7,2.0,0.1,2.2,3.0,10.7,16.5,.501,.008,.218,4.6,10.5,7.6,30.2,3.7,0.1,17.2,20.4,1.7,2.7,4.4,.125,-0.2,1.9,1.7,1.6,
Tom Burleson,C,27,KCK,37,,7.4,1.0,2.8,.346,0.0,0.1,.000,1.0,2.7,.356,.346,0.6,1.1,.575,0.6,1.3,1.9,0.5,0.2,0.4,0.7,1.3,2.6,7.8,.391,.029,.385,8.7,20.0,14.2,9.5,1.4,2.8,17.1,21.5,-0.6,0.5,-0.1,-0.012,-5.7,0.4,-5.3,-0.2,
Don Buse,PG,29,PHO,81,,30.9,3.2,7.3,.443,0.2,1.0,.241,3.0,6.3,.475,.459,1.0,1.6,.664,0.9,2.0,2.9,4.0,1.6,0.1,1.1,1.4,7.7,10.7,.485,.134,.217,3.1,7.0,5.1,16.0,2.4,0.2,12.4,11.7,1.7,2.9,4.6,.088,-1.1,1.2,0.2,1.4,
Marty Byrnes,SF,23,LAL,32,,6.1,0.8,1.6,.500,0.0,0.0,,0.8,1.6,.500,.500,0.4,0.5,.867,0.3,0.6,0.8,0.4,0.2,0.0,0.7,1.0,2.0,6.3,.557,.000,.300,5.5,9.3,7.6,7.9,1.2,0.3,28.0,16.2,-0.1,0.2,0.0,.009,-4.4,-0.9,-5.2,-0.2,
Corky Calhoun,SF,29,IND,7,,4.3,0.6,1.3,.444,0.0,0.0,,0.6,1.3,.444,.444,0.0,0.3,.000,1.0,0.4,1.4,0.0,0.3,0.0,0.1,0.9,1.1,10.6,.405,.000,.222,23.5,10.7,17.3,0.0,3.1,0.0,9.2,14.1,0.0,0.0,0.0,.067,-4.0,-0.4,-4.4,0.0,
Mack Calvin,PG,32,UTA,48,,16.1,2.1,4.7,.441,0.0,0.2,.091,2.1,4.5,.458,.443,2.2,2.4,.897,0.3,1.5,1.8,2.8,0.6,0.0,1.2,1.5,6.4,14.5,.549,.048,.515,2.0,10.4,6.4,24.0,1.7,0.0,17.0,18.7,1.2,0.2,1.4,.085,-0.4,-1.3,-1.7,0.1,
Austin Carr,SG,31,CLE,77,,20.7,5.1,10.9,.465,0.0,0.1,.333,5.0,10.8,.466,.466,1.6,2.2,.738,1.1,1.1,2.1,1.9,0.5,0.0,1.4,1.6,11.8,14.3,.497,.007,.205,5.1,5.8,5.5,13.2,1.1,0.1,10.6,24.6,1.3,0.6,2.0,.059,0.1,-1.8,-1.7,0.1,
Kenny Carr,PF,24,TOT,79,,23.3,4.8,9.7,.492,0.0,0.1,.000,4.8,9.7,.495,.492,2.2,3.3,.658,2.5,4.9,7.4,1.0,0.8,0.7,1.9,3.1,11.8,15.9,.526,.005,.342,11.0,23.3,16.9,5.6,1.6,1.5,14.8,21.7,1.4,2.3,3.8,.099,-0.6,-0.6,-1.2,0.3,
Kenny Carr,PF,24,LAL,5,,11.4,1.4,3.2,.438,0.0,0.0,,1.4,3.2,.438,.438,0.4,0.4,1.000,1.0,2.4,3.4,0.2,0.4,0.2,1.8,1.2,3.2,5.2,.474,.000,.125,10.5,21.1,16.3,2.0,1.6,0.9,34.8,18.2,-0.2,0.1,-0.1,-0.067,-4.5,-0.5,-5.0,-0.1,
Kenny Carr,PF,24,CLE,74,,24.1,5.0,10.2,.493,0.0,0.1,.000,5.0,10.1,.496,.493,2.3,3.5,.655,2.6,5.1,7.7,1.0,0.9,0.7,2.0,3.2,12.3,16.3,.527,.005,.347,11.0,23.4,16.9,5.7,1.6,1.5,14.3,21.8,1.6,2.3,3.9,.104,-0.5,-0.6,-1.1,0.4,
M.L. Carr,SF,29,BOS,82,7,24.3,4.4,9.3,.474,0.1,0.5,.293,4.3,8.8,.485,.482,2.2,2.9,.739,1.3,2.7,4.0,1.9,1.5,0.4,1.7,2.6,11.1,14.6,.526,.054,.316,6.0,12.3,9.2,10.7,2.8,1.0,14.1,20.2,1.9,3.2,5.2,.125,-0.2,1.5,1.3,1.7,
Bob Carrington,SG,26,SDC,10,,13.4,1.5,3.7,.405,0.0,0.2,.000,1.5,3.5,.429,.405,0.6,0.8,.750,0.6,0.7,1.3,0.3,0.4,0.1,0.5,1.8,3.6,5.9,.444,.054,.216,4.7,5.8,5.2,2.9,1.4,0.4,11.0,13.6,0.0,0.0,0.0,.001,-4.0,-0.7,-4.6,-0.1,
Ron Carter,SG,23,IND,13,,9.0,1.2,2.8,.405,0.0,0.0,,1.2,2.8,.405,.405,0.2,0.5,.286,0.4,1.1,1.5,0.7,0.2,0.2,0.8,1.5,2.5,4.2,.399,.000,.189,4.3,12.8,8.4,9.8,0.8,1.4,20.0,16.6,-0.2,0.1,-0.1,-0.058,-5.0,-0.8,-5.8,-0.2,
Bill Cartwright,C,22,NYK,82,,38.4,8.1,14.8,.547,0.0,0.0,,8.1,14.8,.547,.547,5.5,6.9,.797,2.4,6.5,8.9,2.0,0.6,1.2,2.7,3.4,21.7,17.9,.608,.000,.466,6.6,18.6,12.6,7.0,0.7,1.7,13.2,20.6,7.7,2.1,9.7,.148,1.7,-1.2,0.6,2.1,
Harvey Catchings,C,28,MIL,72,,19.0,1.3,3.4,.398,0.0,0.0,.000,1.3,3.4,.399,.398,0.5,0.9,.629,2.3,3.4,5.7,1.1,0.3,2.3,0.9,2.7,3.2,10.9,.429,.004,.254,13.4,19.0,16.3,7.0,0.8,6.5,20.0,9.9,0.2,2.4,2.6,.090,-2.4,2.6,0.1,0.7,
Don Chaney,SG,33,BOS,60,0,8.7,1.1,3.2,.354,0.0,0.1,.167,1.1,3.1,.361,.357,0.5,0.7,.762,0.5,0.7,1.2,0.6,0.5,0.2,0.6,1.3,2.8,7.8,.402,.032,.222,6.7,8.8,7.8,9.3,2.8,1.2,13.7,18.3,-0.4,0.8,0.4,.033,-4.3,1.2,-3.1,-0.1,
Maurice Cheeks*,PG,23,PHI,79,79,33.2,4.5,8.4,.540,0.1,0.1,.444,4.5,8.3,.541,.543,2.3,2.9,.779,0.9,2.5,3.5,7.0,2.3,0.4,2.7,2.5,11.4,15.9,.589,.014,.349,3.2,7.6,5.5,28.2,3.3,0.7,22.1,14.9,3.8,4.1,7.9,.145,0.5,2.0,2.4,2.9,
Phil Chenier,SG,29,TOT,43,,19.8,3.2,8.1,.390,0.1,0.3,.417,3.0,7.8,.389,.397,1.1,1.6,.731,0.4,1.4,1.8,2.1,0.8,0.3,1.3,1.3,7.6,9.5,.431,.034,.192,2.2,7.2,4.7,14.0,1.8,0.9,12.7,20.0,-0.6,0.6,0.0,.002,-3.1,-0.5,-3.6,-0.3,
Phil Chenier,SG,29,WSB,20,,23.5,4.2,10.7,.393,0.2,0.3,.500,4.1,10.4,.389,.400,1.6,2.1,.756,0.5,1.7,2.2,2.1,0.9,0.3,1.5,1.3,10.1,10.1,.435,.028,.192,2.1,7.1,4.6,12.4,1.8,0.6,11.1,21.9,-0.3,0.4,0.0,.004,-3.2,-0.4,-3.6,-0.2,
Phil Chenier,SG,29,IND,23,,16.5,2.3,5.9,.385,0.1,0.3,.333,2.2,5.6,.388,.393,0.8,1.1,.692,0.4,1.1,1.5,2.0,0.7,0.4,1.1,1.3,5.4,8.9,.423,.044,.193,2.4,7.3,4.8,15.9,1.8,1.4,15.1,17.6,-0.3,0.2,0.0,.000,-3.0,-0.6,-3.6,-0.2,
Jim Chones,C,30,LAL,82,,29.2,4.5,9.3,.489,0.0,0.0,.000,4.5,9.2,.491,.489,1.5,2.1,.740,1.7,5.1,6.9,1.8,0.7,0.8,2.1,3.3,10.6,11.3,.521,.003,.222,7.1,17.6,12.8,7.6,1.1,1.4,17.3,16.9,0.7,2.8,3.5,.071,-2.0,-0.3,-2.4,-0.2,
Jim Cleamons,PG,30,TOT,79,,22.6,2.7,5.7,.476,0.1,0.4,.226,2.6,5.3,.494,.483,1.1,1.4,.743,0.7,1.3,1.9,3.6,0.7,0.1,1.4,1.7,6.6,10.8,.519,.069,.251,3.0,5.7,4.3,20.4,1.5,0.3,17.9,13.4,1.3,1.0,2.3,.063,-1.7,0.0,-1.7,0.2,
Jim Cleamons,PG,30,NYK,22,,11.5,1.4,3.1,.435,0.1,0.4,.375,1.2,2.8,.443,.457,0.5,0.7,.800,0.5,0.4,0.9,1.8,0.6,0.1,0.8,0.6,3.4,11.1,.496,.116,.217,4.2,3.9,4.1,18.7,2.3,0.4,18.4,14.0,0.2,0.1,0.3,.048,-0.9,-0.3,-1.2,0.1,
Jim Cleamons,PG,30,WSB,57,,26.9,3.2,6.7,.483,0.1,0.4,.174,3.2,6.3,.503,.488,1.3,1.7,.735,0.8,1.6,2.3,4.4,0.8,0.2,1.6,2.1,7.8,10.7,.523,.060,.257,2.8,5.9,4.3,20.7,1.3,0.3,17.8,13.3,1.2,0.9,2.1,.065,-1.9,0.1,-1.8,0.1,
Doug Collins,SG,28,PHI,36,17,26.8,5.3,11.4,.466,0.0,0.0,.000,5.3,11.4,.467,.466,3.1,3.4,.911,0.8,1.8,2.6,2.8,0.8,0.2,2.3,2.1,13.8,13.6,.533,.002,.302,3.4,6.8,5.2,15.1,1.5,0.4,15.0,22.7,0.9,1.0,1.9,.094,-1.1,-0.8,-1.9,0.0,
Jeff Cook,PF,23,PHO,66,,13.7,2.0,4.2,.469,0.0,0.0,.000,2.0,4.1,.474,.469,1.6,2.0,.806,1.4,2.3,3.7,1.3,0.4,0.3,1.1,1.5,5.5,14.4,.546,.011,.469,11.2,18.0,14.6,12.2,1.4,1.1,17.6,17.7,1.1,1.3,2.4,.126,-0.3,0.1,-0.2,0.4,
Michael Cooper,SG,23,LAL,82,,24.1,3.7,7.0,.524,0.1,0.2,.250,3.6,6.8,.534,.529,1.4,1.7,.776,1.2,1.6,2.8,2.7,1.0,0.5,1.7,2.6,8.8,12.5,.563,.035,.247,6.1,6.5,6.3,13.5,2.0,1.0,18.1,15.9,2.2,1.8,4.0,.097,-0.4,0.3,-0.1,0.9,
Wayne Cooper,PF,23,GSW,79,,22.5,4.6,9.5,.489,0.0,0.1,.250,4.6,9.4,.491,.490,1.7,2.3,.751,2.6,3.9,6.4,0.5,0.3,1.0,1.8,3.1,11.0,14.8,.525,.005,.241,12.1,19.5,15.7,3.5,0.5,2.6,14.4,22.4,1.1,1.6,2.8,.074,-1.6,-1.8,-3.5,-0.7,
Hollis Copeland,SF,24,NYK,75,,15.2,2.4,4.9,.495,0.0,0.0,.000,2.4,4.9,.497,.495,0.8,1.1,.733,0.9,1.1,2.1,1.1,0.8,0.3,1.1,2.1,5.7,11.0,.526,.005,.234,6.6,8.3,7.4,8.7,2.4,1.2,17.1,16.5,0.5,0.8,1.2,.052,-1.7,0.0,-1.8,0.1,
Dave Corzine,C,23,WSB,78,,10.6,1.2,2.8,.417,0.0,0.0,,1.2,2.8,.417,.417,0.6,0.9,.662,1.3,2.1,3.5,0.8,0.1,0.4,0.8,1.5,2.9,10.3,.457,.000,.315,12.5,20.4,16.4,9.7,0.5,2.0,19.6,14.6,-0.1,0.9,0.9,.050,-3.1,0.2,-3.0,-0.2,
John Coughran,SF,28,GSW,24,,6.7,1.2,3.4,.358,0.1,0.4,.222,1.1,3.0,.375,.370,0.3,0.6,.571,0.1,0.7,0.8,0.5,0.3,0.0,0.5,1.0,2.8,6.0,.390,.111,.173,1.3,12.1,6.5,10.6,2.1,0.4,13.0,25.8,-0.4,0.1,-0.3,-0.086,-5.6,-0.9,-6.5,-0.3,
Dave Cowens*,C,31,BOS,66,55,32.7,6.4,14.1,.453,0.0,0.2,.083,6.4,13.9,.458,.453,1.4,1.8,.779,1.9,6.2,8.1,3.1,1.0,0.9,1.6,3.3,14.2,14.8,.477,.013,.131,6.6,20.7,13.8,13.4,1.5,1.6,9.9,20.1,1.9,3.6,5.4,.121,-0.2,1.1,0.9,1.6,
Charlie Criss,PG,31,ATL,81,,22.1,3.1,7.1,.431,0.0,0.2,.059,3.1,6.9,.442,.432,2.1,2.6,.811,0.3,1.1,1.4,3.0,0.9,0.0,1.6,1.6,8.3,11.5,.500,.029,.367,1.6,5.4,3.5,20.0,2.0,0.1,16.2,18.2,1.0,1.8,2.8,.075,-1.4,0.0,-1.4,0.3,
Terry Crosby,PG,23,KCK,4,,7.0,0.5,1.0,.500,0.0,0.0,,0.5,1.0,.500,.500,0.5,0.5,1.000,0.0,0.3,0.3,1.8,0.0,0.0,1.3,1.0,1.5,3.5,.615,.000,.500,0.0,4.0,1.9,30.0,0.0,0.0,50.6,14.1,0.0,0.0,0.0,-0.051,-4.4,-0.4,-4.8,0.0,
Pat Cummings,C,23,MIL,71,,12.7,2.6,5.2,.505,0.0,0.0,,2.6,5.2,.505,.505,1.3,1.7,.764,1.1,2.2,3.4,0.7,0.3,0.2,1.0,2.0,6.6,15.3,.552,.000,.332,10.1,18.4,14.4,8.2,1.1,1.0,14.9,22.0,1.2,1.2,2.5,.131,-1.0,-0.6,-1.6,0.1,
Bob Dandridge*,SF,32,WSB,45,,32.4,7.3,16.2,.451,0.0,0.2,.182,7.3,16.0,.455,.453,2.7,3.4,.809,1.4,4.1,5.5,4.0,0.6,0.8,2.7,2.5,17.4,14.8,.492,.015,.209,4.3,12.7,8.5,18.2,0.9,1.3,13.4,24.9,0.5,1.2,1.7,.056,0.2,-0.4,-0.2,0.7,
Adrian Dantley*,SF,24,UTA,68,,39.3,10.7,18.6,.576,0.0,0.0,.000,10.7,18.6,.577,.576,6.5,7.7,.842,2.7,4.9,7.6,2.8,1.4,0.2,3.4,3.1,28.0,24.3,.635,.002,.415,8.3,14.0,11.3,12.3,1.8,0.3,13.5,27.8,9.5,1.1,10.5,.189,5.3,-1.6,3.7,3.8,
Brad Davis,PG,24,TOT,18,,14.9,1.9,3.5,.556,0.0,0.1,.000,1.9,3.4,.565,.556,0.7,0.9,.813,0.2,0.7,0.9,2.8,0.7,0.1,0.8,1.6,4.6,14.1,.593,.016,.254,1.8,5.4,3.7,25.9,2.3,0.2,16.7,13.3,0.5,0.1,0.6,.108,-0.6,-0.1,-0.7,0.1,
Brad Davis,PG,24,IND,5,,8.6,0.4,1.4,.286,0.0,0.0,,0.4,1.4,.286,.286,0.6,0.8,.750,0.0,0.4,0.4,1.0,0.6,0.0,0.6,1.4,1.4,3.9,.400,.000,.571,0.0,5.0,2.4,13.4,3.2,0.0,25.5,10.6,0.0,0.0,0.0,-0.013,-4.8,0.2,-4.5,0.0,
Brad Davis,PG,24,UTA,13,,17.3,2.5,4.3,.589,0.0,0.1,.000,2.5,4.2,.600,.589,0.8,0.9,.833,0.3,0.8,1.2,3.5,0.8,0.1,0.8,1.6,5.8,16.0,.620,.018,.214,2.2,5.5,3.9,28.3,2.2,0.3,15.2,13.8,0.6,0.0,0.6,.131,0.2,-0.2,0.0,0.2,
Harry Davis,SF,24,SAS,4,,7.5,1.5,3.0,.500,0.0,0.0,,1.5,3.0,.500,.500,0.3,0.5,.500,0.5,1.0,1.5,0.0,0.3,0.0,0.8,2.0,3.3,5.8,.505,.000,.167,7.3,14.0,10.7,0.0,1.5,0.0,18.9,20.0,0.0,0.0,0.0,-0.030,-4.6,-0.4,-5.1,-0.1,
Johnny Davis,PG,24,IND,82,,35.5,6.0,14.1,.428,0.0,0.5,.095,6.0,13.6,.440,.430,3.7,4.3,.864,1.2,1.5,2.8,5.4,1.3,0.3,2.5,2.2,15.9,13.6,.495,.036,.304,3.5,4.5,4.0,20.3,1.7,0.4,13.3,20.2,3.1,1.3,4.4,.073,-0.4,-1.5,-2.0,0.0,
Walter Davis,SF,25,PHO,75,,30.8,8.8,15.5,.563,0.0,0.1,.000,8.8,15.5,.565,.563,4.0,4.9,.819,1.0,2.6,3.6,4.5,1.5,0.3,3.2,2.7,21.5,21.3,.608,.003,.313,3.6,9.2,6.5,23.6,2.3,0.5,15.4,27.0,5.5,2.8,8.3,.173,3.4,0.2,3.6,3.3,
Darryl Dawkins,C,23,PHI,80,80,31.8,6.2,11.8,.522,0.0,0.1,.000,6.2,11.8,.526,.522,2.4,3.6,.653,2.5,6.2,8.7,1.9,0.6,1.8,2.9,4.1,14.7,14.6,.548,.006,.308,8.7,19.6,14.5,8.5,0.9,3.0,17.6,20.5,1.3,4.3,5.7,.107,-1.7,0.6,-1.2,0.5,
Paul Dawkins,SF,22,UTA,57,,13.6,2.5,5.3,.470,0.0,0.1,.200,2.5,5.2,.475,.472,0.6,0.8,.688,0.7,1.5,2.2,1.4,0.6,0.2,1.3,2.0,5.5,11.0,.492,.017,.160,6.6,12.0,9.4,14.8,2.1,0.7,19.1,22.0,-0.5,0.4,-0.1,-0.009,-2.9,-1.3,-4.2,-0.4,
Greg Deane,SG,22,UTA,7,,6.9,0.3,1.6,.182,0.1,0.1,1.000,0.1,1.4,.100,.227,0.7,1.0,.714,0.3,0.6,0.9,0.9,0.0,0.0,0.4,0.4,1.4,4.5,.355,.091,.636,5.1,9.4,7.3,15.4,0.0,0.0,17.6,15.3,-0.1,0.0,-0.1,-0.070,-3.8,-1.0,-4.8,-0.1,
Larry Demic,PF,22,NYK,82,,22.8,2.8,6.4,.436,0.0,0.0,,2.8,6.4,.436,.436,1.3,2.2,.601,2.4,3.5,5.9,0.8,0.7,0.4,2.0,3.7,7.0,7.4,.468,.000,.347,11.2,16.9,14.1,4.1,1.3,0.9,21.6,16.0,-1.4,1.3,-0.1,-0.002,-4.5,-1.6,-6.2,-2.0,
Coby Dietrick,C,31,CHI,79,,23.2,2.9,6.3,.454,0.0,0.1,.111,2.9,6.2,.460,.455,1.1,1.5,.763,1.3,3.3,4.6,2.7,1.1,0.6,1.4,2.9,6.9,12.1,.494,.018,.236,6.4,15.7,11.1,16.4,2.3,1.6,16.9,14.8,0.8,2.1,2.9,.076,-0.9,1.5,0.6,1.2,
Leon Douglas,C,25,DET,70,,25.5,3.2,6.5,.486,0.0,0.0,.000,3.2,6.5,.487,.486,1.8,2.6,.676,2.4,4.7,7.2,1.7,0.4,0.9,1.8,3.6,8.1,11.4,.529,.002,.407,10.0,19.6,14.8,8.5,0.8,1.8,19.1,14.3,1.0,1.1,2.1,.057,-2.1,-0.6,-2.8,-0.3,
John Drew,SF,25,ATL,80,,28.8,6.7,14.8,.453,0.0,0.1,.000,6.7,14.7,.455,.453,6.1,8.1,.757,2.5,3.4,5.9,1.3,1.1,0.3,3.0,3.9,19.5,17.8,.532,.006,.547,9.4,12.5,11.0,7.4,1.9,0.6,14.1,30.2,3.3,3.1,6.4,.134,0.6,-0.9,-0.3,1.0,
Terry Duerod,SG,23,DET,67,,19.9,4.2,8.9,.472,0.2,0.8,.283,4.0,8.1,.490,.484,0.7,1.0,.682,0.4,1.0,1.5,1.7,0.6,0.2,1.2,1.5,9.3,11.7,.498,.089,.110,2.3,5.5,3.9,12.4,1.4,0.4,11.2,20.4,0.6,0.2,0.7,.026,-1.5,-1.7,-3.3,-0.4,
Mike Dunleavy,PG,25,HOU,51,,20.3,2.9,6.3,.464,0.1,0.4,.150,2.8,5.9,.485,.469,2.2,2.6,.828,0.5,1.5,2.0,4.1,0.8,0.1,2.2,2.4,8.0,12.9,.542,.063,.420,2.7,8.1,5.3,26.7,1.8,0.2,22.5,18.6,0.9,0.5,1.4,.065,-0.7,-0.8,-1.5,0.1,
T.R. Dunn,SG,24,POR,82,,22.5,2.9,6.7,.436,0.0,0.0,.000,2.9,6.7,.438,.436,1.0,1.4,.757,1.6,2.3,4.0,1.8,1.2,0.4,1.1,1.8,6.9,12.5,.470,.005,.201,7.8,11.6,9.7,10.9,2.7,1.0,13.2,15.4,0.9,2.3,3.3,.086,-0.8,1.3,0.4,1.1,
James Edwards,C,24,IND,82,,28.2,6.4,12.6,.512,0.0,0.0,.000,6.4,12.6,.512,.512,2.8,4.1,.681,2.2,4.9,7.0,1.5,0.7,1.3,1.6,4.0,15.7,17.6,.545,.001,.328,7.8,18.4,12.9,8.0,1.1,2.4,10.0,22.0,4.4,2.4,6.7,.140,0.2,-0.7,-0.5,0.9,
Bob Elliott,PF,24,NJN,54,,13.4,1.9,4.2,.443,0.0,0.1,.250,1.9,4.1,.446,.445,1.9,2.8,.684,1.2,2.2,3.4,1.0,0.5,0.3,1.6,1.8,5.7,11.6,.521,.018,.667,9.6,16.9,13.3,10.0,1.8,1.1,23.0,20.5,-0.3,1.0,0.8,.050,-2.7,-0.2,-2.9,-0.2,
Bo Ellis,PF,25,DEN,48,,10.5,1.3,2.8,.449,0.0,0.1,.000,1.3,2.8,.459,.449,0.8,1.1,.755,1.1,1.4,2.4,0.6,0.2,0.5,0.5,1.4,3.4,12.1,.508,.022,.390,10.3,13.8,12.0,8.0,0.9,2.6,13.1,14.3,0.5,0.4,0.9,.085,-1.6,-0.3,-1.9,0.0,
Len Elmore,C,27,KCK,58,,15.8,1.8,4.2,.430,0.0,0.0,,1.8,4.2,.430,.430,0.9,1.3,.689,1.3,3.2,4.4,1.1,0.7,0.7,1.2,2.7,4.5,10.6,.472,.000,.306,8.4,22.2,15.0,8.8,2.1,2.5,19.6,14.9,-0.3,1.8,1.5,.080,-3.5,2.1,-1.4,0.1,
Alex English*,SF,26,TOT,78,,30.8,7.1,14.3,.497,0.0,0.1,.333,7.1,14.2,.498,.498,2.7,3.4,.789,3.4,4.3,7.8,2.9,0.9,0.8,2.7,2.6,16.9,18.0,.536,.005,.239,11.3,14.9,13.1,13.9,1.4,1.4,14.8,23.4,3.3,2.0,5.3,.105,1.6,-1.2,0.4,1.5,
Alex English*,SF,26,IND,54,,28.3,6.4,12.7,.504,0.0,0.1,.000,6.4,12.6,.507,.504,2.1,2.6,.814,3.1,3.9,7.0,2.6,0.8,0.6,2.3,2.4,14.9,17.7,.539,.004,.204,11.0,14.9,12.9,13.5,1.4,1.2,14.2,22.2,2.4,1.3,3.6,.114,1.6,-1.3,0.3,0.9,
Alex English*,SF,26,DEN,24,,36.5,8.6,17.8,.485,0.1,0.1,.667,8.5,17.7,.483,.487,4.0,5.3,.762,4.3,5.1,9.4,3.4,1.2,1.2,3.8,3.3,21.3,18.5,.531,.007,.295,11.9,15.0,13.4,14.7,1.5,1.8,15.7,25.6,0.9,0.7,1.6,.089,1.6,-0.9,0.7,0.6,
Julius Erving*,SF,29,PHI,78,78,36.1,10.7,20.7,.519,0.1,0.3,.200,10.7,20.4,.523,.520,5.4,6.8,.787,2.8,4.6,7.4,4.6,2.2,1.8,3.6,2.7,26.9,25.4,.568,.012,.331,8.6,12.9,10.9,21.4,2.8,2.7,13.3,30.3,7.3,5.2,12.5,.213,5.7,1.9,7.6,6.8,
Earl Evans,PF,24,DET,36,,10.6,1.8,3.9,.450,0.2,0.5,.389,1.6,3.4,.459,.475,0.7,1.2,.571,0.7,1.4,2.1,1.0,0.4,0.0,1.0,1.8,4.4,10.3,.495,.129,.300,7.1,13.6,10.3,12.9,1.6,0.1,18.5,19.6,-0.1,0.2,0.1,.015,-2.8,-1.2,-4.0,-0.2,
Mike Evans,SG,24,SAS,79,,15.8,2.6,5.9,.448,0.2,0.5,.286,2.5,5.3,.464,.461,0.7,1.1,.682,0.4,1.0,1.4,2.9,0.8,0.1,1.6,2.5,6.2,9.8,.485,.091,.183,2.5,6.6,4.6,22.8,2.1,0.4,20.3,19.1,-0.4,0.5,0.1,.004,-2.9,-1.1,-4.0,-0.6,
Eric Fernsten,PF,26,BOS,56,0,7.7,1.3,2.7,.464,0.0,0.0,,1.3,2.7,.464,.464,0.6,0.9,.635,0.7,1.0,1.7,0.5,0.3,0.2,0.4,0.8,3.1,14.4,.497,.000,.340,10.5,14.3,12.4,8.7,1.8,1.6,10.2,18.1,0.5,0.6,1.2,.133,0.2,0.6,0.8,0.3,
Chris Ford,SG,31,BOS,73,73,29.0,4.5,9.7,.465,1.0,2.2,.427,3.6,7.5,.477,.515,1.2,1.6,.754,1.1,1.4,2.5,2.9,1.5,0.4,1.4,2.4,11.2,13.0,.537,.231,.161,4.1,5.4,4.8,13.5,2.5,0.7,12.2,16.2,2.9,2.6,5.6,.126,0.6,1.4,2.0,2.1,
Don Ford,SF,27,TOT,73,,13.7,1.8,3.8,.478,0.0,0.0,.333,1.8,3.7,.480,.480,0.6,0.7,.849,0.6,1.9,2.5,0.9,0.3,0.3,0.7,1.8,4.2,9.6,.518,.011,.193,4.9,14.8,9.9,7.8,1.0,1.1,14.6,13.7,0.6,0.9,1.5,.072,-2.2,0.1,-2.1,0.0,
Don Ford,SF,27,LAL,52,,11.2,1.3,2.5,.508,0.0,0.0,.000,1.3,2.5,.512,.508,0.4,0.5,.821,0.4,1.4,1.9,0.7,0.2,0.3,0.6,1.7,3.0,8.3,.545,.008,.215,4.7,13.0,9.2,7.2,0.9,1.3,17.4,11.9,0.3,0.6,0.9,.073,-2.7,0.1,-2.5,-0.1,
Don Ford,SF,27,CLE,21,,20.0,3.1,6.9,.451,0.0,0.1,.500,3.0,6.8,.451,.455,1.0,1.2,.880,1.0,3.1,4.1,1.4,0.5,0.3,1.0,2.1,7.3,11.4,.494,.014,.174,5.1,17.4,11.0,8.6,1.2,0.8,11.9,16.1,0.2,0.4,0.6,.071,-1.5,0.0,-1.5,0.1,
Phil Ford,PG,23,KCK,82,,32.0,6.0,12.9,.462,0.0,0.3,.174,5.9,12.6,.469,.464,4.2,5.2,.818,0.4,1.7,2.1,7.4,1.7,0.0,3.4,2.5,16.2,16.5,.534,.022,.400,1.1,6.1,3.5,32.4,2.4,0.1,18.5,23.3,2.7,3.4,6.1,.111,1.0,-0.2,0.8,1.8,
Walt Frazier*,PG,34,CLE,3,,9.0,1.3,3.7,.364,0.0,0.3,.000,1.3,3.3,.400,.364,0.7,0.7,1.000,0.3,0.7,1.0,2.7,0.7,0.3,1.3,0.7,3.3,13.6,.421,.091,.182,3.7,8.2,5.9,36.7,3.4,2.0,25.2,22.6,0.0,0.0,0.0,-0.012,-3.5,0.2,-3.3,0.0,
World B. Free,SG,26,SDC,68,,38.0,10.8,22.9,.474,0.1,0.4,.360,10.7,22.5,.476,.477,8.4,11.2,.753,1.9,1.6,3.5,4.2,1.2,0.5,3.4,2.9,30.2,22.7,.544,.016,.488,5.2,4.7,5.0,18.0,1.5,0.7,10.8,32.7,7.7,0.3,8.0,.148,4.9,-1.9,3.1,3.3,
Terry Furlow,SG,25,TOT,76,,27.9,5.7,12.2,.464,0.3,1.1,.293,5.3,11.1,.481,.477,2.3,2.6,.872,0.9,1.6,2.6,3.9,1.0,0.3,2.1,1.3,13.9,16.0,.521,.089,.212,3.9,6.5,5.3,21.4,1.7,0.6,13.9,23.6,2.2,0.6,2.8,.064,1.5,-1.8,-0.2,1.0,
Terry Furlow,SG,25,ATL,21,,19.2,3.1,7.7,.410,0.0,0.4,.111,3.1,7.2,.428,.413,2.1,2.4,.863,1.1,0.9,2.0,3.4,0.9,0.4,1.6,0.9,8.4,15.9,.482,.056,.317,6.1,5.1,5.6,27.0,2.3,1.3,15.6,22.0,0.4,0.5,0.8,.100,2.1,0.4,2.5,0.5,
Terry Furlow,SG,25,UTA,55,,31.2,6.6,13.9,.476,0.4,1.3,.315,6.2,12.6,.493,.491,2.3,2.6,.876,0.9,1.9,2.8,4.0,1.0,0.3,2.3,1.4,16.0,16.0,.530,.095,.190,3.3,6.9,5.2,20.0,1.5,0.5,13.5,24.0,1.9,0.2,2.0,.056,1.4,-2.2,-0.9,0.5,
Mike Gale,PG,29,SAS,67,,22.0,2.6,5.6,.454,0.0,0.2,.154,2.5,5.4,.464,.456,1.4,1.8,.808,0.5,1.8,2.3,4.7,1.8,0.2,1.7,2.0,6.6,13.3,.513,.034,.318,2.5,8.4,5.5,24.6,3.7,0.5,21.1,14.0,1.0,1.2,2.2,.073,-0.9,1.4,0.6,1.0,
Gary Garland,PG,22,DEN,78,,14.2,2.0,4.6,.435,0.1,0.2,.316,1.9,4.3,.442,.444,0.2,0.3,.692,0.6,1.1,1.8,1.9,0.7,0.1,0.9,1.0,4.3,10.2,.454,.053,.073,4.6,8.5,6.5,17.9,2.3,0.2,16.6,15.6,-0.2,0.7,0.5,.020,-2.5,-0.1,-2.6,-0.2,
Gus Gerard,SF,26,KCK,73,,11.9,2.2,4.8,.457,0.0,0.0,.333,2.2,4.7,.458,.458,0.9,1.4,.660,1.1,1.4,2.4,0.6,0.6,0.4,0.7,1.3,5.3,14.1,.491,.009,.287,9.2,12.8,10.9,6.9,2.2,1.7,11.1,20.3,0.5,1.4,1.9,.104,-0.8,0.6,-0.2,0.4,
George Gervin*,SG,27,SAS,78,,37.6,13.1,24.9,.528,0.4,1.3,.314,12.7,23.6,.540,.536,6.5,7.6,.852,2.0,3.2,5.2,2.6,1.4,1.0,3.3,2.7,33.1,24.0,.587,.053,.306,5.7,8.9,7.3,11.0,1.6,1.4,10.3,31.7,9.3,1.3,10.6,.173,5.5,-1.6,3.9,4.4,
John Gianelli,C,29,UTA,17,,16.8,1.4,3.9,.348,0.0,0.0,,1.4,3.9,.348,.348,0.5,0.9,.563,0.8,2.8,3.6,1.0,0.4,0.4,1.3,1.5,3.2,5.1,.377,.000,.242,6.0,19.0,12.7,7.7,1.0,1.4,23.1,14.3,-0.6,0.1,-0.4,-0.071,-4.4,-1.1,-5.5,-0.3,
Artis Gilmore*,C,30,CHI,48,,32.7,6.4,10.7,.595,0.0,0.0,,6.4,10.7,.595,.595,5.1,7.2,.712,2.3,6.8,9.0,2.8,0.6,1.2,2.8,3.5,17.8,19.9,.643,.000,.671,7.9,22.7,15.5,13.0,0.9,2.1,16.7,20.7,4.0,1.7,5.6,.172,2.5,0.4,2.9,1.9,
Jack Givens,SF,23,ATL,82,,15.3,2.2,5.8,.385,0.0,0.0,.000,2.2,5.7,.386,.385,1.3,1.6,.828,1.4,1.6,3.0,0.7,0.6,0.2,0.7,1.6,5.7,11.5,.444,.004,.271,9.7,11.0,10.4,6.9,2.0,0.9,10.0,19.2,0.6,1.6,2.2,.084,-1.4,-0.2,-1.6,0.1,
Mike Glenn,SG,24,NYK,75,,10.7,2.5,4.9,.516,0.0,0.1,.200,2.5,4.7,.525,.519,0.8,1.0,.863,0.3,0.6,0.9,1.1,0.5,0.1,0.5,1.1,5.9,16.6,.557,.027,.201,2.8,6.2,4.5,14.6,2.0,0.5,8.8,20.9,1.8,0.3,2.1,.126,1.0,-0.5,0.5,0.5,
Glen Gondrezick,SF,24,DEN,59,,17.3,2.5,4.8,.517,0.0,0.1,.333,2.5,4.7,.521,.521,1.6,2.1,.760,1.8,2.6,4.4,1.4,1.2,0.3,1.0,2.0,6.6,16.7,.575,.021,.423,10.7,15.9,13.2,10.9,3.1,0.8,14.6,15.3,1.9,1.2,3.1,.145,0.8,1.2,2.0,1.0,
Mike Green,C,28,KCK,21,,21.9,3.3,7.6,.434,0.0,0.1,.000,3.3,7.5,.439,.434,1.1,2.0,.571,1.7,3.7,5.4,1.3,0.6,1.0,1.7,2.6,7.7,10.6,.456,.013,.264,7.9,18.9,13.2,8.1,1.3,2.7,16.9,18.6,-0.4,0.8,0.4,.044,-3.3,0.8,-2.5,-0.1,
Dave Greenwood,PF,22,CHI,82,,34.0,6.1,12.8,.474,0.0,0.1,.143,6.1,12.7,.476,.474,4.1,5.1,.810,2.7,6.7,9.4,2.2,0.7,1.6,2.6,3.8,16.3,16.2,.541,.007,.396,9.2,21.6,15.6,9.8,1.0,2.6,14.5,21.1,3.5,3.1,6.5,.112,-0.1,-0.2,-0.3,1.2,
Kevin Grevey,SF,26,WSB,65,,28.0,5.1,12.4,.412,0.5,1.4,.370,4.6,11.0,.417,.433,3.3,3.8,.867,1.2,1.6,2.9,2.7,0.9,0.2,1.6,2.4,14.0,13.7,.499,.114,.310,4.4,6.0,5.2,13.6,1.4,0.5,10.0,22.0,2.2,1.2,3.3,.088,-0.3,-0.5,-0.8,0.6,
Paul Griffin,C,26,SAS,82,,22.1,2.1,3.8,.553,0.0,0.0,,2.1,3.8,.553,.553,2.1,2.9,.725,1.9,3.5,5.3,3.0,1.0,0.6,1.6,3.7,6.3,13.2,.621,.000,.767,9.3,16.5,12.9,15.7,2.0,1.5,23.8,11.5,2.9,1.5,4.4,.116,-0.1,1.4,1.3,1.5,
Bob Gross,SF,26,POR,62,,25.5,3.6,7.6,.468,0.0,0.2,.100,3.5,7.5,.476,.469,1.5,1.8,.833,1.4,2.7,4.0,3.7,1.0,0.8,2.7,2.9,8.7,12.0,.515,.021,.242,5.8,11.6,8.7,20.0,1.8,1.7,24.1,17.9,-0.1,1.8,1.7,.051,-1.3,0.7,-0.6,0.6,
Ernie Grunfeld,SF,24,KCK,80,,17.5,2.3,5.3,.443,0.0,0.0,.500,2.3,5.2,.443,.444,1.3,1.6,.771,1.1,1.8,2.9,1.4,0.7,0.1,1.0,1.9,5.9,10.9,.496,.005,.312,6.4,11.5,8.9,10.1,1.9,0.4,14.5,16.0,0.6,1.9,2.5,.087,-1.9,0.6,-1.3,0.3,
Roy Hamilton,PG,22,DET,72,,15.5,1.6,4.0,.401,0.0,0.0,.000,1.6,4.0,.404,.401,1.4,2.1,.687,0.6,0.9,1.5,2.7,0.7,0.1,1.6,1.1,4.6,9.1,.472,.007,.523,4.2,5.9,5.0,21.0,1.9,0.2,25.1,16.2,-0.7,0.3,-0.4,-0.016,-2.7,-1.6,-4.3,-0.6,
James Hardy,PF,23,UTA,76,,21.1,2.4,4.8,.507,0.0,0.0,.500,2.4,4.8,.507,.508,0.7,0.9,.773,1.6,3.6,5.3,1.4,0.6,1.1,1.4,2.7,5.5,11.8,.536,.006,.182,9.4,19.4,14.6,8.8,1.4,3.1,21.1,13.4,0.5,1.3,1.8,.054,-1.8,0.4,-1.4,0.2,
Joe Hassett,SG,24,IND,74,,15.3,2.9,6.9,.422,0.9,2.7,.348,2.0,4.2,.469,.490,0.3,0.4,.828,0.5,0.8,1.3,1.4,0.6,0.1,0.6,1.1,7.1,13.0,.501,.389,.057,3.1,5.5,4.3,12.6,1.9,0.4,7.9,19.4,1.4,0.6,2.0,.085,0.4,-1.2,-0.8,0.3,
Steve Hawes,PF,29,ATL,82,,22.6,3.7,7.4,.502,0.0,0.1,.375,3.7,7.3,.504,.505,1.8,2.2,.824,1.8,4.2,6.0,1.8,0.9,0.4,1.5,2.5,9.3,16.2,.555,.013,.301,8.5,20.3,14.4,11.8,1.9,0.9,15.0,17.8,2.9,3.1,6.0,.155,0.9,1.2,2.1,1.9,
Elvin Hayes*,PF,34,WSB,81,,39.3,9.4,20.7,.454,0.0,0.2,.231,9.4,20.5,.456,.455,4.1,5.9,.699,3.3,7.7,11.1,1.6,0.8,2.3,2.7,3.8,23.0,17.2,.492,.008,.285,8.4,20.0,14.1,6.1,0.9,3.1,10.2,26.1,2.1,4.2,6.2,.094,-0.2,-0.2,-0.4,1.2,
Spencer Haywood*,PF,30,LAL,76,,20.3,3.8,7.8,.487,0.0,0.1,.250,3.8,7.7,.489,.488,2.1,2.7,.772,1.7,2.8,4.6,1.2,0.5,0.8,1.8,2.6,9.7,13.9,.540,.007,.349,10.2,13.9,12.2,7.6,1.0,1.9,16.4,21.2,1.4,1.7,3.1,.095,-1.3,-0.9,-2.3,-0.1,
Gar Heard,PF,31,PHO,82,,17.1,2.1,5.0,.417,0.0,0.0,.000,2.1,5.0,.419,.417,0.8,1.0,.744,1.4,3.2,4.6,1.2,1.0,0.6,1.1,2.2,5.0,11.5,.453,.005,.210,9.4,20.1,14.9,8.8,2.7,1.9,16.4,15.2,-0.3,2.6,2.3,.080,-2.4,1.6,-0.9,0.4,
Gerald Henderson,PG,24,BOS,76,2,14.0,2.5,5.0,.500,0.0,0.1,.333,2.5,4.9,.503,.503,1.2,1.7,.690,0.5,0.6,1.1,1.9,0.6,0.2,1.4,1.3,6.2,12.7,.539,.016,.338,3.9,4.8,4.4,19.0,2.0,0.8,19.9,20.5,0.5,1.2,1.7,.078,-0.5,0.1,-0.4,0.4,
Tom Henderson,PG,28,HOU,66,,23.5,2.3,4.9,.477,0.0,0.0,.000,2.3,4.9,.480,.477,0.8,1.2,.727,0.5,1.2,1.7,4.2,0.8,0.1,1.5,1.6,5.5,9.7,.510,.006,.238,2.4,5.6,4.0,22.0,1.7,0.1,22.2,11.7,0.9,0.4,1.3,.041,-1.3,-0.5,-1.8,0.1,
Johnny High,PG,22,PHO,82,,13.7,1.8,3.9,.446,0.0,0.1,.143,1.7,3.9,.453,.447,1.5,2.2,.674,0.8,1.3,2.1,1.5,0.9,0.2,1.5,2.1,5.0,10.1,.510,.022,.551,6.9,10.0,8.5,13.7,2.9,0.7,23.5,18.6,-0.5,1.6,1.1,.047,-3.3,0.9,-2.4,-0.1,
Armond Hill,PG,26,ATL,79,,26.5,2.2,5.5,.411,0.0,0.1,.250,2.2,5.4,.412,.412,1.6,1.8,.849,0.4,1.4,1.7,5.4,1.4,0.1,2.2,3.3,6.1,9.2,.484,.009,.339,1.6,5.5,3.5,27.4,2.5,0.2,25.7,13.0,0.1,2.4,2.5,.057,-2.7,0.7,-2.0,0.0,
Darnell Hillman,PF,30,GSW,49,,14.4,1.7,3.7,.458,0.0,0.0,,1.7,3.7,.458,.458,0.7,1.4,.500,1.2,2.5,3.7,1.0,0.4,0.5,1.2,2.6,4.0,8.7,.474,.000,.380,8.9,19.5,14.0,8.6,1.4,2.0,22.0,15.6,-0.5,0.8,0.3,.018,-4.5,0.3,-4.2,-0.4,
Brad Holland,SG,23,LAL,38,,5.2,1.2,2.7,.423,0.1,0.4,.200,1.1,2.3,.461,.438,0.4,0.4,.938,0.1,0.3,0.4,0.6,0.4,0.0,0.3,0.6,2.8,14.3,.477,.144,.154,2.4,6.6,4.7,14.8,3.5,0.3,10.5,25.2,0.1,0.2,0.3,.081,-2.9,0.3,-2.6,0.0,
Lionel Hollins,SG-PG,26,TOT,47,26,25.7,4.5,11.2,.403,0.1,0.4,.150,4.4,10.8,.413,.406,2.1,3.0,.721,0.6,1.3,1.9,3.4,1.6,0.2,2.7,2.2,11.2,10.5,.449,.038,.266,2.7,5.1,3.9,19.0,3.0,0.5,17.9,23.9,-1.4,1.5,0.1,.006,-3.5,-0.1,-3.6,-0.5,
Lionel Hollins,PG,26,POR,20,,20.7,4.1,10.7,.385,0.1,0.5,.100,4.1,10.2,.399,.387,1.7,2.7,.642,0.3,0.8,1.0,2.5,1.5,0.1,3.0,1.8,10.0,8.2,.421,.047,.249,1.3,4.1,2.7,18.3,3.5,0.1,20.2,29.4,-1.2,0.5,-0.8,-0.090,-5.5,-1.2,-6.7,-0.5,
Lionel Hollins,SG,26,PHI,27,26,29.5,4.8,11.6,.415,0.1,0.4,.200,4.7,11.2,.422,.419,2.5,3.2,.770,0.9,1.7,2.6,4.1,1.7,0.3,2.5,2.5,12.2,11.7,.468,.032,.278,3.4,5.7,4.6,19.4,2.7,0.6,16.2,21.1,-0.1,1.1,0.9,.055,-2.4,0.5,-2.0,0.0,
Phil Hubbard,PF,23,DET,64,,18.6,3.3,7.0,.466,0.0,0.0,.000,3.3,7.0,.468,.466,2.6,3.4,.750,1.8,3.2,5.0,1.1,0.8,0.2,1.9,3.2,9.1,13.7,.534,.004,.488,10.0,18.4,14.1,7.9,1.8,0.4,18.0,21.6,0.7,0.9,1.6,.064,-2.3,-1.2,-3.5,-0.5,
Kim Hughes,C,27,DEN,70,,17.3,1.5,2.9,.505,0.0,0.0,,1.5,2.9,.505,.505,0.2,0.6,.366,1.8,2.9,4.7,1.1,0.9,1.1,0.7,2.6,3.1,11.5,.498,.000,.203,10.5,17.7,14.0,7.8,2.5,3.4,18.5,8.8,0.6,1.6,2.2,.088,-2.1,2.2,0.2,0.7,
Geoff Huston,PG,22,NYK,71,,13.0,1.3,3.4,.390,0.0,0.2,.176,1.3,3.2,.406,.396,0.4,0.5,.737,0.2,0.6,0.8,2.2,0.5,0.1,1.0,1.2,3.1,7.0,.425,.071,.158,1.6,5.2,3.4,20.0,1.9,0.3,22.1,13.8,-0.7,0.3,-0.3,-0.017,-3.4,-1.0,-4.4,-0.6,
Dan Issel*,C,31,DEN,82,,35.8,8.7,17.3,.505,0.0,0.1,.333,8.7,17.1,.506,.506,6.3,8.1,.775,2.9,5.9,8.8,2.4,1.1,0.7,2.0,2.3,23.8,22.2,.571,.008,.471,8.2,17.5,12.7,10.7,1.4,1.0,8.7,25.0,9.2,2.3,11.5,.188,4.1,-0.8,3.3,3.9,
Phil Jackson*,PF,34,NJN,16,,12.1,1.8,2.9,.630,0.0,0.1,.000,1.8,2.8,.659,.630,0.4,0.6,.700,0.8,0.8,1.5,0.8,0.3,0.3,0.6,2.2,4.1,10.7,.645,.043,.217,6.4,6.4,6.4,8.6,1.2,1.1,15.2,11.8,0.3,0.2,0.5,.121,-2.0,0.3,-1.7,0.0,
Abdul Jeelani,SF,25,POR,77,,16.7,3.7,7.3,.510,0.0,0.1,.000,3.7,7.3,.515,.510,2.1,2.6,.789,1.5,2.0,3.5,1.2,0.5,0.5,1.5,2.0,9.6,18.7,.563,.011,.361,9.6,13.5,11.5,11.6,1.5,1.8,15.2,24.6,2.3,1.5,3.8,.141,1.7,-0.1,1.5,1.1,
Cheese Johnson,SF,22,GSW,9,,5.9,1.3,3.3,.400,0.0,0.0,,1.3,3.3,.400,.400,0.3,0.6,.600,0.7,0.9,1.6,0.2,0.1,0.0,0.4,1.2,3.0,9.4,.419,.000,.167,12.1,17.2,14.6,5.7,0.9,0.0,11.0,28.1,-0.1,0.0,0.0,-0.033,-4.5,-1.0,-5.5,-0.1,
Clemon Johnson,C,23,IND,79,,19.5,2.5,5.0,.503,0.0,0.0,,2.5,5.0,.503,.503,0.9,1.5,.632,1.8,3.2,5.0,1.5,0.6,1.5,1.0,2.7,6.0,13.9,.527,.000,.295,9.5,17.2,13.2,9.5,1.4,4.3,14.8,13.2,1.6,1.9,3.5,.109,-1.1,1.2,0.1,0.8,
Dennis Johnson*,SG,25,SEA,81,,36.3,7.1,16.8,.422,0.1,0.7,.207,6.9,16.1,.431,.426,4.7,6.0,.780,2.1,3.0,5.1,4.1,1.8,1.0,2.8,3.3,19.0,15.9,.489,.043,.358,6.2,8.7,7.4,16.1,2.3,1.5,12.6,24.2,3.0,4.4,7.4,.120,0.5,0.8,1.3,2.5,
Eddie Johnson,SG,24,ATL,79,,33.2,7.5,15.3,.487,0.1,0.2,.385,7.4,15.2,.488,.489,3.5,4.3,.828,1.2,1.3,2.5,4.7,1.5,0.3,2.4,2.7,18.5,18.0,.538,.011,.279,3.9,4.3,4.1,23.5,2.2,0.5,12.2,24.1,5.4,2.7,8.2,.150,2.5,0.3,2.8,3.2,
George Johnson,C,31,NJN,81,,26.2,3.1,6.7,.457,0.0,0.0,.000,3.1,6.7,.458,.457,1.1,1.6,.706,2.4,5.1,7.4,2.1,0.7,3.2,2.5,3.9,7.2,11.8,.489,.002,.232,9.4,20.1,14.7,10.8,1.1,6.7,25.0,14.5,-1.3,3.9,2.6,.060,-3.3,3.0,-0.3,0.9,
George Johnson,PF,23,DEN,75,,25.8,4.1,8.7,.476,0.0,0.1,.222,4.1,8.5,.480,.478,2.0,2.5,.783,2.5,5.3,7.8,2.1,1.1,0.9,2.0,3.5,10.2,15.0,.524,.014,.291,10.0,21.7,15.7,11.4,2.0,1.9,16.8,17.8,1.5,2.3,3.8,.095,-1.0,0.6,-0.5,0.7,
John Johnson,SF,32,SEA,81,,31.3,4.7,9.5,.488,0.0,0.0,,4.7,9.5,.488,.488,2.0,2.5,.801,2.0,3.2,5.3,5.2,0.9,0.4,3.0,2.6,11.3,13.3,.532,.000,.260,6.7,11.0,8.8,22.4,1.4,0.8,22.3,17.2,1.7,3.2,4.9,.093,-0.1,0.4,0.3,1.5,
Magic Johnson*,SG,20,LAL,77,,36.3,6.5,12.3,.530,0.1,0.4,.226,6.4,11.9,.540,.534,4.9,6.0,.810,2.2,5.6,7.7,7.3,2.4,0.5,4.0,2.8,18.0,20.6,.602,.033,.487,7.1,15.4,11.6,25.2,3.1,0.8,20.9,20.9,6.2,4.3,10.5,.180,3.1,1.7,4.8,4.8,
Marques Johnson,SF,23,MIL,77,,34.9,8.9,16.5,.544,0.0,0.1,.222,8.9,16.3,.546,.545,3.8,4.8,.791,2.8,4.5,7.4,3.5,1.3,0.9,2.4,2.2,21.7,22.0,.585,.007,.290,9.0,13.7,11.4,15.1,1.7,1.4,11.5,23.9,8.0,3.5,11.5,.206,4.6,0.4,5.1,4.8,
Mickey Johnson,PF,27,IND,82,,32.3,7.2,15.5,.463,0.1,0.4,.156,7.1,15.1,.471,.465,4.7,5.9,.799,3.1,5.2,8.3,4.2,1.9,1.4,3.5,3.5,19.1,20.3,.528,.025,.379,9.8,17.1,13.3,18.7,2.7,2.3,16.2,25.9,3.7,3.5,7.3,.132,2.1,0.7,2.8,3.2,
Ollie Johnson,SF,30,CHI,79,,19.4,3.3,6.7,.497,0.0,0.1,.091,3.3,6.5,.506,.498,1.0,1.2,.882,0.6,1.4,2.1,2.0,0.7,0.3,1.2,2.1,7.7,12.3,.534,.021,.176,3.7,8.1,6.0,15.6,1.8,0.9,14.5,17.6,1.3,1.0,2.3,.073,-0.9,0.0,-0.9,0.4,
Vinnie Johnson,SG,23,SEA,38,,8.6,1.2,3.0,.391,0.0,0.0,.000,1.2,3.0,.395,.391,0.8,1.0,.795,0.5,0.9,1.4,1.4,0.5,0.1,1.1,1.1,3.2,10.9,.458,.009,.339,6.1,11.7,8.9,21.9,2.8,0.7,24.1,21.1,-0.3,0.5,0.2,.031,-3.1,0.9,-2.2,0.0,
Bobby Jones*,PF,28,PHI,81,3,26.2,4.9,9.2,.532,0.0,0.0,.000,4.9,9.2,.534,.532,3.2,4.1,.781,1.9,3.7,5.6,1.8,1.3,1.5,1.8,2.8,13.0,18.5,.590,.004,.440,8.0,14.1,11.2,9.8,2.2,3.0,14.1,19.5,4.3,3.8,8.1,.183,1.4,1.9,3.3,2.8,
Caldwell Jones,C,29,PHI,80,80,34.6,2.9,6.7,.436,0.0,0.0,.000,2.9,6.6,.438,.436,1.6,2.2,.697,2.7,9.1,11.9,2.1,0.5,2.0,2.7,3.7,7.4,9.7,.482,.004,.335,8.9,26.5,18.2,7.4,0.7,3.2,26.3,11.9,-1.5,5.4,3.9,.068,-3.1,1.5,-1.6,0.2,
Dwight Jones,PF,27,TOT,74,,19.6,3.5,6.8,.508,0.0,0.0,,3.5,6.8,.508,.508,2.0,2.7,.726,1.5,3.4,5.0,1.4,0.4,0.6,1.6,2.8,8.9,14.2,.555,.000,.397,8.9,19.4,14.2,10.4,0.9,1.6,17.0,20.0,1.4,1.3,2.7,.090,-1.0,-0.4,-1.5,0.2,
Dwight Jones,PF,27,HOU,21,,13.2,2.4,5.7,.420,0.0,0.0,,2.4,5.7,.420,.420,1.3,1.7,.750,1.5,2.0,3.4,0.5,0.2,0.2,1.0,2.3,6.0,11.3,.471,.000,.303,12.0,16.8,14.3,5.5,0.7,1.0,12.9,22.0,0.1,0.2,0.3,.048,-3.1,-2.1,-5.2,-0.3,
Dwight Jones,PF,27,CHI,53,,22.1,3.9,7.3,.535,0.0,0.0,,3.9,7.3,.535,.535,2.2,3.1,.721,1.6,4.0,5.6,1.7,0.5,0.7,1.9,3.0,10.1,14.9,.580,.000,.426,8.2,20.0,14.2,11.5,1.0,1.8,18.2,19.6,1.3,1.1,2.4,.100,-0.5,-0.1,-0.6,0.4,
Major Jones,PF,26,HOU,82,,18.8,2.3,4.8,.480,0.0,0.0,.333,2.3,4.7,.481,.481,0.7,1.3,.565,1.8,2.9,4.6,0.8,0.6,0.8,1.4,2.3,5.3,10.3,.498,.008,.276,10.2,17.2,13.6,5.6,1.5,2.4,20.3,14.1,-0.1,1.4,1.3,.041,-2.3,0.0,-2.3,-0.1,
Eddie Jordan,PG,25,NJN,82,,32.4,5.3,12.4,.430,0.1,0.6,.250,5.2,11.8,.439,.436,2.5,3.1,.779,0.8,2.5,3.3,6.8,2.7,0.3,3.1,2.9,13.3,14.4,.481,.047,.254,2.4,8.1,5.3,29.6,3.8,0.6,18.6,20.2,0.1,4.0,4.1,.074,-0.9,1.5,0.6,1.8,
Jeff Judkins,SF,23,BOS,65,0,10.4,2.1,4.2,.504,0.2,0.4,.407,2.0,3.8,.514,.524,1.0,1.2,.816,0.5,0.5,1.0,0.7,0.4,0.1,0.8,1.4,5.4,14.1,.567,.098,.275,5.4,5.5,5.4,9.9,2.0,0.4,13.7,21.1,1.1,0.8,1.8,.131,-0.2,0.3,0.0,0.3,
Rich Kelley,C,26,TOT,80,,23.0,2.9,6.1,.473,0.0,0.0,.000,2.9,6.0,.476,.473,3.1,3.9,.787,2.5,3.9,6.4,2.2,1.0,1.2,2.5,3.4,8.8,14.4,.566,.006,.640,11.5,17.9,14.7,12.8,1.9,2.9,24.2,17.3,1.3,3.0,4.3,.113,-1.3,1.5,0.3,1.1,
Rich Kelley,C,26,NJN,57,,25.7,3.3,7.0,.466,0.0,0.1,.000,3.3,6.9,.470,.466,3.5,4.4,.788,2.7,4.2,7.0,2.2,0.9,1.4,2.7,3.8,10.0,13.8,.559,.008,.627,11.0,17.0,14.0,11.7,1.5,3.0,23.0,17.4,1.0,2.2,3.2,.105,-1.4,1.1,-0.3,0.6,
Rich Kelley,C,26,PHO,23,,16.2,1.9,3.7,.506,0.0,0.0,,1.9,3.7,.506,.506,2.0,2.6,.783,1.9,3.2,5.1,2.2,1.2,0.7,2.0,2.5,5.8,16.5,.597,.000,.706,13.2,21.3,17.4,17.0,3.4,2.5,29.2,16.8,0.3,0.8,1.1,.145,-0.7,3.1,2.4,0.5,
Greg Kelser,SF,22,DET,50,,24.7,5.6,11.9,.472,0.1,0.3,.200,5.5,11.6,.479,.475,2.9,4.1,.719,2.5,3.0,5.5,2.2,1.2,0.7,2.8,3.5,14.2,16.1,.520,.025,.342,10.5,13.1,11.8,12.6,2.2,1.4,17.0,25.7,0.6,0.9,1.4,.056,-0.3,-0.9,-1.2,0.3,
Larry Kenon,PF,27,SAS,78,,35.9,8.3,17.1,.485,0.0,0.1,.111,8.3,17.0,.488,.486,3.5,4.4,.783,3.3,6.6,9.9,3.0,1.4,0.2,3.0,2.5,20.1,17.2,.527,.007,.259,10.1,19.4,14.8,11.1,1.7,0.3,13.5,23.2,3.4,2.0,5.4,.093,1.1,-1.6,-0.4,1.1,
Irv Kiffin,SF,28,SAS,26,,8.2,1.2,3.7,.333,0.0,0.0,,1.2,3.7,.333,.333,0.7,1.0,.720,0.5,1.1,1.5,0.7,0.4,0.1,1.2,1.7,3.2,3.7,.383,.000,.260,6.2,13.9,10.1,10.9,2.1,0.5,21.9,24.5,-0.7,0.1,-0.6,-0.128,-7.1,-1.5,-8.6,-0.5,
Carl Kilpatrick,C,23,UTA,2,,3.0,0.5,1.0,.500,0.0,0.0,,0.5,1.0,.500,.500,0.5,1.0,.500,0.5,1.5,2.0,0.0,0.0,0.0,0.0,0.5,1.5,22.7,.521,.000,1.000,20.3,56.3,39.0,0.0,0.0,0.0,0.0,20.6,0.0,0.0,0.0,.225,-4.3,-0.2,-4.5,0.0,
Bernard King*,SF,23,UTA,19,,22.1,3.7,7.2,.518,0.0,0.0,,3.7,7.2,.518,.518,1.8,3.3,.540,1.3,3.4,4.6,2.7,0.4,0.2,2.6,3.5,9.3,11.4,.534,.000,.460,7.0,17.2,12.3,18.1,0.8,0.5,23.3,22.0,-0.2,0.1,0.0,-0.002,-2.6,-1.6,-4.2,-0.2,
Reggie King,PF,22,KCK,82,,25.0,3.1,6.1,.515,0.0,0.0,.000,3.1,6.1,.516,.515,1.9,2.7,.726,2.2,4.7,6.9,1.3,0.8,0.4,1.2,2.8,8.2,13.5,.565,.002,.439,9.3,20.7,14.8,6.6,1.6,0.9,14.4,13.5,2.8,3.4,6.2,.146,-0.5,0.9,0.3,1.2,
Billy Knight,SF,27,IND,75,,25.5,5.1,9.6,.533,0.1,0.2,.267,5.1,9.4,.539,.536,2.8,3.5,.809,1.8,3.0,4.8,2.1,1.1,0.1,1.8,1.3,13.1,18.0,.589,.021,.363,7.2,12.6,9.8,11.4,2.0,0.3,13.6,19.7,4.2,1.5,5.8,.145,2.2,-0.8,1.4,1.6,
Toby Knight,SF,24,NYK,81,,36.4,8.3,15.6,.529,0.0,0.0,.000,8.3,15.6,.530,.529,2.6,3.2,.808,2.5,3.6,6.1,1.9,1.4,1.1,2.0,3.7,19.1,16.4,.561,.002,.206,7.4,10.9,9.1,6.9,1.8,1.6,10.6,20.1,5.5,1.9,7.3,.120,1.1,-0.7,0.4,1.8,
Arvid Kramer,C,23,DEN,8,,5.6,0.9,2.8,.318,0.0,0.0,,0.9,2.8,.318,.318,0.3,0.3,1.000,0.8,0.8,1.5,0.4,0.0,0.6,0.6,1.0,2.0,6.6,.350,.000,.091,13.6,14.2,13.9,9.3,0.0,6.0,17.9,24.3,-0.1,0.0,-0.1,-0.102,-5.0,-0.4,-5.4,-0.1,
Joel Kramer,C,24,PHO,54,,13.2,1.2,2.6,.469,0.0,0.0,.000,1.2,2.6,.472,.469,1.0,1.3,.800,0.9,1.9,2.8,1.4,0.5,0.1,0.9,1.9,3.5,10.0,.547,.007,.490,7.7,15.4,11.7,13.0,1.7,0.4,22.7,12.6,0.5,0.9,1.4,.095,-2.2,0.8,-1.4,0.1,
John Kuester,PG,24,IND,24,,4.2,0.5,1.4,.353,0.0,0.0,.000,0.5,1.4,.364,.353,0.2,0.3,.714,0.1,0.5,0.6,0.7,0.3,0.0,0.2,0.3,1.2,11.1,.391,.029,.206,3.0,11.7,7.2,20.1,3.2,0.5,11.9,16.3,0.0,0.1,0.1,.039,-3.7,0.5,-3.1,0.0,
Kevin Kunnert,C,28,POR,18,,16.8,2.8,6.3,.439,0.0,0.0,,2.8,6.3,.439,.439,1.4,2.4,.605,2.1,4.2,6.2,1.6,0.4,1.2,2.3,3.3,7.0,13.5,.474,.000,.377,13.3,27.7,20.4,13.8,1.1,4.2,23.6,23.6,-0.3,0.5,0.2,.032,-3.9,1.1,-2.8,-0.1,
Mitch Kupchak,PF,25,WSB,40,,11.3,1.7,4.0,.419,0.0,0.1,.000,1.7,4.0,.424,.419,1.3,1.9,.693,0.8,1.8,2.6,0.4,0.2,0.2,1.0,1.2,4.7,9.7,.482,.013,.469,7.0,16.4,11.7,4.7,0.8,0.9,17.2,20.4,-0.3,0.4,0.2,.018,-3.8,-1.1,-4.9,-0.3,
Sam Lacey,C,31,KCK,81,,29.8,3.7,8.4,.448,0.0,0.0,.000,3.7,8.3,.448,.448,1.7,2.3,.741,2.1,5.8,8.0,5.7,1.4,1.3,2.6,3.8,9.2,14.9,.490,.001,.273,7.4,21.8,14.3,24.5,2.1,2.6,21.8,16.1,0.8,4.8,5.6,.112,0.0,3.6,3.6,3.4,
Tom LaGarde,C,24,SEA,82,,14.2,1.8,3.7,.477,0.0,0.0,,1.8,3.7,.477,.477,1.1,1.7,.657,1.5,2.3,3.8,1.1,0.2,0.4,1.2,2.5,4.7,10.8,.521,.000,.448,11.4,16.8,14.1,10.1,0.8,1.6,20.9,15.7,0.6,1.7,2.2,.093,-2.9,0.4,-2.5,-0.1,
John Lambert,PF,27,CLE,74,,17.9,2.2,5.4,.413,0.0,0.0,.000,2.2,5.4,.416,.413,1.0,1.4,.723,1.9,2.9,4.8,0.8,0.6,0.6,0.9,2.7,5.4,10.4,.453,.008,.253,10.5,17.8,14.0,5.1,1.6,1.7,12.6,14.7,0.4,1.5,1.8,.066,-2.6,0.0,-2.6,-0.2,
Mark Landsberger,C,24,TOT,77,,19.6,3.2,6.3,.516,0.0,0.0,,3.2,6.3,.516,.516,1.5,2.9,.523,2.9,5.0,8.0,0.6,0.4,0.3,1.3,1.8,8.0,15.7,.529,.000,.460,17.4,27.6,22.6,4.3,1.0,0.8,14.7,18.3,1.6,1.8,3.4,.109,0.3,-2.2,-1.8,0.1,
Mark Landsberger,C,24,CHI,54,,21.0,3.4,6.4,.529,0.0,0.0,,3.4,6.4,.529,.529,1.6,3.1,.524,2.9,5.4,8.3,0.6,0.4,0.3,1.4,2.1,8.4,15.3,.541,.000,.480,15.9,28.3,22.3,4.1,1.0,0.8,15.2,17.7,1.1,1.3,2.4,.103,0.2,-2.0,-1.8,0.1,
Mark Landsberger,C,24,LAL,23,,16.3,2.9,6.0,.482,0.0,0.0,,2.9,6.0,.482,.482,1.3,2.4,.518,3.0,4.1,7.1,0.6,0.4,0.2,1.1,1.2,7.0,17.0,.498,.000,.409,22.0,25.2,23.8,4.7,1.2,0.7,13.4,20.0,0.4,0.5,1.0,.128,0.7,-2.7,-2.0,0.0,
Bob Lanier*,C,31,TOT,63,,33.8,7.4,13.8,.537,0.0,0.1,.167,7.4,13.7,.540,.538,4.4,5.6,.782,2.4,6.3,8.8,2.9,1.2,1.4,2.6,3.2,19.2,20.4,.592,.007,.408,7.6,19.9,13.8,12.3,1.6,2.2,13.7,21.6,5.0,2.4,7.4,.168,2.6,0.6,3.1,2.8,
Bob Lanier*,C,31,DET,37,,37.6,8.6,15.8,.546,0.0,0.1,.000,8.6,15.6,.551,.546,4.4,5.7,.781,2.9,7.2,10.1,3.3,1.0,1.6,3.1,3.5,21.7,20.3,.593,.009,.360,8.1,20.2,14.1,12.7,1.2,2.3,14.3,21.8,3.1,1.1,4.2,.146,2.6,-0.1,2.5,1.6,
Bob Lanier*,C,31,MIL,26,,28.4,5.7,10.9,.519,0.0,0.0,1.000,5.6,10.8,.518,.521,4.3,5.5,.785,1.7,5.2,6.9,2.4,1.4,1.1,1.9,2.7,15.7,20.5,.589,.004,.509,6.7,19.3,13.2,11.5,2.3,2.2,12.4,21.2,1.9,1.3,3.2,.209,2.6,1.8,4.4,1.2,
Allen Leavell,PG,22,HOU,77,,27.6,4.3,8.5,.503,0.0,0.2,.158,4.2,8.3,.513,.505,2.3,2.9,.814,0.7,1.6,2.4,5.4,1.6,0.4,2.7,2.6,10.9,15.1,.560,.029,.337,2.9,6.8,4.8,26.3,2.8,0.7,21.4,17.8,2.6,1.4,4.0,.091,0.6,0.5,1.1,1.7,
Butch Lee,PG,23,TOT,14,,3.9,0.4,1.7,.250,0.0,0.0,,0.4,1.7,.250,.250,0.4,0.6,.750,0.5,0.3,0.8,0.9,0.1,0.0,0.7,0.1,1.3,5.3,.327,.000,.333,14.2,7.3,10.8,25.5,0.8,0.0,26.7,26.9,-0.2,0.0,-0.2,-0.165,-4.2,-0.8,-5.0,-0.1,
Butch Lee,PG,23,CLE,3,,8.0,0.7,3.7,.182,0.0,0.0,,0.7,3.7,.182,.182,0.0,0.3,.000,1.0,0.0,1.0,1.0,0.0,0.0,1.0,0.0,1.3,-4.0,.175,.000,.091,12.6,0.0,6.6,14.3,0.0,0.0,20.8,23.1,-0.2,0.0,-0.2,-0.314,-4.7,-1.0,-5.7,-0.1,
Butch Lee,PG,23,LAL,11,,2.8,0.4,1.2,.308,0.0,0.0,,0.4,1.2,.308,.308,0.5,0.6,.857,0.4,0.4,0.7,0.8,0.1,0.0,0.6,0.2,1.3,12.4,.435,.000,.538,15.4,12.9,14.1,34.1,1.5,0.0,30.3,29.8,-0.1,0.0,0.0,-0.051,-3.8,-0.6,-4.5,0.0,
Ron Lee,PG,27,TOT,61,,19.1,1.9,5.0,.370,0.4,1.0,.373,1.5,4.0,.370,.407,0.7,1.1,.629,0.7,1.4,2.0,4.0,1.6,0.3,1.7,2.8,4.8,10.3,.435,.193,.230,3.6,7.6,5.6,26.0,3.8,0.8,23.1,14.7,-0.5,1.3,0.8,.031,-2.7,1.8,-0.8,0.3,
Ron Lee,PG,27,ATL,30,,12.1,1.0,3.0,.319,0.0,0.1,.000,1.0,2.9,.330,.319,0.3,0.6,.529,0.4,0.7,1.1,2.2,0.5,0.1,1.1,2.2,2.2,4.1,.340,.033,.187,3.2,6.5,4.9,24.7,2.0,0.6,25.1,14.8,-0.7,0.4,-0.3,-0.036,-5.6,0.4,-5.2,-0.3,
Ron Lee,PG,27,DET,31,,25.9,2.7,6.9,.393,0.7,1.8,.393,2.0,5.1,.392,.444,1.1,1.7,.660,0.9,2.0,2.9,5.6,2.7,0.4,2.2,3.5,7.3,13.1,.474,.262,.248,3.8,8.0,5.9,26.5,4.7,0.8,22.3,14.6,0.2,0.9,1.0,.061,-1.3,2.5,1.1,0.6,
John Long,SG,23,DET,69,,34.3,8.5,16.9,.505,0.0,0.2,.083,8.5,16.7,.510,.506,2.3,2.8,.825,2.2,2.7,4.9,3.0,1.9,0.4,3.0,3.2,19.4,16.4,.535,.010,.167,6.7,8.3,7.5,13.0,2.4,0.6,14.2,23.7,2.4,1.2,3.6,.072,0.4,-0.8,-0.4,1.0,
John Lucas,PG,26,GSW,80,,34.5,4.9,10.4,.467,0.2,0.5,.286,4.7,9.9,.477,.475,2.8,3.6,.768,0.8,2.0,2.8,7.5,1.7,0.0,2.3,2.5,12.6,15.3,.528,.051,.348,2.4,6.6,4.4,29.2,2.4,0.1,16.1,17.0,4.0,1.9,5.9,.103,0.7,-0.3,0.4,1.7,
Maurice Lucas,PF,27,TOT,63,,29.9,5.9,12.9,.456,0.0,0.1,.222,5.9,12.8,.459,.458,2.8,3.8,.749,2.3,6.3,8.5,3.3,0.7,1.0,3.5,3.5,14.7,14.8,.503,.011,.294,8.1,22.7,15.3,16.5,1.1,1.9,19.2,24.3,-0.3,2.7,2.4,.061,-1.2,0.2,-1.0,0.5,
Maurice Lucas,PF,27,POR,41,,28.7,5.9,13.5,.440,0.0,0.1,.400,5.9,13.3,.441,.442,2.4,3.3,.730,2.1,5.9,7.9,3.0,0.6,0.9,3.6,3.4,14.3,13.8,.480,.009,.248,7.8,22.8,15.2,16.2,1.0,1.7,19.5,26.5,-1.0,1.6,0.6,.025,-2.1,-0.3,-2.4,-0.1,
Maurice Lucas,PF,27,NJN,22,,32.2,5.8,11.9,.490,0.0,0.2,.000,5.8,11.7,.498,.490,3.6,4.6,.775,2.6,7.0,9.6,3.8,0.9,1.2,3.2,3.7,15.2,16.4,.548,.015,.391,8.5,22.6,15.5,16.9,1.2,2.1,18.6,20.5,0.6,1.1,1.8,.120,0.3,1.0,1.3,0.6,
Ollie Mack,SG,22,TOT,50,,13.6,2.0,4.0,.492,0.0,0.1,.000,2.0,3.9,.505,.492,0.8,1.0,.745,0.6,0.8,1.4,1.1,0.5,0.1,0.7,1.0,4.7,10.9,.528,.025,.256,5.5,6.1,5.8,10.4,1.7,0.2,13.6,15.3,0.6,0.4,1.0,.067,-1.2,-0.5,-1.6,0.1,
Ollie Mack,SG,22,LAL,27,,5.7,0.8,1.9,.420,0.0,0.0,.000,0.8,1.8,.429,.420,0.3,0.7,.500,0.3,0.6,0.8,0.7,0.1,0.0,0.3,0.6,1.9,9.1,.440,.020,.360,5.4,9.7,7.7,15.3,1.2,0.0,13.4,17.3,0.0,0.1,0.1,.035,-3.2,-0.7,-3.9,-0.1,
Ollie Mack,SG,22,CHI,23,,22.9,3.3,6.5,.517,0.0,0.2,.000,3.3,6.3,.531,.517,1.3,1.4,.879,1.1,1.0,2.1,1.4,0.9,0.1,1.1,1.5,8.0,11.4,.560,.027,.221,5.5,5.0,5.2,9.0,1.8,0.3,13.7,14.7,0.6,0.3,0.8,.077,-0.6,-0.4,-1.0,0.1,
Moses Malone*,C,24,HOU,82,,38.3,9.5,18.9,.502,0.0,0.1,.000,9.5,18.8,.504,.502,6.9,9.5,.719,7.0,7.5,14.5,1.8,1.0,1.3,3.7,2.6,25.8,24.1,.560,.004,.505,19.6,22.3,20.9,7.1,1.2,1.9,13.7,27.6,8.9,3.0,11.9,.183,4.5,-2.4,2.1,3.2,
Steve Malovic,PF,23,TOT,39,,11.4,0.8,1.7,.463,0.0,0.0,,0.8,1.7,.463,.463,0.5,0.7,.667,0.9,1.3,2.2,0.7,0.2,0.2,0.6,1.3,2.1,7.2,.507,.000,.403,8.4,12.3,10.3,6.9,0.8,0.7,22.6,9.0,0.1,0.1,0.3,.027,-2.7,-0.7,-3.4,-0.2,
Steve Malovic,PF,23,WSB,1,,6.0,0.0,0.0,,0.0,0.0,,0.0,0.0,,,1.0,4.0,.250,0.0,0.0,0.0,0.0,1.0,0.0,0.0,0.0,1.0,6.2,.284,,,0.0,0.0,0.0,0.0,7.8,0.0,0.0,11.6,0.0,0.0,0.0,-0.040,-4.5,0.1,-4.4,0.0,
Steve Malovic,PF,23,SDC,28,,9.9,0.8,1.5,.548,0.0,0.0,,0.8,1.5,.548,.548,0.3,0.3,.778,1.0,1.1,2.1,0.4,0.2,0.0,0.5,1.3,1.9,7.9,.577,.000,.214,10.2,12.5,11.3,5.4,0.9,0.2,23.3,8.6,0.2,0.1,0.3,.049,-2.5,-0.9,-3.4,-0.1,
Steve Malovic,PF,23,DET,10,,16.2,0.8,2.5,.320,0.0,0.0,,0.8,2.5,.320,.320,1.0,1.4,.714,0.9,1.9,2.8,1.4,0.2,0.5,0.9,1.6,2.6,5.9,.417,.000,.560,5.8,12.4,9.1,9.9,0.6,1.6,22.4,9.5,-0.1,0.0,0.0,-0.006,-3.0,-0.4,-3.4,-0.1,
Pete Maravich*,SG,32,TOT,43,4,22.4,5.7,12.6,.449,0.2,0.3,.667,5.4,12.3,.443,.459,2.1,2.4,.867,0.4,1.4,1.8,1.9,0.6,0.1,1.9,1.8,13.7,13.8,.500,.028,.193,2.1,7.0,4.6,13.8,1.2,0.4,12.2,28.9,0.1,0.4,0.5,.027,-1.3,-2.5,-3.8,-0.4,
Pete Maravich*,SG,32,UTA,17,,30.7,7.1,17.3,.412,0.4,0.6,.636,6.7,16.6,.403,.423,2.4,2.9,.820,0.4,1.9,2.4,3.2,0.9,0.2,2.6,1.8,17.1,12.4,.459,.037,.170,1.6,7.1,4.5,16.6,1.4,0.4,12.5,29.7,-0.5,0.0,-0.5,-0.043,-2.1,-3.5,-5.6,-0.5,
Pete Maravich*,SG,32,BOS,26,4,17.0,4.7,9.6,.494,0.1,0.2,.750,4.6,9.4,.490,.500,1.9,2.1,.909,0.4,1.1,1.5,1.1,0.3,0.1,1.4,1.9,11.5,15.6,.547,.016,.221,2.6,6.9,4.8,10.4,1.0,0.3,11.9,27.9,0.6,0.4,1.0,.110,-0.3,-1.4,-1.7,0.0,
Cedric Maxwell,SF,24,BOS,80,80,34.3,5.7,9.4,.609,0.0,0.0,,5.7,9.4,.609,.609,5.5,6.9,.787,3.6,5.3,8.8,2.5,1.0,0.8,2.9,3.3,16.9,19.0,.679,.000,.739,11.7,16.8,14.3,9.8,1.3,1.3,18.8,17.7,8.3,3.9,12.2,.214,2.8,0.7,3.5,3.8,
Scott May,SF,25,CHI,54,,24.0,4.9,10.9,.450,0.0,0.1,.000,4.9,10.8,.453,.450,2.7,3.2,.837,1.4,2.6,4.0,1.9,0.8,0.1,1.4,2.3,12.4,14.9,.507,.007,.293,6.9,11.8,9.4,12.5,1.6,0.2,10.4,23.2,1.5,0.9,2.4,.090,-0.1,-1.3,-1.3,0.2,
Bob McAdoo*,PF,28,DET,58,,36.2,8.5,17.7,.480,0.1,0.4,.125,8.4,17.3,.489,.481,4.1,5.6,.730,1.7,6.3,8.1,3.4,1.3,1.1,4.1,3.1,21.1,16.3,.524,.023,.314,5.0,18.5,11.7,13.9,1.6,1.6,16.9,25.8,0.5,1.6,2.0,.047,0.0,-0.8,-0.8,0.6,
Jim McElroy,PG,26,TOT,67,,22.8,3.4,7.9,.433,0.1,0.3,.238,3.3,7.6,.441,.437,2.0,2.6,.767,0.5,1.0,1.5,3.4,0.7,0.3,2.0,1.8,8.9,10.6,.492,.040,.326,2.2,4.7,3.4,20.0,1.4,0.7,17.9,18.8,0.2,0.6,0.8,.024,-1.7,-1.5,-3.2,-0.5,
Jim McElroy,PG,26,DET,36,,28.1,4.5,9.9,.455,0.1,0.4,.214,4.4,9.5,.465,.459,2.6,3.3,.798,0.3,1.1,1.4,4.5,0.7,0.4,2.4,2.2,11.7,11.4,.517,.039,.334,1.2,4.0,2.6,21.0,1.1,0.7,17.7,18.9,0.5,0.0,0.5,.025,-1.3,-2.3,-3.6,-0.4,
Jim McElroy,PG,26,ATL,31,,16.6,2.1,5.5,.386,0.1,0.2,.286,2.1,5.3,.390,.392,1.2,1.7,.698,0.6,0.9,1.6,2.1,0.7,0.2,1.4,1.5,5.5,9.0,.440,.041,.310,4.1,6.1,5.1,18.1,2.0,0.6,18.1,18.8,-0.3,0.5,0.2,.021,-2.5,-0.1,-2.6,-0.1,
George McGinnis*,PF,29,TOT,73,,30.2,5.5,12.1,.451,0.0,0.2,.133,5.5,11.9,.457,.453,3.7,6.7,.553,3.0,6.5,9.6,4.6,1.4,0.3,3.8,4.2,14.7,15.2,.487,.017,.551,10.2,23.0,16.4,21.4,2.1,0.6,20.3,24.4,-0.8,2.6,1.9,.041,-1.2,-0.1,-1.2,0.4,
George McGinnis*,PF,29,DEN,45,,31.6,6.0,13.0,.459,0.0,0.2,.143,5.9,12.8,.463,.460,3.7,6.8,.541,3.0,7.3,10.3,4.9,1.5,0.4,4.2,4.2,15.6,15.6,.489,.012,.526,9.6,24.6,16.9,22.7,2.2,0.6,20.7,25.0,-0.7,1.7,1.0,.034,-1.0,0.3,-0.7,0.5,
George McGinnis*,PF,29,IND,28,,28.0,4.7,10.8,.437,0.0,0.3,.125,4.7,10.5,.446,.439,3.7,6.5,.575,3.1,5.3,8.5,4.0,1.1,0.2,3.3,4.1,13.2,14.4,.483,.026,.599,11.3,20.3,15.7,19.1,1.9,0.4,19.6,23.5,0.0,0.9,0.9,.053,-1.4,-0.7,-2.1,0.0,
Billy McKinney,PG,24,KCK,76,,17.5,2.7,6.0,.449,0.0,0.1,.100,2.7,5.9,.457,.450,1.4,1.8,.805,0.3,0.9,1.1,3.3,0.8,0.1,1.2,1.1,6.8,13.4,.502,.022,.290,1.6,5.5,3.5,24.8,2.0,0.2,14.7,18.2,1.1,1.6,2.7,.096,-0.6,0.2,-0.5,0.5,
Tom McMillen,C,27,ATL,53,,20.2,3.6,7.2,.500,0.0,0.0,.000,3.6,7.2,.501,.500,1.5,2.0,.757,1.3,2.8,4.2,1.2,0.7,0.3,1.2,2.4,8.7,14.2,.540,.003,.280,7.0,15.1,11.0,9.0,1.6,0.8,13.0,18.8,1.4,1.5,2.9,.128,-0.1,0.4,0.2,0.6,
John Mengelt,SG,30,CHI,36,,10.8,2.5,4.6,.542,0.0,0.2,.000,2.5,4.4,.563,.542,1.1,1.4,.796,0.1,0.6,0.6,1.1,0.3,0.0,1.0,1.5,6.1,13.4,.584,.036,.295,0.9,5.7,3.3,16.0,1.2,0.0,16.1,23.5,0.4,0.1,0.6,.070,-1.6,-1.5,-3.1,-0.1,
Joe Meriweather,PF,26,NYK,65,,24.1,3.9,7.3,.528,0.0,0.0,.000,3.9,7.3,.529,.528,1.2,1.9,.645,1.9,3.5,5.4,1.0,0.6,1.8,1.7,3.7,9.0,12.2,.549,.002,.254,8.4,16.0,12.2,5.3,1.1,4.2,17.4,15.8,0.8,1.4,2.2,.068,-2.3,0.2,-2.0,0.0,
Dave Meyers,PF,26,MIL,79,,27.9,5.1,10.5,.481,0.0,0.1,.200,5.0,10.4,.482,.481,2.0,3.1,.634,1.8,3.9,5.7,2.8,0.9,0.5,2.3,2.8,12.1,13.3,.509,.006,.296,7.1,14.7,11.0,13.6,1.5,1.0,16.2,20.2,1.0,2.8,3.9,.084,-0.8,0.0,-0.8,0.7,
Mike Mitchell,SF,24,CLE,82,,34.2,9.5,18.1,.523,0.0,0.1,.000,9.5,18.0,.525,.523,3.3,4.2,.787,2.5,4.7,7.2,1.1,0.9,0.9,2.1,3.2,22.2,19.1,.557,.004,.231,7.4,15.2,11.1,4.9,1.1,1.5,9.5,24.7,5.9,2.4,8.3,.142,2.1,-0.9,1.2,2.2,
Steve Mix,SF,32,PHI,81,5,19.0,4.5,8.7,.516,0.0,0.1,.400,4.4,8.6,.518,.519,2.6,3.1,.831,1.4,2.2,3.6,1.8,0.8,0.1,1.6,1.4,11.6,19.5,.577,.014,.354,8.3,11.5,10.0,14.8,2.0,0.3,14.0,24.5,3.4,2.1,5.5,.172,2.5,-0.1,2.4,1.7,
Paul Mokeski,C,23,HOU,12,,9.4,0.9,2.8,.333,0.0,0.0,,0.9,2.8,.333,.333,0.6,0.8,.778,1.2,1.3,2.4,0.2,0.1,0.5,0.8,2.0,2.4,4.4,.392,.000,.273,13.3,15.1,14.2,2.2,0.4,3.0,21.3,16.4,-0.2,0.1,-0.1,-0.041,-5.4,-1.0,-6.4,-0.2,
Sidney Moncrief*,SG,22,MIL,77,,20.2,2.7,5.9,.468,0.0,0.0,.000,2.7,5.8,.469,.468,3.0,3.8,.795,2.0,2.4,4.4,1.7,0.9,0.2,1.5,1.4,8.5,15.9,.564,.002,.647,11.1,12.5,11.8,10.7,2.2,0.6,16.8,17.8,2.8,2.0,4.9,.150,1.4,0.2,1.5,1.4,
Eric Money,SG-PG,24,TOT,61,,25.4,4.5,9.0,.500,0.0,0.0,,4.5,9.0,.500,.500,1.4,1.7,.783,0.5,1.2,1.7,4.2,0.9,0.2,2.5,2.4,10.3,11.4,.531,.000,.194,2.1,5.0,3.5,22.1,1.5,0.4,20.7,18.6,0.4,0.3,0.6,.020,-1.8,-1.7,-3.6,-0.7,
Eric Money,PG,24,PHI,6,,13.7,2.3,6.0,.389,0.0,0.0,,2.3,6.0,.389,.389,0.3,0.3,1.000,0.5,0.7,1.2,2.7,0.0,0.2,2.0,1.8,5.0,4.4,.407,.000,.056,4.1,4.9,4.5,27.2,0.0,0.7,24.5,23.8,-0.2,0.1,-0.2,-0.094,-4.3,-1.4,-5.8,-0.2,
Eric Money,SG,24,DET,55,,26.7,4.7,9.3,.508,0.0,0.0,,4.7,9.3,.508,.508,1.5,1.9,.779,0.5,1.3,1.8,4.3,1.0,0.2,2.6,2.5,10.9,11.7,.539,.000,.204,2.0,5.0,3.5,21.8,1.6,0.4,20.5,18.3,0.6,0.2,0.8,.026,-1.7,-1.8,-3.4,-0.5,
Earl Monroe*,SG,35,NYK,51,,12.4,3.2,6.9,.457,0.0,0.0,,3.2,6.9,.457,.457,1.1,1.3,.875,0.3,0.4,0.7,1.3,0.4,0.1,0.5,0.9,7.4,15.3,.497,.000,.182,2.7,3.5,3.1,15.0,1.5,0.3,6.9,24.8,1.0,0.1,1.1,.081,0.2,-2.0,-1.8,0.0,
Calvin Murphy*,SG,31,HOU,76,,35.2,8.2,16.7,.493,0.0,0.3,.040,8.2,16.3,.502,.493,3.6,4.0,.897,0.9,1.1,2.0,3.9,1.9,0.1,2.1,3.5,20.0,16.8,.543,.020,.238,2.7,3.5,3.1,16.7,2.5,0.2,10.4,23.1,6.0,1.1,7.2,.129,0.9,-0.2,0.7,1.8,
Swen Nater,C,30,SDC,81,,35.3,5.5,9.9,.554,0.0,0.0,.000,5.5,9.8,.556,.554,2.4,3.4,.718,4.3,10.7,15.0,2.9,0.6,0.5,3.2,3.2,13.4,17.2,.589,.003,.342,12.9,33.8,23.0,11.1,0.7,0.7,21.9,16.4,4.0,2.9,6.8,.115,0.9,-0.9,0.0,1.5,
Calvin Natt,SF,23,TOT,78,,36.6,8.0,16.6,.479,0.0,0.1,.333,7.9,16.5,.480,.480,3.9,5.4,.730,3.1,5.8,8.9,2.2,1.3,0.4,2.5,2.6,19.9,17.0,.524,.007,.323,8.8,16.7,12.7,9.1,1.6,0.7,11.8,23.2,3.5,3.7,7.1,.120,1.2,-0.7,0.4,1.8,
Calvin Natt,SF,23,NJN,53,,38.6,7.9,16.6,.479,0.0,0.1,.200,7.9,16.5,.481,.480,3.8,5.3,.711,3.3,6.4,9.7,2.1,1.5,0.4,2.5,2.8,19.7,15.9,.520,.006,.319,8.8,17.2,13.0,8.2,1.7,0.6,11.7,21.4,2.1,2.8,4.8,.114,0.6,-0.6,-0.1,1.0,
Calvin Natt,SF,23,POR,25,,32.4,8.0,16.8,.480,0.1,0.2,.500,8.0,16.6,.480,.482,4.3,5.6,.770,2.6,4.5,7.1,2.3,1.0,0.5,2.6,2.3,20.4,19.8,.532,.010,.332,8.8,15.4,12.1,11.5,1.4,0.9,11.9,27.6,1.4,0.9,2.3,.136,2.7,-1.0,1.7,0.8,
Mike Newlin,SG,31,NJN,78,,32.2,7.8,17.0,.460,0.6,1.9,.296,7.3,15.1,.481,.477,4.7,5.3,.884,1.3,2.1,3.4,4.0,1.5,0.1,3.0,2.5,20.9,17.7,.540,.114,.312,4.2,6.7,5.4,19.9,2.1,0.1,13.3,26.8,4.0,2.5,6.5,.124,2.0,-0.7,1.3,2.1,
Norm Nixon,PG,24,LAL,82,,39.3,7.6,14.7,.516,0.0,0.1,.125,7.6,14.6,.519,.517,2.4,3.1,.779,0.6,2.2,2.8,7.8,1.8,0.2,3.5,2.9,17.6,14.9,.548,.007,.209,1.9,5.5,3.9,25.3,2.1,0.2,17.9,20.0,4.1,2.7,6.7,.100,0.2,-0.9,-0.7,1.1,
Sylvester Norris,C,22,SAS,17,,11.1,1.1,2.5,.419,0.0,0.0,,1.1,2.5,.419,.419,0.2,0.4,.667,0.6,1.9,2.5,0.4,0.2,0.7,1.1,2.4,2.4,3.3,.438,.000,.140,5.8,18.3,12.2,3.6,0.7,3.3,29.4,12.9,-0.4,0.1,-0.2,-0.055,-6.1,-0.1,-6.2,-0.3,
Mark Olberding,SF,23,SAS,75,,28.1,3.9,8.1,.478,0.0,0.0,.000,3.9,8.1,.480,.478,2.8,3.5,.795,1.1,4.5,5.6,4.4,0.9,0.3,2.4,3.7,10.6,12.4,.546,.005,.433,4.3,16.7,10.6,18.5,1.4,0.5,19.9,16.2,1.9,1.2,3.1,.071,-0.8,-0.2,-1.0,0.5,
John Olive,SF,24,SDC,1,,15.0,0.0,2.0,.000,0.0,0.0,,0.0,2.0,.000,.000,0.0,0.0,,0.0,1.0,1.0,0.0,0.0,0.0,2.0,2.0,0.0,-11.5,.000,.000,.000,0.0,7.5,3.6,0.0,0.0,0.0,50.0,10.7,-0.1,0.0,-0.1,-0.303,-5.1,-0.4,-5.5,-0.1,
Tom Owens,C,30,POR,76,,30.8,6.8,13.3,.514,0.0,0.0,.500,6.8,13.2,.514,.514,2.8,3.7,.753,2.5,5.1,7.5,2.6,0.6,0.7,2.3,3.6,16.4,18.1,.552,.002,.281,8.8,18.3,13.5,13.0,0.9,1.3,13.3,22.9,4.3,2.6,6.9,.142,1.5,-0.3,1.1,1.9,
Robert Parish*,C,26,GSW,72,,29.4,7.1,14.0,.507,0.0,0.0,.000,7.1,14.0,.507,.507,2.8,3.9,.715,3.4,7.4,10.9,1.7,0.8,1.6,3.1,3.4,17.0,20.0,.541,.001,.282,12.5,28.8,20.4,8.9,1.3,3.2,16.6,26.4,1.5,3.1,4.6,.104,0.7,-0.3,0.4,1.3,
Sonny Parker,SF,24,GSW,82,,34.7,5.9,12.0,.489,0.0,0.0,.000,5.9,12.0,.490,.489,2.9,3.7,.785,2.0,3.6,5.7,3.1,2.1,0.4,2.0,2.4,14.7,16.2,.537,.002,.306,6.2,11.9,9.0,12.4,2.9,0.7,12.7,18.6,3.8,3.0,6.8,.114,0.9,0.9,1.8,2.7,
Billy Paultz,C,31,TOT,84,,26.1,3.9,8.0,.486,0.0,0.0,.000,3.9,8.0,.487,.486,1.3,2.2,.599,2.2,4.8,7.0,2.2,0.8,1.0,1.4,2.5,9.1,13.9,.507,.001,.270,9.2,19.8,14.5,10.7,1.4,2.0,13.2,15.3,2.1,1.9,4.0,.088,0.1,0.2,0.3,1.3,
Billy Paultz,C,31,SAS,47,,25.8,4.0,8.1,.496,0.0,0.0,.000,4.0,8.1,.497,.496,1.4,2.1,.660,2.0,4.8,6.8,2.5,1.0,1.0,1.2,2.7,9.4,14.7,.522,.003,.262,8.5,19.6,14.2,11.9,1.7,1.9,12.0,15.1,1.6,1.1,2.6,.104,0.6,0.5,1.1,1.0,
Billy Paultz,C,31,HOU,37,,26.5,3.7,7.9,.473,0.0,0.0,,3.7,7.9,.473,.473,1.2,2.2,.524,2.5,4.7,7.2,1.9,0.6,1.1,1.5,2.3,8.6,12.8,.486,.000,.281,10.1,20.1,14.9,9.4,1.1,2.2,14.8,15.5,0.5,0.8,1.4,.068,-0.5,-0.2,-0.6,0.3,
Jim Paxson,SG,22,POR,72,,17.6,2.6,6.4,.411,0.0,0.3,.045,2.6,6.1,.429,.412,0.9,1.3,.711,0.3,1.2,1.5,2.0,0.7,0.1,1.3,1.3,6.2,9.1,.443,.048,.196,2.1,7.4,4.7,15.9,1.8,0.2,15.7,19.1,-0.8,1.1,0.3,.011,-3.5,-0.6,-4.1,-0.7,
Wiley Peck,SF,22,SAS,52,,12.1,1.4,3.3,.432,0.0,0.0,.000,1.4,3.2,.437,.432,0.7,1.1,.618,1.3,2.3,3.5,0.6,0.3,0.4,0.9,1.9,3.5,8.9,.466,.012,.325,11.5,19.6,15.6,6.1,1.2,1.9,19.9,14.5,-0.2,0.5,0.3,.023,-3.4,-0.9,-4.2,-0.4,
Sam Pellom,PF,28,ATL,44,,8.5,1.0,2.5,.407,0.0,0.0,,1.0,2.5,.407,.407,0.5,0.7,.700,0.6,1.5,2.1,0.4,0.3,0.3,0.4,1.6,2.5,9.4,.450,.000,.278,8.0,18.5,13.2,6.8,1.6,1.9,12.9,15.2,0.0,0.6,0.7,.084,-3.5,1.0,-2.6,0.0,
Roger Phegley,SG,23,TOT,78,,19.4,4.5,9.4,.477,0.1,0.1,.444,4.4,9.3,.478,.480,2.3,2.6,.872,1.0,1.4,2.4,1.3,0.4,0.1,1.5,2.0,11.3,14.2,.536,.012,.277,5.0,7.4,6.2,10.2,1.0,0.2,12.6,24.4,1.6,1.0,2.6,.083,-0.5,-1.3,-1.9,0.1,
Roger Phegley,SG,23,WSB,50,,19.4,4.5,9.5,.474,0.0,0.1,.400,4.4,9.4,.474,.476,2.1,2.4,.867,1.0,1.3,2.3,1.4,0.4,0.1,1.4,2.1,11.1,14.0,.527,.011,.254,5.0,6.9,5.9,10.8,0.9,0.2,11.7,24.2,1.1,0.5,1.6,.078,-0.8,-1.3,-2.0,0.0,
Roger Phegley,SG,23,NJN,28,,19.3,4.5,9.3,.485,0.1,0.1,.500,4.4,9.1,.484,.488,2.6,3.0,.880,0.9,1.6,2.5,1.1,0.5,0.1,1.8,1.9,11.7,14.8,.551,.015,.319,5.0,8.4,6.7,9.2,1.3,0.4,14.2,24.6,0.6,0.5,1.0,.092,-0.1,-1.4,-1.5,0.1,
Stan Pietkiewicz,PG,23,SDC,50,,11.5,1.8,3.6,.508,0.2,0.7,.250,1.6,2.9,.573,.534,0.7,0.9,.804,0.5,0.4,0.9,1.9,0.5,0.1,1.0,1.0,4.6,14.3,.572,.201,.257,4.7,3.7,4.2,22.2,2.1,0.4,20.4,17.3,0.8,0.1,1.0,.080,0.5,-1.1,-0.6,0.2,
Ben Poquette,C,24,UTA,82,,28.6,3.6,6.9,.523,0.0,0.0,.000,3.6,6.9,.525,.523,1.7,2.0,.832,1.5,5.3,6.8,1.6,0.5,2.0,1.3,3.5,8.9,14.0,.572,.004,.295,6.4,20.9,13.9,7.7,0.9,3.9,13.9,13.6,3.0,1.8,4.9,.099,-0.7,0.6,-0.1,1.1,
Kevin Porter,PG,29,WSB,70,,21.3,2.9,6.3,.459,0.0,0.1,.000,2.9,6.2,.463,.459,1.6,2.0,.803,0.4,0.8,1.2,6.5,0.8,0.2,2.3,2.6,7.3,13.1,.514,.009,.313,1.7,3.9,2.8,40.0,1.8,0.4,24.8,17.5,0.8,1.0,1.8,.057,-0.5,-0.9,-1.5,0.2,
Clifford Ray,C,31,GSW,81,,20.8,2.5,4.7,.530,0.0,0.0,.000,2.5,4.7,.533,.530,1.0,1.8,.564,1.5,4.2,5.8,2.3,0.6,0.4,1.9,3.3,6.0,11.3,.546,.005,.389,7.7,23.3,15.3,14.2,1.4,1.1,25.7,14.8,0.0,1.9,1.9,.054,-2.6,1.0,-1.6,0.2,
Marlon Redmond,SG,24,KCK,24,,12.4,2.5,5.8,.428,0.0,0.4,.000,2.5,5.4,.457,.428,1.0,1.4,.706,0.8,1.4,2.2,0.8,0.2,0.4,0.8,1.1,5.9,12.0,.464,.065,.246,6.2,12.7,9.3,9.0,0.6,1.8,11.0,23.0,-0.1,0.4,0.3,.051,-1.9,-0.8,-2.7,0.0,
Robert Reid,SF,24,HOU,76,,30.3,5.5,11.3,.487,0.0,0.0,.000,5.5,11.3,.488,.487,2.0,2.7,.736,1.8,4.0,5.8,3.2,1.7,0.8,2.2,3.7,13.0,15.3,.520,.003,.242,6.5,14.8,10.6,14.7,2.7,1.4,14.7,19.2,2.5,2.3,4.9,.101,0.3,1.2,1.4,2.0,
Kevin Restani,SF,28,SAS,82,,24.0,4.5,8.9,.508,0.1,0.4,.172,4.4,8.5,.521,.511,1.6,2.0,.814,1.7,3.0,4.7,2.3,0.7,0.1,1.6,2.3,10.7,13.9,.548,.040,.221,7.9,13.0,10.5,12.2,1.2,0.3,13.9,17.8,2.7,0.7,3.5,.085,0.5,-1.4,-0.9,0.5,
Clint Richardson,SG,23,PHI,52,34,19.0,3.1,6.7,.457,0.0,0.1,.333,3.0,6.6,.458,.458,0.5,0.9,.622,1.1,1.3,2.4,2.1,0.5,0.3,1.2,1.9,6.7,9.9,.472,.009,.129,6.2,6.9,6.6,14.9,1.1,0.8,14.8,17.5,0.1,1.0,1.1,.052,-2.1,-0.5,-2.6,-0.2,
Micheal Ray Richardson,SG,24,NYK,82,,37.3,6.1,13.0,.472,0.3,1.3,.245,5.8,11.6,.498,.485,2.7,4.1,.660,1.8,4.7,6.6,10.1,3.2,0.4,4.4,3.2,15.3,17.8,.517,.103,.318,5.3,13.9,9.6,34.1,3.9,0.6,22.9,19.7,2.4,3.7,6.0,.094,1.7,1.3,3.1,3.9,
Anthony Roberts,SF,24,DEN,23,,21.1,3.0,7.9,.381,0.0,0.0,.000,3.0,7.8,.383,.381,1.7,2.6,.650,2.3,2.4,4.7,0.9,0.6,0.1,1.2,2.3,7.7,9.3,.427,.006,.331,11.3,12.1,11.7,5.6,1.2,0.3,11.9,19.0,-0.2,0.2,0.1,.009,-3.2,-2.4,-5.6,-0.4,
Rick Robey,C,24,BOS,82,27,23.4,4.6,8.9,.521,0.0,0.0,.000,4.6,8.9,.522,.521,2.2,3.3,.684,2.5,3.9,6.5,1.1,0.6,0.2,1.8,3.0,11.5,15.4,.557,.001,.370,12.3,18.4,15.4,6.7,1.3,0.4,15.2,20.6,2.8,2.7,5.5,.139,-0.1,-0.6,-0.8,0.6,
Cliff Robinson,PF,19,NJN,70,,23.7,5.6,11.9,.469,0.0,0.1,.250,5.6,11.8,.470,.470,2.4,3.5,.694,2.5,4.7,7.2,1.4,0.9,0.5,2.0,2.5,13.6,17.0,.506,.005,.291,10.8,20.7,15.8,9.3,1.7,1.1,12.7,25.0,1.1,2.5,3.6,.104,0.2,-0.8,-0.6,0.6,
Jackie Robinson,SF,24,DET,7,,7.3,1.3,2.4,.529,0.0,0.1,.000,1.3,2.3,.563,.529,1.3,1.6,.818,0.4,0.3,0.7,0.0,0.4,0.4,0.3,1.1,3.9,17.1,.618,.059,.647,6.1,4.2,5.1,0.0,2.6,3.1,8.4,18.0,0.1,0.0,0.2,.167,-2.7,0.3,-2.4,0.0,
Truck Robinson,PF,28,PHO,82,,33.0,6.6,13.0,.512,0.0,0.0,,6.6,13.0,.512,.512,4.0,5.9,.667,2.6,6.8,9.4,1.7,0.7,0.7,3.1,3.2,17.3,15.3,.553,.000,.458,8.8,22.1,15.6,7.5,1.0,1.2,16.4,22.4,2.1,3.9,6.0,.106,-0.8,-0.9,-1.7,0.2,
Bill Robinzine,PF,27,KCK,81,,23.7,4.5,8.9,.501,0.0,0.0,.500,4.5,8.9,.501,.501,2.5,3.4,.730,2.3,4.2,6.5,0.8,1.3,0.3,1.8,3.8,11.4,15.3,.548,.003,.379,9.9,19.8,14.7,4.5,2.6,0.7,14.9,20.7,1.8,3.6,5.5,.137,-1.5,0.6,-0.8,0.6,
Dave Robisch,C,30,CLE,82,,32.6,6.0,11.5,.520,0.0,0.0,.000,6.0,11.4,.522,.520,3.4,4.0,.842,2.7,5.3,8.0,2.3,0.6,0.6,1.7,2.6,15.3,17.2,.578,.003,.350,8.5,17.9,13.0,9.3,0.9,1.1,11.3,17.6,6.3,2.3,8.6,.154,2.1,-0.3,1.8,2.6,
John Roche,PG,30,DEN,82,,27.9,4.3,9.0,.478,0.6,1.6,.380,3.7,7.5,.498,.511,2.1,2.5,.866,0.3,1.1,1.4,4.9,1.0,0.1,1.9,1.7,11.4,13.9,.562,.174,.273,1.1,4.2,2.6,24.7,1.7,0.3,16.1,17.0,3.5,0.7,4.2,.088,0.3,-1.3,-1.0,0.6,
Tree Rollins,C,24,ATL,82,,25.9,3.5,6.3,.558,0.0,0.0,,3.5,6.3,.558,.558,1.9,2.7,.714,3.5,6.0,9.4,0.9,0.7,3.0,1.2,3.9,8.9,18.9,.598,.000,.428,14.2,25.0,19.6,5.2,1.2,6.8,13.9,13.7,4.5,4.7,9.2,.208,1.2,2.8,4.0,3.2,
Dan Roundfield,PF,26,ATL,81,,32.0,6.2,12.4,.499,0.0,0.0,.000,6.2,12.4,.500,.499,4.1,5.7,.710,3.6,6.7,10.3,2.3,1.2,1.7,2.9,3.9,16.5,19.7,.551,.004,.462,12.1,22.7,17.3,11.3,1.9,3.2,16.1,22.8,4.0,5.1,9.1,.169,1.6,1.4,2.9,3.2,
Campy Russell,SF,28,CLE,41,,32.5,6.9,15.4,.451,0.0,0.2,.111,6.9,15.1,.456,.452,4.3,5.8,.745,1.9,3.6,5.5,4.2,1.8,0.5,3.6,2.8,18.2,16.2,.508,.014,.379,5.8,12.4,8.9,17.5,2.5,0.8,16.8,25.5,0.5,1.4,1.8,.067,0.6,0.2,0.8,0.9,
Alvin Scott,SF,24,PHO,79,,16.5,1.6,3.8,.422,0.0,0.0,.333,1.6,3.8,.423,.424,1.2,1.5,.779,1.1,1.8,2.9,1.2,0.6,0.7,1.2,1.3,4.4,9.9,.493,.010,.405,7.7,11.5,9.6,9.3,1.7,2.2,20.6,13.6,0.0,1.7,1.7,.062,-1.6,0.8,-0.8,0.4,
Charlie Scott*,SG,31,DEN,69,,27.0,4.0,10.0,.401,0.0,0.2,.182,4.0,9.8,.405,.403,1.2,1.7,.720,0.7,1.7,2.4,3.6,0.7,0.3,2.4,2.9,9.3,7.4,.432,.016,.172,2.8,6.6,4.6,18.6,1.2,0.7,18.1,19.0,-2.0,0.6,-1.4,-0.037,-4.2,-1.7,-6.0,-1.9,
Lonnie Shelton,PF,24,SEA,76,,29.5,5.6,10.6,.530,0.0,0.1,.200,5.6,10.5,.532,.531,2.4,3.2,.763,2.6,5.0,7.7,1.9,1.2,1.0,2.2,3.8,13.6,16.8,.570,.006,.300,9.3,18.0,13.6,9.1,1.9,1.9,15.7,18.9,3.5,4.1,7.5,.161,0.2,1.4,1.6,2.0,
Purvis Short,SF,22,GSW,62,,26.4,7.4,14.8,.503,0.0,0.1,.000,7.4,14.7,.507,.503,2.2,2.7,.812,1.9,3.2,5.1,2.0,1.0,0.1,2.0,3.0,17.0,19.1,.534,.007,.180,7.8,13.7,10.6,12.4,1.8,0.3,11.0,28.0,2.3,1.4,3.7,.109,1.9,-1.1,0.8,1.2,
John Shumate,PF,27,TOT,65,,20.6,3.2,6.0,.528,0.0,0.0,.000,3.2,6.0,.529,.528,2.5,3.3,.764,1.7,3.9,5.6,1.3,0.6,0.7,1.4,1.9,8.9,16.0,.594,.003,.551,8.7,20.4,14.6,7.9,1.3,1.8,15.7,16.5,2.4,1.1,3.5,.126,0.7,-0.2,0.5,0.9,
John Shumate,PF,27,DET,9,,25.3,3.9,7.2,.538,0.0,0.0,,3.9,7.2,.538,.538,1.9,2.8,.680,2.0,5.8,7.8,1.0,1.0,0.6,1.6,1.8,9.7,15.1,.572,.000,.385,8.2,24.2,16.1,5.1,1.8,1.1,15.6,15.2,0.3,0.2,0.5,.101,-0.4,-0.3,-0.6,0.1,
John Shumate,PF,27,HOU,29,,11.4,1.2,2.2,.531,0.0,0.0,,1.2,2.2,.531,.531,1.1,1.5,.750,0.9,1.9,2.7,0.8,0.3,0.3,0.9,1.3,3.5,11.7,.606,.000,.688,8.1,18.5,13.1,8.7,1.1,1.5,24.5,13.1,0.3,0.3,0.6,.081,-1.4,0.3,-1.1,0.1,
John Shumate,PF,27,SAS,27,,28.8,5.1,9.7,.525,0.0,0.0,.000,5.1,9.7,.527,.525,4.3,5.4,.782,2.4,5.5,7.9,1.9,0.9,1.1,1.9,2.6,14.5,18.0,.597,.004,.559,9.1,20.1,14.7,8.4,1.3,2.0,13.2,18.4,1.8,0.6,2.5,.152,1.8,-0.4,1.4,0.7,
Jack Sikma*,C,24,SEA,82,,34.1,5.7,12.1,.475,0.0,0.0,.000,5.7,12.0,.476,.475,2.9,3.6,.805,2.4,8.7,11.1,3.4,0.8,0.9,2.5,2.8,14.3,16.5,.526,.001,.295,7.4,26.9,17.1,13.7,1.1,1.5,15.3,18.6,3.3,5.3,8.6,.148,0.5,1.3,1.8,2.7,
James Silas,PG,30,SAS,77,,29.8,6.7,13.0,.514,0.0,0.1,.000,6.7,12.9,.516,.514,4.4,5.0,.887,0.6,1.6,2.2,4.5,0.8,0.2,2.5,2.7,17.7,16.7,.585,.004,.382,2.1,5.6,3.9,20.1,1.2,0.3,14.1,22.4,5.3,0.2,5.5,.116,1.4,-1.9,-0.5,0.9,
Paul Silas,PF,36,SEA,82,,19.5,1.4,3.6,.378,0.0,0.0,,1.4,3.6,.378,.378,1.1,1.7,.654,2.5,2.8,5.3,0.8,0.3,0.1,1.0,1.5,3.8,8.2,.439,.000,.455,13.4,15.4,14.4,5.0,0.7,0.2,18.8,10.9,0.2,2.0,2.2,.066,-2.0,-0.9,-2.9,-0.4,
Ralph Simpson,SG,30,NJN,8,,10.1,2.3,5.9,.383,0.0,0.3,.000,2.3,5.6,.400,.383,0.6,1.3,.500,0.8,0.6,1.4,1.8,1.1,0.0,1.5,0.4,5.1,12.6,.399,.043,.213,7.7,6.4,7.0,26.6,5.0,0.0,18.9,30.2,-0.2,0.1,-0.1,-0.064,-3.1,0.2,-2.9,0.0,
Al Skinner,SG,27,PHI,2,,5.0,0.5,1.0,.500,0.0,0.0,,0.5,1.0,.500,.500,0.0,0.0,,0.0,0.0,0.0,1.0,0.0,0.0,1.0,0.5,1.0,-0.6,.500,.000,.000,0.0,0.0,0.0,25.4,0.0,0.0,50.0,16.0,0.0,0.0,0.0,-0.152,-4.6,-0.2,-4.8,0.0,
Bingo Smith,SF-SG,33,TOT,78,,27.2,4.9,11.4,.432,0.3,1.0,.284,4.6,10.4,.447,.445,1.3,1.5,.870,1.2,2.1,3.3,1.3,0.8,0.2,1.0,2.7,11.4,11.3,.474,.091,.129,4.6,8.7,6.6,6.6,1.4,0.4,7.9,19.2,1.5,0.5,2.1,.047,-1.7,-1.5,-3.2,-0.7,
Bingo Smith,SG,33,CLE,8,,16.9,4.1,9.0,.458,0.1,0.6,.200,4.0,8.4,.478,.465,0.9,1.0,.875,0.3,1.5,1.8,0.9,0.4,0.3,1.1,2.6,9.3,10.8,.490,.069,.111,1.5,9.8,5.5,7.3,1.0,0.8,10.6,24.0,0.0,0.1,0.1,.028,-3.0,-0.7,-3.7,-0.1,
Bingo Smith,SF,33,SDC,70,,28.4,5.0,11.7,.430,0.3,1.1,.289,4.7,10.6,.444,.443,1.3,1.5,.869,1.3,2.2,3.5,1.3,0.8,0.2,1.0,2.7,11.7,11.4,.473,.093,.131,4.8,8.6,6.7,6.5,1.4,0.4,7.7,18.9,1.5,0.5,2.0,.048,-1.6,-1.6,-3.2,-0.6,
Phil Smith,SG,27,GSW,51,,30.4,6.4,13.4,.474,0.1,0.4,.318,6.2,13.0,.480,.480,2.6,3.4,.789,0.5,2.3,2.9,3.7,1.2,0.3,2.4,3.0,15.5,14.6,.521,.032,.250,1.9,8.7,5.2,17.8,1.9,0.6,13.7,23.4,1.1,1.1,2.2,.067,-0.4,-0.5,-0.9,0.4,
Randy Smith,SG,31,CLE,82,,32.6,7.3,16.2,.452,0.1,0.6,.189,7.2,15.5,.463,.456,2.8,3.5,.823,1.1,2.0,3.1,4.4,1.5,0.1,2.4,2.3,17.6,15.2,.497,.040,.213,3.5,6.7,5.0,18.5,2.1,0.1,12.1,23.7,2.4,1.8,4.2,.075,0.3,-0.5,-0.3,1.2,
Robert Smith,PG,24,TOT,65,,12.4,1.8,4.1,.439,0.1,0.4,.308,1.7,3.7,.453,.454,1.2,1.4,.870,0.3,0.9,1.2,1.4,0.4,0.1,0.8,1.6,5.0,10.8,.523,.097,.342,2.6,7.6,5.1,15.7,1.5,0.3,14.6,17.4,0.7,0.7,1.4,.080,-2.3,-0.3,-2.6,-0.1,
Robert Smith,PG,24,UTA,6,,12.2,0.8,2.5,.333,0.0,0.0,,0.8,2.5,.333,.333,0.8,0.8,1.000,0.5,0.0,0.5,1.2,0.7,0.0,0.2,0.5,2.5,9.6,.436,.000,.333,5.0,0.0,2.4,12.2,2.7,0.0,5.5,10.7,0.1,0.0,0.1,.050,-2.7,0.0,-2.7,0.0,
Robert Smith,PG,24,NJN,59,,12.5,1.9,4.3,.445,0.1,0.4,.308,1.8,3.9,.461,.461,1.3,1.5,.862,0.3,1.0,1.3,1.4,0.4,0.1,0.9,1.7,5.2,10.9,.529,.102,.343,2.4,8.3,5.4,16.1,1.4,0.3,15.1,18.1,0.6,0.7,1.3,.083,-2.3,-0.3,-2.6,-0.1,
Sam Smith,SF,25,CHI,30,,16.5,3.2,7.7,.422,0.3,1.2,.229,3.0,6.5,.456,.439,1.9,2.1,.905,0.7,1.1,1.8,1.4,0.8,0.2,1.1,1.8,8.6,14.2,.502,.152,.274,5.1,7.1,6.1,13.0,2.4,0.8,11.4,23.9,0.4,0.4,0.8,.079,-0.5,-0.4,-0.9,0.1,
Willie Smith,PG,26,CLE,62,,17.0,2.0,5.1,.384,0.3,1.1,.239,1.7,3.9,.426,.411,0.6,0.8,.769,0.9,1.0,2.0,4.2,1.2,0.0,1.5,1.8,4.8,12.2,.442,.225,.165,5.4,6.8,6.1,29.3,3.2,0.1,21.9,15.8,0.0,1.0,1.0,.047,-0.7,0.7,0.0,0.5,
Ricky Sobers,PG,27,CHI,82,,32.6,5.7,12.2,.469,0.3,0.8,.309,5.5,11.4,.481,.480,2.4,2.9,.837,0.9,2.0,3.0,5.2,1.7,0.2,3.4,3.6,14.2,12.5,.524,.068,.239,3.2,6.9,5.1,23.8,2.4,0.4,20.3,21.2,0.5,1.9,2.4,.044,-1.3,-0.6,-1.9,0.1,
Jim Spanarkel,SG,22,PHI,40,,11.1,1.8,3.8,.471,0.0,0.1,.000,1.8,3.8,.477,.471,1.4,1.6,.831,0.7,0.7,1.4,1.3,0.3,0.2,1.4,1.5,5.0,10.7,.545,.013,.425,6.9,6.1,6.5,15.9,1.3,0.7,23.9,21.6,0.0,0.5,0.4,.048,-2.6,-1.0,-3.6,-0.2,
Larry Steele,SF,30,POR,16,,27.9,3.9,9.1,.425,0.0,0.3,.000,3.9,8.9,.437,.425,1.4,1.7,.815,0.8,2.0,2.8,4.2,1.6,0.1,2.1,3.3,9.1,10.8,.462,.027,.185,3.2,8.0,5.5,20.8,2.7,0.1,17.3,17.6,0.0,0.5,0.5,.052,-3.0,0.7,-2.3,0.0,
Earl Tatum,SG,26,CLE,33,,6.8,1.1,2.8,.383,0.1,0.2,.333,1.0,2.7,.386,.394,0.3,0.6,.579,0.3,0.5,0.8,0.6,0.5,0.2,0.5,0.9,2.6,9.3,.415,.064,.202,4.9,7.4,6.1,11.2,3.2,1.2,14.2,20.4,-0.3,0.2,0.0,-0.005,-3.6,0.8,-2.8,0.0,
Brian Taylor,PG,28,SDC,78,,35.3,5.4,11.5,.467,1.2,3.1,.377,4.2,8.4,.500,.517,1.7,2.1,.802,1.0,1.4,2.4,4.3,1.9,0.3,1.8,3.2,13.5,13.9,.546,.267,.181,2.9,4.6,3.7,16.4,2.5,0.5,12.7,16.1,4.6,1.0,5.6,.098,0.2,0.2,0.4,1.7,
Reggie Theus,SG,22,CHI,82,,36.9,6.9,14.3,.483,0.3,1.3,.267,6.6,13.0,.504,.495,6.1,7.3,.838,1.7,2.3,4.0,6.3,1.4,0.2,4.2,3.2,20.2,17.0,.579,.090,.509,5.4,6.7,6.1,25.9,1.8,0.4,19.5,24.0,5.2,1.7,6.9,.110,2.1,-1.3,0.8,2.1,
David Thompson*,SG,25,DEN,39,,31.8,7.4,15.8,.468,0.2,0.5,.368,7.2,15.3,.472,.474,6.5,8.6,.758,1.4,3.0,4.5,3.2,1.0,1.0,3.0,2.7,21.5,19.0,.549,.031,.543,4.6,10.2,7.3,15.6,1.5,1.6,13.2,27.8,2.2,0.8,3.0,.116,2.5,-0.8,1.6,1.1,
Rudy Tomjanovich*,PF,31,HOU,62,,29.6,6.0,12.5,.476,0.4,1.3,.278,5.6,11.3,.498,.490,1.9,2.4,.803,2.1,3.6,5.8,1.8,0.5,0.2,1.6,2.6,14.2,14.2,.522,.102,.189,7.7,14.0,10.8,8.5,0.8,0.3,10.4,20.3,2.8,0.8,3.6,.094,0.6,-1.9,-1.3,0.3,
Bernard Toone,PF,23,PHI,23,,5.4,1.0,2.8,.359,0.0,0.3,.143,1.0,2.5,.386,.367,0.3,0.4,.800,0.5,1.0,1.5,0.5,0.2,0.2,0.7,0.9,2.4,8.9,.402,.109,.156,10.9,17.8,14.5,13.8,1.5,2.2,19.0,27.2,-0.3,0.2,-0.1,-0.036,-5.1,-0.3,-5.4,-0.1,
Raymond Townsend,SG,24,GSW,75,,15.5,2.3,5.6,.406,0.1,0.3,.154,2.2,5.3,.423,.411,0.8,1.1,.714,0.4,0.7,1.2,1.5,0.8,0.1,0.9,1.5,5.4,9.6,.443,.062,.200,3.0,5.5,4.2,13.5,2.5,0.2,12.4,18.6,-0.5,0.8,0.4,.015,-3.2,-0.1,-3.4,-0.4,
Dave Twardzik,PG,29,POR,67,,23.8,2.7,5.9,.464,0.1,0.1,.571,2.7,5.8,.463,.470,2.9,3.8,.782,0.8,1.6,2.3,4.1,1.1,0.0,2.0,2.2,8.5,13.9,.562,.018,.640,3.5,7.3,5.4,22.9,2.4,0.0,20.6,16.4,2.1,1.5,3.7,.110,-0.7,0.2,-0.5,0.6,
Terry Tyler,SF,23,DET,82,,32.6,5.2,11.3,.465,0.0,0.1,.167,5.2,11.1,.469,.466,1.7,2.3,.765,2.8,4.9,7.6,1.6,1.3,2.7,2.1,2.9,12.3,14.2,.499,.013,.202,8.9,15.8,12.3,6.4,1.8,4.3,14.8,17.0,0.9,2.5,3.4,.062,-0.9,0.6,-0.3,1.2,
Wes Unseld*,C,33,WSB,82,,36.3,4.0,7.8,.513,0.0,0.0,.500,4.0,7.7,.513,.514,1.7,2.5,.665,4.1,9.3,13.3,4.5,0.8,0.7,1.9,3.0,9.7,15.4,.545,.003,.328,11.2,25.9,18.5,15.6,1.0,1.1,17.3,11.7,4.3,4.1,8.4,.135,0.9,1.5,2.5,3.3,
Jan van Breda Kolff,SF,28,NJN,82,,29.3,2.6,5.6,.463,0.1,0.2,.350,2.5,5.3,.468,.471,1.6,1.9,.839,1.3,4.0,5.2,3.0,1.2,0.9,1.9,3.7,6.8,9.5,.533,.044,.338,4.4,14.1,9.3,13.1,1.9,1.7,23.1,11.0,0.6,3.3,3.9,.078,-2.2,1.8,-0.4,1.0,
Andre Wakefield,SG,25,UTA,8,,5.9,0.8,1.9,.400,0.0,0.0,,0.8,1.9,.400,.400,0.4,0.4,1.000,0.0,0.5,0.5,0.4,0.1,0.0,1.0,1.6,1.9,-2.0,.460,.000,.200,0.0,9.6,5.0,8.8,1.0,0.0,32.9,22.2,-0.2,0.0,-0.2,-0.187,-6.2,-0.9,-7.1,-0.2,
Foots Walker,PG,28,CLE,76,,31.9,3.4,7.5,.454,0.0,0.1,.111,3.4,7.4,.460,.455,2.6,3.2,.802,1.0,2.8,3.8,8.0,2.0,0.2,2.1,2.7,9.4,15.3,.527,.016,.428,3.3,9.5,6.3,29.5,2.9,0.3,18.9,13.2,3.7,2.4,6.1,.120,0.5,1.4,1.9,2.4,
Wally Walker,SF,25,SEA,70,,12.1,2.0,3.9,.507,0.0,0.0,,2.0,3.9,.507,.507,0.7,0.9,.750,0.9,1.5,2.4,0.8,0.3,0.1,0.7,1.5,4.7,12.3,.539,.000,.234,7.9,13.3,10.6,8.6,1.2,0.3,14.2,16.5,1.0,1.1,2.0,.116,-1.3,-0.1,-1.4,0.1,
Bill Walton*,C,27,SDC,14,,24.1,5.8,11.5,.503,0.0,0.0,,5.8,11.5,.503,.503,2.3,3.9,.593,2.0,7.0,9.0,2.4,0.6,2.7,2.6,2.6,13.9,22.2,.525,.000,.335,8.7,32.5,20.2,15.5,1.1,6.1,16.7,26.3,0.2,0.5,0.8,.108,0.9,2.1,3.0,0.5,
Lloyd Walton,PG,26,MIL,76,,16.4,1.4,3.2,.455,0.0,0.0,.333,1.4,3.1,.456,.457,0.6,0.9,.690,0.4,0.8,1.2,3.8,0.6,0.0,1.5,0.9,3.6,9.6,.494,.012,.293,3.0,4.9,4.0,27.2,1.6,0.1,29.1,12.3,0.1,1.0,1.1,.041,-1.5,-0.9,-2.4,-0.1,
Kermit Washington,PF,28,POR,80,,33.2,5.3,9.5,.553,0.0,0.0,.000,5.3,9.5,.555,.553,2.9,4.5,.642,4.1,6.5,10.5,2.1,0.9,1.6,2.1,3.8,13.4,18.2,.584,.004,.473,13.2,21.7,17.4,8.9,1.3,2.9,15.6,16.8,5.2,4.0,9.1,.165,1.3,0.6,1.9,2.6,
Richard Washington,PF,24,MIL,75,,14.6,2.6,5.6,.468,0.0,0.0,,2.6,5.6,.468,.468,0.6,1.0,.605,1.3,2.4,3.7,0.7,0.3,0.6,0.8,2.2,5.9,12.3,.484,.000,.181,9.7,17.5,13.7,6.7,1.1,2.4,12.2,18.8,0.5,1.6,2.0,.089,-2.5,-0.1,-2.6,-0.2,
Nick Weatherspoon,SF,29,SDC,57,,19.7,2.9,6.6,.434,0.0,0.0,,2.9,6.6,.434,.434,1.1,1.6,.692,1.5,2.2,3.6,0.9,0.6,0.3,1.5,2.4,6.9,9.3,.468,.000,.241,7.7,12.4,10.0,6.4,1.4,0.8,17.1,17.9,-0.4,0.5,0.1,.002,-3.4,-1.4,-4.8,-0.8,
Marvin Webster,C,27,NYK,20,,14.9,1.9,4.0,.481,0.0,0.0,,1.9,4.0,.481,.481,0.6,0.8,.750,1.4,2.6,4.0,0.5,0.2,0.6,1.0,2.0,4.4,9.2,.511,.000,.203,10.1,19.2,14.6,3.6,0.5,2.0,18.9,13.7,0.0,0.2,0.2,.039,-2.8,-1.3,-4.1,-0.2,
Scott Wedman,SF,27,KCK,68,,34.5,8.4,16.4,.512,0.1,0.3,.318,8.3,16.0,.516,.515,2.1,2.7,.801,1.7,4.0,5.7,2.1,1.2,0.7,1.6,3.4,19.0,16.9,.541,.020,.163,5.0,12.9,8.8,9.3,1.7,1.1,8.6,22.2,3.7,3.4,7.1,.145,1.1,0.5,1.5,2.1,
Paul Westphal*,SG,29,PHO,82,,32.5,8.4,16.1,.525,0.3,1.1,.280,8.1,14.9,.544,.535,4.7,5.4,.862,0.6,1.7,2.3,5.1,1.5,0.4,2.5,2.0,21.9,21.1,.593,.071,.336,1.9,5.7,3.9,24.2,2.0,0.7,12.0,25.6,7.7,2.8,10.5,.189,4.0,0.0,3.9,4.0,
Jo Jo White*,PG,33,GSW,78,,26.3,4.3,9.1,.476,0.0,0.1,.167,4.3,9.0,.479,.477,1.2,1.5,.851,0.5,1.8,2.3,3.1,1.1,0.2,2.0,2.4,9.9,11.2,.509,.008,.161,2.2,7.7,4.9,16.1,2.0,0.4,17.2,18.3,0.1,1.4,1.5,.035,-2.2,-0.3,-2.4,-0.2,
Rudy White,SG,26,HOU,9,,11.8,1.4,2.7,.542,0.0,0.0,,1.4,2.7,.542,.542,1.1,1.4,.769,0.0,1.0,1.0,0.6,0.6,0.0,0.9,0.9,4.0,9.6,.606,.000,.542,0.0,9.7,4.7,6.0,2.2,0.0,21.2,14.1,0.1,0.1,0.1,.052,-3.1,0.2,-2.9,0.0,
Jerome Whitehead,C,23,TOT,50,,11.1,1.2,2.3,.509,0.0,0.0,,1.2,2.3,.509,.509,0.2,0.7,.286,1.1,2.2,3.3,0.5,0.2,0.3,0.7,1.9,2.5,8.4,.487,.000,.307,11.4,22.6,17.1,5.7,0.7,1.7,21.8,12.5,-0.2,0.4,0.2,.017,-3.9,-0.8,-4.8,-0.4,
Jerome Whitehead,C,23,SDC,18,,12.5,1.5,2.5,.600,0.0,0.0,,1.5,2.5,.600,.600,0.3,1.0,.278,1.6,2.3,3.9,0.3,0.1,0.3,0.4,1.8,3.3,11.6,.557,.000,.400,13.5,20.4,16.8,3.5,0.2,1.4,13.1,10.8,0.3,0.1,0.4,.087,-1.6,-1.3,-2.9,-0.1,
Jerome Whitehead,C,23,UTA,32,,10.3,1.0,2.2,.449,0.0,0.0,,1.0,2.2,.449,.449,0.2,0.5,.294,0.8,2.2,3.0,0.6,0.2,0.3,0.9,2.0,2.1,6.2,.438,.000,.246,10.0,24.0,17.3,7.2,1.0,1.9,26.8,13.7,-0.5,0.3,-0.2,-0.031,-5.5,-0.5,-6.0,-0.4,
Sidney Wicks,PF,30,SDC,71,,30.2,3.0,7.0,.423,0.0,0.0,.000,3.0,7.0,.424,.423,1.2,2.1,.546,1.9,3.8,5.8,3.0,1.1,0.7,2.4,3.4,7.1,8.5,.447,.002,.306,6.7,14.1,10.3,12.5,1.7,1.3,22.9,13.6,-1.3,1.2,-0.1,-0.001,-2.9,0.1,-2.8,-0.4,
Bob Wilkerson,SF,25,DEN,75,,31.7,5.7,13.7,.417,0.1,0.5,.206,5.6,13.3,.425,.421,2.2,3.0,.748,1.1,3.1,4.2,3.2,1.2,0.4,2.6,2.6,13.8,10.9,.458,.033,.216,3.6,10.3,6.9,14.7,1.8,0.6,14.6,21.7,-1.2,1.4,0.2,.004,-2.8,-1.1,-3.8,-1.1,
Jamaal Wilkes*,SF,26,LAL,82,,37.9,8.9,16.6,.535,0.0,0.2,.176,8.8,16.4,.539,.536,2.3,2.9,.808,2.1,4.3,6.4,3.0,1.6,0.3,1.9,2.7,20.0,17.6,.563,.013,.172,6.8,11.2,9.2,10.8,1.9,0.5,9.7,20.8,6.7,3.2,10.0,.154,1.7,-0.4,1.3,2.6,
Duck Williams,PG,23,UTA,77,,23.3,3.0,6.7,.447,0.0,0.2,.000,3.0,6.6,.458,.447,0.5,0.8,.700,0.3,1.1,1.4,2.4,1.3,0.1,1.4,2.2,6.6,8.6,.464,.023,.116,1.4,5.3,3.5,14.1,2.7,0.3,16.4,15.6,-0.9,0.6,-0.3,-0.009,-3.8,-0.2,-4.0,-0.9,
Freeman Williams,SG,23,SDC,82,,25.8,7.9,16.4,.480,0.5,1.6,.328,7.4,14.8,.496,.496,2.4,2.9,.815,1.3,1.1,2.3,2.0,0.9,0.1,2.1,1.8,18.6,19.4,.527,.095,.177,5.1,4.7,4.9,13.3,1.6,0.2,10.6,30.5,3.8,0.2,4.1,.092,2.8,-2.3,0.5,1.3,
Gus Williams,PG,26,SEA,82,,36.2,9.0,18.7,.482,0.1,0.4,.194,8.9,18.3,.489,.484,4.0,5.1,.788,1.5,1.8,3.4,4.8,2.4,0.5,2.2,2.0,22.1,20.6,.529,.023,.274,4.5,5.3,4.9,20.7,3.2,0.7,9.5,25.2,7.2,4.4,11.6,.187,3.1,1.6,4.7,5.0,
Ray Williams,PG,25,NYK,82,,31.5,8.4,16.9,.496,0.1,0.5,.189,8.3,16.4,.505,.499,4.1,5.2,.787,1.8,3.2,5.0,6.2,2.0,0.3,3.1,3.6,20.9,21.6,.546,.027,.306,6.2,11.2,8.7,28.5,2.9,0.5,14.0,27.2,6.0,2.2,8.2,.152,3.7,0.3,3.9,3.9,
Sly Williams,SF,22,NYK,57,,9.8,1.8,4.7,.390,0.0,0.1,.000,1.8,4.6,.395,.390,1.0,1.6,.644,1.1,1.0,2.1,0.6,0.3,0.1,0.9,1.3,4.7,10.7,.434,.015,.337,12.6,11.1,11.9,8.4,1.5,0.8,13.8,24.6,-0.4,0.3,-0.1,-0.006,-3.1,-2.8,-5.9,-0.5,
John Williamson,SG,28,TOT,58,,23.7,6.2,14.1,.439,0.2,0.6,.314,6.0,13.5,.445,.446,2.0,2.4,.841,0.7,1.1,1.7,2.2,0.6,0.3,1.6,2.4,14.6,13.5,.481,.043,.169,2.8,4.6,3.7,14.9,1.2,0.7,9.5,27.5,0.4,0.9,1.3,.046,-0.9,-1.5,-2.4,-0.1,
John Williamson,SG,28,NJN,28,,27.5,7.4,16.5,.447,0.3,0.7,.421,7.1,15.8,.448,.456,2.7,3.1,.864,0.9,1.1,1.9,3.1,0.9,0.3,1.5,2.5,17.7,16.1,.496,.041,.191,3.2,4.0,3.6,18.6,1.5,0.6,7.9,27.2,0.9,0.6,1.6,.097,1.0,-1.1,-0.1,0.4,
John Williamson,SG,28,WSB,30,,20.1,5.1,11.9,.430,0.1,0.5,.188,5.0,11.3,.441,.434,1.3,1.7,.800,0.5,1.0,1.5,1.3,0.3,0.3,1.6,2.2,11.6,10.2,.462,.045,.140,2.3,5.2,3.7,10.0,0.8,0.9,11.5,27.9,-0.5,0.3,-0.2,-0.019,-3.3,-2.0,-5.4,-0.5,
Bill Willoughby,SF,22,CLE,78,,18.6,2.8,5.9,.479,0.0,0.1,.111,2.8,5.7,.487,.480,1.2,1.6,.756,1.6,2.7,4.2,0.9,0.4,0.8,0.9,2.4,6.9,12.7,.522,.020,.278,8.5,15.8,12.0,6.2,1.0,2.3,11.7,15.4,1.7,1.3,3.0,.099,-1.0,0.2,-0.8,0.4,
Bubba Wilson,SG,24,GSW,16,,8.9,0.4,1.6,.280,0.0,0.0,,0.4,1.6,.280,.280,0.2,0.4,.500,0.4,0.6,1.0,0.8,0.1,0.0,0.5,0.7,1.1,2.1,.308,.000,.240,4.5,8.0,6.2,10.0,0.7,0.0,22.4,10.3,-0.2,0.0,-0.2,-0.064,-4.4,-0.9,-5.3,-0.2,
Rick Wilson,SG,23,ATL,5,,11.8,0.4,2.8,.143,0.0,0.0,,0.4,2.8,.143,.143,0.8,1.2,.667,0.4,0.2,0.6,2.2,0.8,0.2,1.6,0.6,1.6,2.0,.240,.000,.429,3.6,1.8,2.7,23.6,3.3,1.0,32.5,17.1,-0.3,0.1,-0.2,-0.146,-4.1,0.0,-4.1,0.0,
Brian Winters,SG,27,MIL,80,,32.8,6.7,14.0,.479,0.5,1.3,.373,6.2,12.7,.490,.496,2.3,2.7,.860,0.6,2.2,2.8,4.5,1.3,0.4,2.3,2.6,16.2,14.8,.534,.091,.192,2.0,7.0,4.6,19.0,1.8,0.6,13.3,21.1,3.6,2.6,6.2,.113,0.3,-0.2,0.2,1.4,
Larry Wright,PG,25,WSB,76,,16.9,3.0,6.6,.458,0.1,0.2,.250,3.0,6.4,.465,.462,1.3,1.4,.889,0.5,1.1,1.6,2.9,0.6,0.2,1.4,1.9,7.3,13.3,.510,.032,.216,3.1,6.5,4.8,23.9,1.8,0.7,16.5,20.1,0.8,1.0,1.8,.069,-1.1,0.1,-1.0,0.3,
Tony Zeno,SF,22,IND,8,,7.4,0.8,2.6,.286,0.0,0.0,,0.8,2.6,.286,.286,0.3,0.3,1.000,0.4,1.4,1.8,0.1,0.5,0.4,1.1,1.6,1.8,0.2,.320,.000,.095,5.1,19.9,12.3,2.1,3.1,2.8,29.1,20.3,-0.3,0.1,-0.2,-0.160,-6.4,-0.1,-6.5,-0.2,
