Player,Pos,Age,Tm,G,GS,MP,FG,FGA,FG%,3P,3PA,3P%,2P,2PA,2P%,eFG%,FT,FTA,FT%,ORB,DRB,TRB,AST,STL,BLK,TOV,PF,PTS,PER,TS%,3PAr,FTr,ORB%,DRB%,TRB%,AST%,STL%,BLK%,TOV%,USG%,OWS,DWS,WS,WS/48,OBPM,DBPM,BPM,VORP,Salary,AvgDistance,2PAr,0-3Ar,3-10Ar,10-16Ar,16-3PAr,0-3%,3-10%,10-16%,16-3P%,2P_Assisted,3P_Assisted,DunksAr,Dunks,3PCornerAr,3PCorner%,HeavesAttempted,Heaves,Cluster
Lance Stephenson,SG,27,IND,82,7,22.6,3.7,8.6,0.427,0.8,2.8,0.289,2.9,5.8,0.495,0.475,1.0,1.5,0.661,0.8,4.4,5.2,2.9,0.6,0.2,1.6,2.2,9.2,12.4,0.495,0.327,0.179,3.8,22.0,12.9,18.6,1.2,0.8,14.6,21.6,-0.2,2.0,1.8,0.046,-1.5,-0.3,-1.8,0.1,0.0,14.7,0.673,0.292,0.086,0.072,0.223,0.623,0.311,0.49,0.399,0.237,0.716,0.025,14,0.194,0.356,9,0,0
LeBron James,PF,33,CLE,82,82,36.9,10.5,19.3,0.542,1.8,5.0,0.367,8.6,14.3,0.603,0.59,4.7,6.5,0.731,1.2,7.5,8.6,9.1,1.4,0.9,4.2,1.7,27.5,28.6,0.621,0.257,0.336,3.7,22.3,13.1,44.4,1.9,2.0,16.1,31.6,11.0,3.0,14.0,0.221,7.3,1.4,8.7,8.2,0.0,10.9,0.743,0.423,0.114,0.089,0.118,0.766,0.378,0.421,0.371,0.301,0.356,0.08,120,0.084,0.382,1,0,1
Andrew Wiggins,SF,22,MIN,82,82,36.3,6.9,15.9,0.438,1.4,4.1,0.331,5.6,11.7,0.475,0.481,2.5,3.8,0.643,1.0,3.4,4.4,2.0,1.1,0.6,1.7,2.0,17.7,13.0,0.505,0.26,0.242,3.1,10.8,6.9,8.2,1.5,1.5,8.8,23.4,0.5,1.6,2.1,0.034,-0.8,-1.7,-2.4,-0.3,7574323.0,13.1,0.74,0.229,0.179,0.137,0.195,0.695,0.459,0.348,0.32,0.47,0.848,0.047,58,0.18,0.426,0,0,3
Khris Middleton,SF,26,MIL,82,82,36.4,7.2,15.5,0.466,1.8,5.0,0.359,5.5,10.5,0.517,0.524,3.9,4.4,0.884,0.5,4.7,5.2,4.0,1.5,0.3,2.3,3.3,20.1,17.4,0.577,0.32,0.285,1.8,15.0,8.4,17.7,2.0,0.6,11.8,24.6,4.6,2.3,6.9,0.111,0.8,-0.8,0.0,1.5,1300000.0,15.1,0.68,0.14,0.133,0.218,0.189,0.629,0.444,0.545,0.452,0.427,0.842,0.023,27,0.199,0.432,1,0,3
Pat Connaughton,SG,25,POR,82,5,18.1,2.0,4.8,0.423,0.9,2.6,0.352,1.1,2.2,0.506,0.518,0.5,0.5,0.841,0.4,1.5,2.0,1.1,0.3,0.3,0.5,1.5,5.4,9.3,0.539,0.538,0.113,2.7,9.1,5.9,8.7,0.8,1.2,9.5,13.4,1.2,1.3,2.5,0.08,-1.7,-0.1,-1.8,0.1,1471382.0,16.1,0.462,0.231,0.115,0.051,0.064,0.667,0.311,0.5,0.28,0.692,0.932,0.056,20,0.195,0.244,1,0,4
Darius Miller,SF,27,NOP,82,3,23.7,2.6,5.9,0.444,1.8,4.4,0.411,0.8,1.6,0.535,0.594,0.7,0.8,0.866,0.2,1.8,2.0,1.4,0.3,0.2,0.7,2.0,7.8,9.3,0.617,0.735,0.138,1.0,7.9,4.6,7.5,0.7,0.7,10.1,12.8,2.1,0.9,3.0,0.075,-1.1,-0.8,-1.9,0.1,2100000.0,21.9,0.265,0.021,0.039,0.072,0.133,0.6,0.421,0.571,0.538,0.594,0.959,0.002,1,0.196,0.557,1,0,4
Patty Mills,PG,29,SAS,82,36,25.7,3.4,8.3,0.411,1.9,5.0,0.372,1.5,3.3,0.47,0.523,1.3,1.4,0.89,0.3,1.6,1.9,2.8,0.7,0.1,1.3,1.6,10.0,11.8,0.558,0.607,0.173,1.4,6.8,4.1,16.0,1.3,0.4,12.6,17.8,2.0,2.1,4.1,0.093,-0.6,-0.4,-1.0,0.5,10714286.0,19.9,0.393,0.111,0.043,0.023,0.216,0.579,0.379,0.438,0.435,0.476,0.76,0.0,0,0.147,0.459,2,0,6
Ish Smith,PG,29,DET,82,35,24.9,4.7,9.8,0.486,0.4,1.2,0.347,4.3,8.5,0.506,0.507,1.0,1.4,0.698,0.3,2.4,2.7,4.4,0.8,0.2,1.3,1.7,10.9,15.4,0.525,0.126,0.145,1.4,10.9,6.1,28.4,1.6,0.9,11.2,20.8,2.4,2.0,4.4,0.102,-0.3,0.3,0.0,1.0,6000000.0,10.9,0.874,0.257,0.222,0.191,0.203,0.67,0.382,0.516,0.423,0.203,0.629,0.002,2,0.277,0.286,3,1,0
E'Twaun Moore,SG,28,NOP,82,80,31.5,5.2,10.1,0.508,1.6,3.7,0.425,3.6,6.5,0.556,0.585,0.6,0.8,0.706,0.7,2.2,2.9,2.3,1.0,0.1,1.2,2.2,12.5,12.1,0.593,0.362,0.082,2.5,7.3,5.0,10.1,1.5,0.4,10.6,16.1,2.8,1.6,4.4,0.081,-1.0,-0.5,-1.6,0.3,8445024.0,13.1,0.638,0.225,0.234,0.093,0.087,0.642,0.574,0.429,0.417,0.641,0.984,0.013,11,0.405,0.5,0,0,6
Bismack Biyombo,C,25,ORL,82,25,18.2,2.2,4.3,0.52,0.0,0.0,0.0,2.2,4.3,0.521,0.52,1.2,1.9,0.65,1.8,4.0,5.7,0.8,0.3,1.2,1.0,1.9,5.7,14.1,0.556,0.003,0.446,10.5,24.0,17.2,6.5,0.7,5.1,16.6,14.9,1.1,1.8,2.9,0.094,-2.6,0.2,-2.4,-0.2,17000000.0,4.2,0.997,0.534,0.31,0.122,0.031,0.713,0.303,0.302,0.273,0.803,0.0,0.247,81,0.0,0.0,0,0,2
Dragan Bender,PF,20,PHO,82,37,25.2,2.3,5.9,0.386,1.4,3.9,0.366,0.8,2.0,0.426,0.508,0.5,0.6,0.765,0.5,3.9,4.4,1.6,0.3,0.6,1.4,2.0,6.5,7.1,0.524,0.665,0.105,2.0,16.8,9.3,8.9,0.5,2.1,18.1,12.7,-0.7,0.8,0.1,0.001,-2.9,-0.8,-3.7,-0.9,4468800.0,17.8,0.335,0.18,0.099,0.025,0.031,0.575,0.313,0.167,0.133,0.507,0.992,0.021,9,0.255,0.378,0,0,4
Cory Joseph,PG,26,IND,82,17,27.0,3.1,7.4,0.424,0.8,2.3,0.353,2.3,5.0,0.457,0.479,0.9,1.1,0.745,0.5,2.7,3.2,3.2,1.0,0.2,1.1,1.7,7.9,11.0,0.503,0.315,0.156,2.0,11.4,6.7,16.1,1.8,0.7,11.9,14.8,1.2,2.0,3.1,0.068,-1.8,0.3,-1.5,0.3,7945000.0,15.4,0.685,0.171,0.106,0.152,0.255,0.602,0.422,0.435,0.39,0.27,0.91,0.0,0,0.242,0.37,2,0,4
Joe Ingles,SF,30,UTA,82,81,31.4,4.1,8.8,0.467,2.5,5.7,0.44,1.6,3.1,0.516,0.609,0.8,1.0,0.795,0.3,3.9,4.2,4.8,1.1,0.2,1.9,2.2,11.5,14.4,0.623,0.646,0.116,1.1,13.9,7.6,22.9,1.8,0.7,17.4,15.9,4.0,3.6,7.6,0.141,1.0,1.3,2.3,2.8,14136364.0,18.0,0.354,0.164,0.103,0.04,0.046,0.678,0.392,0.379,0.333,0.359,0.848,0.008,6,0.295,0.526,1,0,6
Bradley Beal,SG,24,WAS,82,82,36.3,8.3,18.1,0.46,2.4,6.5,0.375,5.9,11.6,0.507,0.527,3.6,4.5,0.791,0.7,3.7,4.4,4.5,1.2,0.4,2.6,2.0,22.6,18.4,0.564,0.357,0.249,2.3,11.5,6.9,21.0,1.6,1.1,11.5,27.6,4.4,2.5,6.9,0.111,2.9,-0.7,2.2,3.1,25434263.0,15.2,0.643,0.206,0.104,0.146,0.187,0.682,0.394,0.463,0.414,0.355,0.784,0.034,42,0.098,0.404,3,0,3
P.J. Tucker,PF,32,HOU,82,34,27.8,2.1,5.4,0.39,1.4,3.8,0.371,0.7,1.6,0.435,0.52,0.5,0.7,0.717,1.1,4.4,5.6,0.9,1.0,0.3,0.9,2.5,6.1,8.3,0.537,0.703,0.136,4.6,17.8,11.3,4.6,1.7,1.0,13.7,10.5,1.0,3.0,3.9,0.082,-1.9,0.8,-1.1,0.5,7590035.0,18.4,0.297,0.15,0.077,0.011,0.059,0.561,0.324,0.2,0.308,0.579,0.983,0.005,2,0.655,0.399,0,0,4
Taj Gibson,PF,32,MIN,82,82,33.2,5.2,9.0,0.577,0.1,0.4,0.2,5.1,8.6,0.595,0.581,1.7,2.3,0.768,2.4,4.8,7.1,1.2,0.8,0.7,1.1,2.7,12.2,15.4,0.61,0.047,0.251,8.1,16.7,12.4,5.2,1.1,1.9,9.8,14.7,5.4,1.7,7.2,0.126,0.1,-0.7,-0.5,1.0,14000000.0,6.5,0.953,0.482,0.236,0.117,0.118,0.752,0.466,0.442,0.368,0.711,1.0,0.125,89,0.771,0.222,1,0,5
Karl-Anthony Towns,C,22,MIN,82,82,35.6,7.8,14.3,0.545,1.5,3.5,0.421,6.3,10.8,0.585,0.596,4.2,4.9,0.858,2.9,9.4,12.3,2.4,0.8,1.4,1.9,3.5,21.3,24.9,0.646,0.243,0.343,9.3,30.9,20.0,10.8,1.1,3.5,10.5,22.9,10.6,3.4,14.0,0.23,4.9,0.2,5.1,5.2,6216840.0,10.3,0.757,0.341,0.246,0.089,0.08,0.723,0.476,0.442,0.5,0.642,0.975,0.096,96,0.161,0.565,1,0,1
Yogi Ferrell,SG,24,DAL,82,21,27.8,3.8,8.9,0.426,1.6,4.4,0.373,2.2,4.5,0.477,0.518,1.0,1.3,0.796,0.3,2.7,3.0,2.5,0.8,0.1,1.0,1.9,10.2,11.4,0.54,0.492,0.141,1.2,11.2,6.1,13.5,1.4,0.4,9.1,17.0,1.5,1.5,3.0,0.064,-1.3,0.0,-1.4,0.4,1312611.0,17.4,0.508,0.151,0.084,0.097,0.178,0.582,0.295,0.493,0.462,0.401,0.746,0.0,0,0.162,0.5,1,0,6
Raymond Felton,PG,33,OKC,82,2,16.6,2.7,6.7,0.406,1.0,2.8,0.352,1.7,3.9,0.444,0.479,0.4,0.5,0.818,0.3,1.6,1.9,2.5,0.6,0.2,0.9,1.1,6.9,13.0,0.494,0.417,0.08,2.0,11.0,6.3,22.5,1.8,1.1,11.7,20.4,0.9,1.3,2.2,0.078,-0.3,-0.3,-0.6,0.5,1471382.0,16.9,0.583,0.168,0.111,0.092,0.212,0.538,0.443,0.373,0.402,0.077,0.728,0.0,0,0.17,0.462,10,0,4
Jakob Poeltl,C,22,TOR,82,0,18.6,3.1,4.7,0.659,0.0,0.0,0.5,3.1,4.7,0.66,0.66,0.7,1.2,0.594,2.0,2.8,4.8,0.7,0.5,1.2,1.0,2.6,6.9,17.5,0.662,0.005,0.263,12.4,16.4,14.4,5.4,1.3,5.2,16.6,14.8,3.1,2.4,5.6,0.175,-0.7,1.1,0.4,0.9,2947320.0,2.4,0.995,0.734,0.211,0.047,0.003,0.734,0.444,0.5,0.0,0.73,1.0,0.102,37,1.0,0.5,0,0,2
Taurean Prince,SF,23,ATL,82,82,30.0,5.1,11.9,0.426,2.1,5.6,0.385,2.9,6.3,0.461,0.516,1.9,2.2,0.844,0.6,4.1,4.7,2.6,1.0,0.5,2.3,2.0,14.1,12.8,0.549,0.469,0.185,2.3,15.3,8.8,13.9,1.7,1.5,15.3,22.1,0.0,2.0,2.0,0.038,-0.5,-0.6,-1.1,0.6,2526840.0,14.9,0.531,0.234,0.139,0.095,0.063,0.61,0.39,0.355,0.23,0.381,0.898,0.024,21,0.223,0.48,0,0,6
Patrick Patterson,PF,28,OKC,82,3,15.5,1.3,3.2,0.398,0.8,2.1,0.386,0.5,1.2,0.421,0.523,0.5,0.6,0.87,0.4,2.0,2.4,0.7,0.6,0.3,0.4,1.1,3.9,10.0,0.555,0.643,0.173,2.7,14.6,8.4,6.1,1.9,1.6,10.3,10.8,1.2,1.4,2.6,0.098,-1.2,1.0,-0.2,0.6,5192000.0,17.5,0.357,0.128,0.135,0.06,0.03,0.588,0.361,0.25,0.375,0.6,1.0,0.0,0,0.433,0.392,0,0,4
Julius Randle,C,23,LAL,82,49,26.7,6.1,11.0,0.558,0.1,0.5,0.222,6.0,10.5,0.575,0.563,3.7,5.2,0.718,2.2,5.8,8.0,2.6,0.5,0.5,2.6,3.3,16.1,19.9,0.606,0.05,0.47,8.9,22.8,15.9,15.8,0.9,1.7,16.3,25.3,4.0,2.6,6.6,0.145,0.6,0.0,0.6,1.4,4149242.0,4.9,0.95,0.545,0.315,0.041,0.048,0.728,0.389,0.351,0.256,0.534,1.0,0.116,99,0.111,0.4,2,0,5
Marcin Gortat,C,33,WAS,82,82,25.3,3.5,6.8,0.518,0.0,0.0,0.0,3.5,6.8,0.518,0.518,1.3,2.0,0.675,2.2,5.4,7.6,1.8,0.5,0.7,1.2,2.1,8.4,14.7,0.546,0.0,0.291,9.9,24.0,17.0,10.6,1.0,2.6,13.5,15.5,2.4,2.4,4.9,0.113,-0.8,0.3,-0.6,0.8,12782609.0,5.5,1.0,0.411,0.352,0.216,0.021,0.652,0.437,0.421,0.25,0.755,0.0,0.066,28,0.0,0.0,0,0,2
Dillon Brooks,SF,22,MEM,82,74,28.7,4.1,9.4,0.44,1.1,3.2,0.356,3.0,6.2,0.484,0.501,1.5,2.0,0.747,0.6,2.5,3.1,1.6,0.9,0.2,1.5,2.8,11.0,9.8,0.531,0.342,0.215,2.4,10.5,6.3,9.3,1.6,0.7,12.8,18.5,0.1,1.1,1.2,0.024,-2.9,-1.1,-4.0,-1.2,815615.0,13.7,0.658,0.275,0.142,0.118,0.123,0.651,0.445,0.341,0.295,0.533,0.904,0.021,14,0.182,0.333,7,0,0
Tyus Jones,PG,21,MIN,82,11,17.9,1.8,4.0,0.457,0.5,1.6,0.349,1.3,2.4,0.528,0.526,0.9,1.0,0.877,0.2,1.4,1.6,2.8,1.2,0.1,0.7,1.3,5.1,14.1,0.572,0.393,0.247,1.2,9.2,5.2,21.2,3.2,0.4,14.0,12.7,2.3,1.2,3.6,0.117,-0.8,1.7,0.8,1.1,1471382.0,14.0,0.607,0.229,0.186,0.113,0.079,0.68,0.377,0.514,0.462,0.381,0.933,0.009,2,0.333,0.372,2,0,4
Dejounte Murray,PG,21,SAS,81,48,21.5,3.3,7.5,0.443,0.1,0.4,0.265,3.2,7.1,0.454,0.451,1.3,1.8,0.709,1.4,4.3,5.7,2.9,1.2,0.4,1.7,1.9,8.1,15.1,0.485,0.056,0.243,7.0,22.4,14.6,20.2,2.8,1.5,16.6,20.7,-0.2,3.4,3.2,0.087,-1.6,2.2,0.5,1.1,1312611.0,7.4,0.944,0.412,0.223,0.21,0.099,0.586,0.36,0.344,0.367,0.33,1.0,0.028,15,0.618,0.286,0,0,0
Jerami Grant,PF,23,OKC,81,1,20.3,3.0,5.6,0.535,0.4,1.4,0.291,2.6,4.3,0.613,0.57,2.0,3.0,0.675,1.1,2.9,3.9,0.7,0.4,1.0,0.7,1.9,8.4,16.2,0.607,0.241,0.526,5.6,16.3,10.7,5.1,0.9,4.2,8.8,16.0,3.5,1.9,5.4,0.156,0.0,0.3,0.3,1.0,1524305.0,7.8,0.759,0.586,0.121,0.022,0.031,0.685,0.327,0.5,0.429,0.731,0.938,0.184,70,0.5,0.273,2,0,0
Josh Richardson,SF,24,MIA,81,81,33.2,4.9,10.9,0.451,1.6,4.1,0.378,3.4,6.8,0.495,0.523,1.5,1.8,0.845,0.9,2.7,3.5,2.9,1.5,0.9,1.7,2.5,12.9,13.6,0.551,0.38,0.16,2.9,9.0,6.0,13.2,2.3,2.4,12.9,18.2,1.8,3.5,5.4,0.096,-0.6,1.3,0.7,1.8,9367200.0,14.9,0.62,0.198,0.141,0.119,0.163,0.611,0.464,0.457,0.41,0.397,0.953,0.025,20,0.25,0.345,1,0,6
Kelly Oubre Jr.,SF,22,WAS,81,11,27.5,3.9,9.8,0.403,1.6,4.6,0.341,2.4,5.2,0.456,0.482,2.4,2.9,0.82,0.7,3.8,4.5,1.2,1.0,0.4,1.1,2.9,11.8,11.9,0.534,0.467,0.295,3.0,15.4,9.2,6.4,1.8,1.4,9.2,19.4,1.4,2.3,3.7,0.08,-1.6,-0.1,-1.7,0.2,3208630.0,14.9,0.533,0.242,0.148,0.063,0.08,0.644,0.333,0.26,0.27,0.531,0.921,0.067,46,0.271,0.29,1,0,6
Jrue Holiday,SG,27,NOP,81,81,36.1,7.6,15.4,0.494,1.5,4.4,0.337,6.1,11.0,0.557,0.543,2.3,2.9,0.786,0.8,3.7,4.5,6.0,1.5,0.8,2.6,2.5,19.0,17.8,0.57,0.286,0.191,2.4,10.8,6.8,24.9,2.0,1.7,13.6,23.1,4.2,2.9,7.1,0.116,1.3,0.3,1.6,2.7,25686667.0,11.6,0.714,0.298,0.219,0.11,0.085,0.671,0.487,0.438,0.5,0.345,0.708,0.03,31,0.163,0.293,2,0,3
Pascal Siakam,PF,23,TOR,81,5,20.7,3.1,6.1,0.508,0.4,1.6,0.22,2.8,4.5,0.612,0.537,0.7,1.1,0.621,1.0,3.5,4.5,2.0,0.8,0.5,0.8,2.0,7.3,14.5,0.549,0.265,0.175,5.4,18.6,12.1,13.5,1.8,2.0,11.1,15.7,2.1,2.5,4.7,0.133,-0.3,1.6,1.3,1.4,1544951.0,8.8,0.735,0.456,0.227,0.046,0.006,0.718,0.442,0.435,0.333,0.688,1.0,0.092,43,0.53,0.257,2,0,0
Jamal Murray,PG,20,DEN,81,80,31.7,5.9,13.1,0.451,2.0,5.4,0.378,3.9,7.7,0.502,0.529,2.8,3.1,0.905,1.0,2.7,3.7,3.4,1.0,0.3,2.1,2.1,16.7,16.1,0.576,0.411,0.238,3.6,9.4,6.5,16.4,1.5,0.9,12.8,22.8,4.3,1.2,5.5,0.103,1.2,-1.5,-0.3,1.1,3355320.0,15.1,0.589,0.194,0.158,0.116,0.121,0.621,0.452,0.48,0.395,0.398,0.77,0.03,27,0.126,0.455,5,0,3
CJ McCollum,SG,26,POR,81,81,36.1,8.2,18.6,0.443,2.3,5.9,0.397,5.9,12.7,0.465,0.506,2.6,3.1,0.836,0.7,3.3,4.0,3.4,1.0,0.4,1.9,2.1,21.4,17.0,0.536,0.316,0.166,2.0,9.9,6.0,15.8,1.3,1.0,8.6,26.5,3.7,2.9,6.6,0.108,1.8,-0.5,1.2,2.4,23962573.0,14.4,0.684,0.183,0.153,0.169,0.179,0.547,0.4,0.469,0.431,0.218,0.624,0.007,11,0.124,0.356,0,0,3
Aron Baynes,C,31,BOS,81,67,18.3,2.6,5.5,0.471,0.0,0.3,0.143,2.6,5.2,0.487,0.474,0.7,1.0,0.756,1.6,3.8,5.4,1.1,0.3,0.6,1.0,2.5,6.0,12.0,0.502,0.047,0.175,9.7,22.1,16.0,9.6,0.7,2.9,14.3,16.8,0.5,2.5,3.0,0.097,-3.6,0.7,-2.9,-0.3,0.0,7.9,0.953,0.399,0.195,0.188,0.17,0.562,0.379,0.464,0.461,0.744,1.0,0.126,40,0.571,0.083,0,0,2
Ben Simmons,PG,21,PHI,81,81,33.7,6.7,12.3,0.545,0.0,0.1,0.0,6.7,12.2,0.551,0.545,2.4,4.2,0.56,1.8,6.3,8.1,8.2,1.7,0.9,3.4,2.6,15.8,20.0,0.557,0.011,0.342,5.9,19.5,13.0,37.4,2.5,2.1,19.5,22.3,4.2,5.0,9.2,0.162,2.0,2.5,4.5,4.5,6434520.0,5.5,0.989,0.462,0.325,0.174,0.028,0.744,0.417,0.316,0.393,0.344,0.0,0.161,148,0.0,0.0,8,0,5
Dwight Howard,C,32,CHO,81,81,30.4,6.2,11.2,0.555,0.0,0.1,0.143,6.2,11.2,0.559,0.556,4.1,7.2,0.574,3.1,9.3,12.5,1.3,0.6,1.6,2.6,3.1,16.6,20.5,0.577,0.008,0.639,11.0,33.8,22.2,7.1,1.0,4.4,15.1,24.2,2.9,3.9,6.8,0.132,-0.3,0.1,-0.1,1.2,23819725.0,4.7,0.992,0.568,0.28,0.053,0.092,0.7,0.392,0.313,0.333,0.57,1.0,0.21,174,0.0,0.0,2,0,5
Will Barton,SG,27,DEN,81,40,33.1,5.7,12.7,0.452,1.9,5.2,0.37,3.8,7.5,0.51,0.528,2.2,2.8,0.805,0.9,4.2,5.0,4.1,1.0,0.6,1.8,2.1,15.7,16.2,0.562,0.411,0.22,3.0,14.2,8.6,18.5,1.5,1.6,11.7,20.7,4.4,1.8,6.2,0.111,1.6,-0.4,1.1,2.1,3533333.0,13.3,0.589,0.284,0.201,0.057,0.047,0.661,0.377,0.407,0.292,0.392,0.731,0.04,38,0.09,0.421,3,0,3
Thaddeus Young,PF,29,IND,81,81,32.2,5.2,10.7,0.487,0.7,2.2,0.32,4.5,8.4,0.531,0.521,0.7,1.1,0.598,2.3,4.0,6.3,1.9,1.7,0.4,1.3,2.2,11.8,14.8,0.528,0.209,0.106,8.0,14.1,11.1,8.5,2.6,1.2,10.4,17.3,2.3,3.2,5.5,0.101,-0.2,0.4,0.2,1.4,13964045.0,9.2,0.791,0.387,0.256,0.073,0.076,0.626,0.466,0.349,0.439,0.565,0.948,0.052,40,0.331,0.317,2,0,0
Russell Westbrook,PG,29,OKC,80,80,36.4,9.5,21.1,0.449,1.2,4.1,0.298,8.3,17.0,0.485,0.477,5.2,7.1,0.737,1.9,8.2,10.1,10.3,1.8,0.3,4.8,2.5,25.4,24.7,0.524,0.193,0.336,5.6,25.7,15.3,49.8,2.5,0.6,16.4,34.1,5.5,4.5,10.1,0.166,4.8,1.5,6.3,6.1,28530608.0,11.3,0.807,0.375,0.072,0.151,0.209,0.611,0.306,0.382,0.394,0.17,0.433,0.043,57,0.055,0.333,1,0,1
Robert Covington,SF,27,PHI,80,80,31.7,4.3,10.5,0.413,2.5,6.9,0.369,1.8,3.6,0.497,0.534,1.5,1.7,0.853,0.7,4.7,5.4,2.0,1.7,0.9,1.6,3.0,12.6,12.9,0.563,0.658,0.163,2.4,15.5,9.2,8.7,2.6,2.4,12.3,17.2,1.6,4.5,6.1,0.116,-0.2,1.7,1.5,2.3,10464092.0,18.9,0.342,0.178,0.069,0.031,0.063,0.664,0.379,0.192,0.302,0.81,0.97,0.037,27,0.113,0.387,4,0,6
J.R. Smith,SG,32,CLE,80,61,28.1,3.0,7.4,0.403,1.8,4.8,0.375,1.2,2.7,0.453,0.524,0.5,0.7,0.696,0.4,2.6,2.9,1.8,0.9,0.1,1.0,2.0,8.3,8.4,0.534,0.64,0.094,1.5,10.1,5.9,8.6,1.5,0.4,11.6,13.8,0.6,0.9,1.4,0.031,-2.1,-0.9,-3.0,-0.6,0.0,19.7,0.36,0.089,0.072,0.071,0.128,0.566,0.395,0.429,0.421,0.32,0.916,0.017,9,0.315,0.5,0,0,4
Jamal Crawford,SG,37,MIN,80,0,20.7,3.9,9.3,0.415,1.3,3.9,0.331,2.6,5.4,0.477,0.485,1.3,1.4,0.903,0.3,1.0,1.2,2.3,0.5,0.1,1.2,1.1,10.3,13.0,0.519,0.423,0.152,1.4,5.5,3.5,16.9,1.2,0.5,10.7,23.7,0.9,0.3,1.3,0.037,0.1,-2.5,-2.3,-0.1,4328000.0,18.8,0.577,0.058,0.075,0.121,0.323,0.674,0.321,0.5,0.467,0.23,0.731,0.0,0,0.204,0.406,3,0,6
Buddy Hield,SG,25,SAC,80,12,25.3,5.2,11.7,0.446,2.2,5.1,0.431,3.0,6.6,0.457,0.54,0.9,1.0,0.877,0.7,3.2,3.8,1.9,1.1,0.3,1.6,1.9,13.5,16.1,0.557,0.437,0.087,3.0,14.8,8.6,12.8,2.1,1.0,11.3,24.3,1.3,1.5,2.8,0.067,1.6,-0.5,1.0,1.5,3675480.0,16.4,0.563,0.16,0.106,0.105,0.192,0.631,0.364,0.327,0.436,0.442,0.773,0.015,13,0.164,0.537,2,0,6
DeMar DeRozan,SG,28,TOR,80,80,33.9,8.1,17.7,0.456,1.1,3.6,0.31,7.0,14.1,0.494,0.488,5.8,7.0,0.825,0.7,3.2,3.9,5.2,1.1,0.3,2.2,1.9,23.0,21.0,0.555,0.203,0.396,2.5,10.4,6.5,25.0,1.5,0.6,9.5,29.6,6.8,2.8,9.6,0.17,3.3,-0.6,2.8,3.2,27739975.0,12.9,0.797,0.199,0.168,0.243,0.186,0.676,0.456,0.442,0.403,0.263,0.674,0.021,28,0.289,0.301,4,0,1
Spencer Dinwiddie,PG,24,BRK,80,58,28.8,4.1,10.5,0.387,1.8,5.4,0.326,2.3,5.1,0.452,0.471,2.7,3.4,0.813,0.5,2.7,3.2,6.6,0.9,0.3,1.6,2.3,12.6,15.9,0.527,0.517,0.32,1.8,10.2,6.0,35.0,1.4,0.7,11.8,20.3,4.3,1.4,5.7,0.118,1.3,-0.7,0.6,1.5,1656092.0,16.1,0.483,0.233,0.122,0.084,0.045,0.574,0.324,0.371,0.316,0.142,0.596,0.017,12,0.081,0.371,1,0,6
Jayson Tatum,SF,19,BOS,80,80,30.5,5.0,10.4,0.475,1.3,3.0,0.434,3.7,7.4,0.492,0.538,2.7,3.2,0.826,0.6,4.4,5.0,1.6,1.0,0.7,1.4,2.1,13.9,15.2,0.586,0.29,0.309,2.3,15.6,9.0,8.3,1.7,2.0,10.7,19.4,3.0,4.0,7.1,0.139,0.0,1.2,1.2,2.0,5645400.0,12.7,0.71,0.32,0.107,0.096,0.188,0.629,0.258,0.438,0.42,0.565,0.924,0.071,51,0.227,0.564,0,0,3
Kemba Walker,PG,27,CHO,80,80,34.2,7.4,17.0,0.431,2.9,7.5,0.384,4.5,9.5,0.469,0.516,4.5,5.3,0.864,0.4,2.7,3.1,5.6,1.1,0.3,2.2,1.2,22.1,20.6,0.572,0.441,0.308,1.2,8.7,4.9,27.4,1.6,0.7,10.4,27.4,6.5,2.0,8.6,0.15,4.7,-0.7,4.0,4.2,12000000.0,16.0,0.559,0.227,0.086,0.095,0.151,0.573,0.316,0.408,0.437,0.151,0.481,0.001,0,0.048,0.379,7,0,3
Bryn Forbes,SG,24,SAS,80,12,19.0,2.6,6.2,0.421,1.1,2.9,0.39,1.5,3.4,0.446,0.51,0.6,0.9,0.667,0.2,1.2,1.4,1.0,0.4,0.0,0.5,1.4,6.9,9.1,0.525,0.459,0.145,0.9,7.2,4.0,7.8,0.9,0.1,6.5,16.7,0.8,1.3,2.1,0.067,-2.5,-0.6,-3.1,-0.4,1312611.0,17.5,0.541,0.082,0.149,0.121,0.189,0.585,0.459,0.383,0.415,0.683,0.944,0.002,1,0.193,0.5,1,0,4
Bojan Bogdanović,SF,28,IND,80,80,30.8,5.1,10.7,0.474,1.9,4.8,0.402,3.1,5.8,0.534,0.565,2.2,2.6,0.868,0.4,3.0,3.4,1.5,0.7,0.1,1.3,1.6,14.3,13.9,0.605,0.453,0.241,1.4,10.9,6.2,7.1,1.1,0.3,10.1,19.0,3.8,1.6,5.4,0.105,0.5,-1.2,-0.7,0.8,0.0,14.7,0.547,0.262,0.123,0.096,0.066,0.632,0.448,0.463,0.411,0.53,0.942,0.016,13,0.272,0.457,0,0,6
Jeremy Lamb,SG,25,CHO,80,18,24.6,4.8,10.4,0.457,1.2,3.2,0.37,3.6,7.2,0.495,0.513,2.2,2.6,0.861,0.6,3.4,4.1,2.3,0.8,0.4,1.2,1.7,12.9,17.0,0.559,0.305,0.25,2.7,15.4,8.9,15.4,1.5,1.4,9.1,22.4,3.0,1.9,4.9,0.12,1.3,0.2,1.6,1.8,7488372.0,13.9,0.695,0.204,0.177,0.154,0.16,0.647,0.442,0.477,0.376,0.399,0.681,0.025,19,0.181,0.435,4,0,6
Terry Rozier,PG,23,BOS,80,16,25.9,4.0,10.0,0.395,1.9,5.0,0.381,2.0,5.0,0.41,0.491,1.4,1.9,0.772,0.8,3.9,4.7,2.9,1.0,0.2,1.0,1.5,11.3,15.1,0.52,0.503,0.186,3.4,16.3,9.9,17.5,1.9,0.8,8.5,20.4,2.2,3.4,5.6,0.13,0.9,1.2,2.1,2.1,1988520.0,16.8,0.498,0.18,0.121,0.085,0.111,0.535,0.309,0.368,0.348,0.264,0.706,0.014,10,0.157,0.365,3,0,6
Nick Young,SG,32,GSW,80,8,17.4,2.5,6.1,0.412,1.5,4.1,0.377,1.0,2.0,0.481,0.538,0.7,0.8,0.862,0.3,1.3,1.6,0.5,0.5,0.1,0.5,1.3,7.3,10.0,0.562,0.668,0.133,1.7,7.9,5.0,3.5,1.3,0.4,7.0,17.5,0.8,0.9,1.7,0.059,-1.6,-1.9,-3.5,-0.5,5192000.0,20.6,0.332,0.07,0.023,0.113,0.127,0.676,0.455,0.509,0.355,0.641,0.886,0.006,1,0.279,0.396,1,0,4
Anthony Tolliver,PF,32,DET,79,14,22.2,2.8,6.0,0.464,2.0,4.6,0.436,0.8,1.4,0.561,0.632,1.3,1.7,0.797,0.6,2.4,3.1,1.1,0.4,0.3,0.7,1.8,8.9,13.9,0.663,0.773,0.282,3.1,12.3,7.6,7.5,0.9,1.1,9.9,14.8,3.8,1.5,5.3,0.146,1.2,-0.3,0.9,1.3,3290000.0,20.1,0.227,0.138,0.059,0.017,0.013,0.708,0.286,0.375,0.5,0.733,1.0,0.034,14,0.247,0.411,0,0,6
Dwight Powell,C,26,DAL,79,25,21.2,3.2,5.4,0.593,0.4,1.1,0.333,2.9,4.4,0.656,0.626,1.7,2.3,0.719,1.7,3.9,5.6,1.2,0.8,0.4,0.7,2.4,8.5,18.8,0.656,0.195,0.43,8.7,21.3,14.7,8.5,2.0,1.7,10.3,15.5,4.6,2.1,6.6,0.191,0.6,1.0,1.6,1.5,9003125.0,7.9,0.805,0.549,0.156,0.03,0.07,0.775,0.418,0.308,0.4,0.828,1.0,0.251,96,0.155,0.615,2,0,2
Jusuf Nurkić,C,23,POR,79,79,26.4,6.1,12.0,0.505,0.0,0.1,0.0,6.1,11.9,0.508,0.505,2.2,3.5,0.63,2.4,6.6,9.0,1.8,0.8,1.4,2.3,3.1,14.3,19.2,0.528,0.007,0.287,10.0,26.9,18.5,11.7,1.5,4.3,14.6,26.4,0.8,3.9,4.7,0.108,-1.1,1.1,0.0,1.1,0.0,5.9,0.993,0.466,0.304,0.091,0.131,0.643,0.391,0.402,0.376,0.694,0.0,0.068,61,0.0,0.0,1,0,5
Gorgui Dieng,C,28,MIN,79,0,16.9,2.4,4.9,0.479,0.2,0.8,0.311,2.1,4.1,0.511,0.504,1.0,1.3,0.775,1.3,3.2,4.6,0.9,0.6,0.5,0.7,1.9,5.9,14.7,0.543,0.157,0.263,9.1,22.2,15.6,7.5,1.7,2.6,12.0,16.3,1.6,1.4,2.9,0.105,-0.9,-0.1,-1.0,0.3,14112360.0,12.4,0.843,0.25,0.129,0.152,0.312,0.67,0.3,0.542,0.455,0.784,0.895,0.075,28,0.77,0.298,0,0,0
Evan Turner,SF,29,POR,79,40,25.7,3.3,7.3,0.447,0.5,1.7,0.318,2.7,5.6,0.485,0.484,1.2,1.4,0.85,0.4,2.7,3.1,2.2,0.6,0.4,1.3,2.1,8.2,9.9,0.52,0.229,0.185,1.6,11.4,6.5,12.4,1.1,1.2,13.7,15.6,0.5,2.1,2.6,0.061,-2.9,0.4,-2.5,-0.3,17131148.0,13.3,0.771,0.128,0.184,0.315,0.144,0.676,0.443,0.451,0.446,0.236,0.976,0.014,8,0.417,0.327,0,0,0
Troy Daniels,SG,26,PHO,79,15,20.5,2.9,7.3,0.403,2.3,5.8,0.4,0.6,1.5,0.419,0.563,0.7,0.8,0.875,0.2,1.5,1.6,0.6,0.3,0.1,0.7,1.7,8.9,9.8,0.583,0.797,0.111,0.8,7.7,4.2,4.5,0.8,0.2,8.5,17.2,1.4,0.0,1.4,0.042,-0.5,-2.1,-2.6,-0.3,3408520.0,22.2,0.203,0.049,0.03,0.054,0.071,0.429,0.529,0.516,0.293,0.694,0.923,0.0,0,0.231,0.5,2,0,4
Donovan Mitchell,SG,21,UTA,79,71,33.4,7.5,17.2,0.437,2.4,7.0,0.34,5.2,10.3,0.502,0.506,3.0,3.8,0.805,0.7,3.1,3.7,3.7,1.5,0.3,2.7,2.7,20.5,16.7,0.541,0.404,0.218,2.3,10.4,6.4,19.4,2.2,0.9,12.6,29.1,1.4,3.8,5.2,0.095,0.9,0.3,1.2,2.2,2621280.0,14.4,0.596,0.26,0.147,0.096,0.094,0.638,0.38,0.374,0.445,0.248,0.658,0.036,42,0.109,0.5,2,0,3
Frank Kaminsky,PF,24,CHO,79,4,23.2,3.9,9.1,0.429,1.3,3.5,0.38,2.6,5.6,0.459,0.501,2.0,2.5,0.799,0.6,3.1,3.6,1.6,0.5,0.2,0.8,1.2,11.1,14.4,0.545,0.383,0.271,2.7,14.5,8.5,11.0,1.0,0.9,7.6,20.5,2.3,1.3,3.6,0.094,0.6,-0.8,-0.2,0.8,3627842.0,14.2,0.617,0.17,0.251,0.13,0.066,0.672,0.378,0.43,0.277,0.517,0.99,0.022,15,0.077,0.286,0,0,6
Paul George,SF,27,OKC,79,79,36.6,7.3,17.0,0.43,3.1,7.7,0.401,4.2,9.3,0.454,0.521,4.3,5.2,0.822,0.9,4.7,5.7,3.3,2.0,0.5,2.7,2.9,21.9,18.7,0.57,0.454,0.307,2.7,14.9,8.6,14.5,2.8,1.2,12.2,25.7,5.0,3.9,8.9,0.147,2.3,0.6,2.9,3.6,19508958.0,16.1,0.546,0.196,0.091,0.113,0.146,0.669,0.32,0.358,0.323,0.358,0.803,0.032,38,0.195,0.437,4,0,3
Lou Williams,SG,31,LAC,79,19,32.8,7.4,16.9,0.435,2.4,6.6,0.359,5.0,10.4,0.484,0.505,5.5,6.2,0.88,0.5,2.0,2.5,5.3,1.1,0.2,3.0,1.3,22.6,20.2,0.574,0.387,0.367,1.7,6.6,4.2,26.3,1.6,0.6,13.1,29.8,5.5,1.2,6.7,0.125,4.2,-1.8,2.3,2.8,7000000.0,14.7,0.613,0.222,0.146,0.12,0.123,0.603,0.379,0.472,0.406,0.242,0.651,0.01,13,0.195,0.277,4,1,3
Ed Davis,C,28,POR,78,0,18.9,2.2,3.7,0.582,0.0,0.0,0.0,2.2,3.7,0.584,0.582,0.9,1.4,0.667,2.3,5.0,7.4,0.5,0.4,0.7,0.8,2.4,5.3,15.5,0.607,0.003,0.38,13.7,28.8,21.3,3.9,1.1,2.9,16.2,12.1,2.5,2.5,5.0,0.164,-1.2,0.6,-0.6,0.5,6352531.0,2.4,0.997,0.695,0.267,0.031,0.003,0.67,0.385,0.444,0.0,0.576,0.0,0.154,39,0.0,0.0,1,0,2
Joe Harris,SG,26,BRK,78,14,25.3,3.9,8.0,0.491,1.9,4.6,0.419,2.0,3.4,0.589,0.612,1.1,1.3,0.827,0.7,2.7,3.3,1.6,0.4,0.3,1.2,2.0,10.8,13.3,0.634,0.576,0.167,2.7,11.3,7.0,10.2,0.9,0.8,12.0,16.6,3.0,0.9,4.0,0.097,0.7,-0.6,0.1,1.0,0.0,15.9,0.424,0.258,0.113,0.027,0.026,0.706,0.429,0.529,0.188,0.639,0.947,0.01,4,0.218,0.333,1,0,6
Bogdan Bogdanović,SG,25,SAC,78,53,27.9,4.4,9.9,0.446,1.7,4.2,0.392,2.8,5.7,0.485,0.529,1.3,1.5,0.84,0.4,2.5,2.9,3.3,0.9,0.2,1.6,2.2,11.8,13.5,0.556,0.426,0.154,1.6,10.5,5.8,18.3,1.7,0.7,13.2,19.6,1.8,1.1,2.9,0.064,-0.6,-0.9,-1.5,0.3,0.0,16.7,0.574,0.144,0.128,0.127,0.175,0.613,0.394,0.5,0.437,0.358,0.76,0.004,3,0.122,0.475,7,0,6
Andre Drummond,C,24,DET,78,78,33.7,6.0,11.3,0.529,0.0,0.1,0.0,6.0,11.2,0.536,0.529,3.1,5.1,0.605,5.1,10.9,16.0,3.0,1.5,1.6,2.6,3.2,15.0,22.9,0.555,0.012,0.448,16.4,36.4,26.2,14.3,2.2,4.3,15.9,21.2,4.6,5.7,10.3,0.189,1.5,1.7,3.2,3.4,25434263.0,3.2,0.988,0.659,0.271,0.056,0.002,0.649,0.314,0.286,0.0,0.545,0.0,0.188,144,0.0,0.0,4,0,5
Jeff Green,PF,31,CLE,78,13,23.4,3.8,7.9,0.477,0.7,2.2,0.312,3.1,5.7,0.54,0.52,2.6,3.0,0.868,0.8,2.4,3.2,1.3,0.5,0.4,1.0,1.9,10.8,14.8,0.587,0.275,0.379,3.7,11.2,7.6,8.0,1.1,1.6,9.4,19.3,3.1,0.8,3.9,0.103,-0.3,-1.5,-1.8,0.1,0.0,11.2,0.725,0.398,0.146,0.087,0.095,0.699,0.367,0.259,0.39,0.583,0.962,0.115,63,0.4,0.338,8,0,0
Dario Šarić,PF,23,PHI,78,73,29.6,5.2,11.4,0.453,2.0,5.1,0.393,3.2,6.3,0.501,0.541,2.3,2.7,0.86,2.0,4.7,6.7,2.6,0.7,0.3,1.9,2.1,14.6,15.8,0.582,0.448,0.233,7.5,16.4,12.1,13.0,1.1,0.7,13.1,20.9,3.8,2.8,6.6,0.137,1.8,-0.5,1.3,1.9,0.0,15.0,0.552,0.252,0.142,0.046,0.111,0.661,0.405,0.317,0.343,0.663,1.0,0.02,18,0.1,0.375,0,0,3
Frank Ntilikina,PG,19,NYK,78,9,21.9,2.3,6.4,0.364,0.6,2.0,0.318,1.7,4.4,0.385,0.414,0.6,0.9,0.721,0.5,1.8,2.3,3.2,0.8,0.2,1.7,2.3,5.9,7.0,0.437,0.314,0.136,2.4,9.1,5.8,20.0,1.9,0.9,19.8,16.9,-2.0,1.1,-0.9,-0.026,-4.5,-0.5,-5.0,-1.3,4155720.0,16.1,0.686,0.174,0.088,0.156,0.268,0.621,0.182,0.346,0.321,0.333,0.8,0.014,6,0.153,0.375,4,0,4
Marvin Williams,PF,31,CHO,78,78,25.7,3.3,7.2,0.458,1.6,3.9,0.413,1.7,3.3,0.512,0.57,1.3,1.6,0.829,0.9,3.8,4.7,1.2,0.7,0.5,0.8,1.5,9.5,13.9,0.603,0.542,0.218,3.9,16.2,10.0,7.0,1.4,1.6,9.7,14.8,3.1,1.9,5.0,0.119,0.6,0.3,1.0,1.5,14087500.0,15.9,0.458,0.231,0.135,0.055,0.036,0.585,0.474,0.419,0.35,0.652,0.992,0.014,7,0.259,0.405,0,0,6
Kyle Lowry,PG,31,TOR,78,78,32.2,5.2,12.1,0.427,3.1,7.6,0.399,2.1,4.5,0.474,0.553,2.9,3.3,0.854,0.8,4.7,5.6,6.9,1.1,0.2,2.3,2.5,16.2,19.5,0.598,0.631,0.276,3.0,16.1,9.7,30.9,1.7,0.6,14.7,21.7,7.0,3.1,10.2,0.194,4.7,0.5,5.2,4.5,31200000.0,18.5,0.369,0.175,0.085,0.055,0.054,0.655,0.275,0.327,0.353,0.267,0.643,0.0,0,0.102,0.475,1,0,3
Carmelo Anthony,PF,33,OKC,78,78,32.1,6.1,15.0,0.404,2.2,6.1,0.357,3.9,8.9,0.437,0.476,1.9,2.5,0.767,0.9,4.9,5.8,1.3,0.6,0.6,1.3,2.5,16.2,12.7,0.503,0.406,0.165,2.9,17.7,10.0,6.5,0.9,1.8,7.3,23.2,1.2,2.5,3.7,0.071,-0.6,-1.3,-1.9,0.0,26243760.0,17.1,0.594,0.12,0.063,0.184,0.228,0.571,0.329,0.456,0.38,0.376,0.876,0.02,17,0.116,0.327,0,0,6
Kyle O'Quinn,C,27,NYK,77,10,18.0,2.9,5.0,0.583,0.1,0.2,0.235,2.9,4.8,0.599,0.589,1.3,1.6,0.772,1.6,4.5,6.1,2.1,0.5,1.3,1.3,2.5,7.1,20.0,0.625,0.044,0.331,9.7,27.8,18.8,16.8,1.3,6.1,18.5,17.0,2.7,2.1,4.8,0.166,0.4,2.6,3.1,1.8,0.0,7.3,0.956,0.477,0.19,0.135,0.154,0.705,0.534,0.5,0.441,0.659,1.0,0.086,30,0.235,0.5,1,0,2
Harrison Barnes,PF,25,DAL,77,77,34.2,7.0,15.7,0.445,1.5,4.3,0.357,5.4,11.4,0.478,0.494,3.4,4.1,0.827,1.0,5.1,6.1,2.0,0.6,0.2,1.5,1.2,18.9,15.8,0.539,0.276,0.259,3.1,17.1,9.9,9.9,0.9,0.5,8.1,25.2,2.0,1.9,3.8,0.07,0.8,-1.3,-0.5,1.0,23112004.0,13.2,0.724,0.21,0.205,0.136,0.172,0.63,0.44,0.354,0.438,0.366,0.832,0.031,34,0.255,0.412,3,0,3
Josh Jackson,SF,20,PHO,77,35,25.4,5.1,12.1,0.417,0.7,2.8,0.263,4.3,9.3,0.464,0.448,2.3,3.6,0.634,1.2,3.3,4.6,1.5,1.0,0.5,1.9,2.8,13.1,11.8,0.48,0.233,0.299,5.1,14.2,9.6,10.1,2.0,1.4,12.2,26.0,-2.0,1.2,-0.7,-0.018,-2.8,-1.4,-4.2,-1.1,5090040.0,10.7,0.767,0.349,0.193,0.111,0.115,0.578,0.406,0.32,0.355,0.361,0.912,0.082,65,0.235,0.294,3,0,0
Wayne Ellington,SG,30,MIA,77,2,26.5,3.7,9.1,0.407,2.9,7.5,0.392,0.8,1.6,0.479,0.569,0.9,1.0,0.859,0.3,2.5,2.8,1.0,0.7,0.1,0.7,1.2,11.2,12.5,0.588,0.827,0.111,1.3,10.7,6.0,5.9,1.3,0.3,6.6,17.3,2.6,1.9,4.5,0.105,1.0,-0.6,0.4,1.2,0.0,22.0,0.173,0.077,0.026,0.017,0.053,0.648,0.278,0.333,0.378,0.655,0.947,0.006,3,0.204,0.5,1,0,6
Kyle Kuzma,PF,22,LAL,77,37,31.2,6.1,13.5,0.45,2.1,5.6,0.366,4.0,7.9,0.511,0.527,1.9,2.7,0.707,1.1,5.1,6.3,1.8,0.6,0.4,1.8,2.1,16.1,14.2,0.549,0.418,0.2,3.9,17.4,10.7,9.1,1.0,1.1,11.0,22.5,1.5,2.3,3.8,0.077,0.3,-1.0,-0.7,0.8,1423560.0,14.1,0.582,0.257,0.176,0.074,0.073,0.64,0.443,0.364,0.382,0.531,0.881,0.035,29,0.18,0.372,1,0,3
Derrick Favors,C,26,UTA,77,77,28.0,5.1,9.1,0.563,0.2,0.8,0.222,4.9,8.3,0.596,0.573,1.8,2.8,0.651,2.6,4.6,7.2,1.3,0.7,1.1,1.1,2.1,12.3,18.8,0.593,0.09,0.306,10.6,18.5,14.6,7.8,1.3,3.2,9.9,18.5,4.5,3.5,8.0,0.179,0.9,0.7,1.5,1.9,12000000.0,7.4,0.91,0.48,0.179,0.12,0.131,0.769,0.413,0.405,0.391,0.785,1.0,0.226,150,0.873,0.236,1,0,5
DeAndre Jordan,C,29,LAC,77,77,31.5,4.8,7.5,0.645,0.0,0.0,0.0,4.8,7.5,0.645,0.645,2.4,4.1,0.58,4.3,10.9,15.2,1.5,0.5,0.9,1.8,2.6,12.0,20.2,0.648,0.0,0.54,15.1,37.6,26.5,7.1,0.8,2.4,16.1,15.2,6.0,3.4,9.4,0.186,1.7,-0.3,1.4,2.1,22642350.0,1.3,1.0,0.843,0.145,0.005,0.002,0.702,0.357,0.333,0.0,0.665,0.0,0.401,212,0.0,0.0,0,0,5
Ricky Rubio,PG,27,UTA,77,77,29.3,4.5,10.7,0.418,1.2,3.5,0.352,3.2,7.2,0.451,0.476,2.9,3.3,0.866,0.6,4.0,4.6,5.3,1.6,0.1,2.7,2.7,13.1,15.4,0.537,0.33,0.307,2.2,15.3,8.8,28.4,2.7,0.4,18.1,22.9,1.5,3.8,5.3,0.112,-0.7,1.5,0.7,1.6,14275000.0,15.4,0.67,0.172,0.093,0.158,0.247,0.535,0.299,0.443,0.456,0.288,0.865,0.0,0,0.271,0.351,0,0,3
Otto Porter Jr.,SF,24,WAS,77,77,31.6,5.8,11.5,0.503,1.8,4.1,0.441,4.0,7.4,0.537,0.581,1.4,1.7,0.828,1.3,5.1,6.4,2.0,1.5,0.5,1.0,2.0,14.7,18.3,0.602,0.354,0.145,4.8,18.1,11.4,10.1,2.4,1.5,7.4,18.4,5.0,3.1,8.1,0.161,2.6,1.0,3.5,3.4,26011913.0,15.4,0.646,0.177,0.124,0.145,0.2,0.707,0.445,0.422,0.525,0.632,0.913,0.021,19,0.182,0.456,1,0,3
Jonas Valančiūnas,C,25,TOR,77,77,22.4,5.1,8.9,0.568,0.4,1.0,0.405,4.7,8.0,0.587,0.59,2.2,2.7,0.806,2.4,6.2,8.6,1.1,0.4,0.9,1.5,2.5,12.7,22.5,0.628,0.108,0.307,12.1,30.3,21.4,7.5,0.8,3.2,12.9,22.7,4.6,3.0,7.6,0.21,2.4,0.0,2.4,1.9,0.0,6.4,0.892,0.443,0.333,0.093,0.025,0.704,0.472,0.406,0.706,0.636,0.9,0.108,71,0.081,0.667,0,0,5
Denzel Valentine,SG,24,CHI,77,37,27.2,3.9,9.4,0.417,1.9,4.8,0.386,2.1,4.6,0.45,0.517,0.5,0.7,0.745,0.6,4.5,5.1,3.2,0.8,0.1,1.3,2.4,10.2,12.1,0.527,0.513,0.071,2.4,18.3,10.1,17.8,1.5,0.5,11.8,17.5,1.0,1.5,2.5,0.057,-1.0,0.0,-1.0,0.5,2280600.0,17.6,0.487,0.117,0.121,0.125,0.125,0.607,0.414,0.411,0.378,0.487,0.79,0.004,2,0.219,0.37,2,0,6
Kelly Olynyk,PF,26,MIA,76,22,23.4,4.2,8.4,0.497,1.4,3.7,0.379,2.8,4.7,0.59,0.58,1.8,2.3,0.77,1.2,4.5,5.7,2.7,0.8,0.5,1.9,2.9,11.5,17.8,0.612,0.44,0.274,5.6,21.6,13.6,18.7,1.7,1.7,17.1,21.7,2.8,2.7,5.5,0.148,1.1,1.2,2.3,1.9,12537527.0,14.4,0.56,0.274,0.137,0.066,0.082,0.782,0.46,0.381,0.346,0.533,0.906,0.033,20,0.139,0.41,1,0,0
Steven Adams,C,24,OKC,76,76,32.7,5.9,9.4,0.629,0.0,0.0,0.0,5.9,9.3,0.631,0.629,2.1,3.8,0.559,5.1,4.0,9.0,1.2,1.2,1.0,1.7,2.8,13.9,20.6,0.63,0.003,0.402,16.6,13.9,15.3,5.5,1.8,2.8,13.3,16.7,6.7,3.0,9.7,0.187,1.7,-0.6,1.1,2.0,22471910.0,2.6,0.997,0.708,0.233,0.052,0.004,0.688,0.494,0.514,0.0,0.69,0.0,0.242,150,0.0,0.0,2,0,5
Fred VanVleet,PG,23,TOR,76,0,20.0,3.1,7.2,0.426,1.4,3.4,0.414,1.6,3.7,0.437,0.525,1.1,1.3,0.832,0.3,2.1,2.4,3.2,0.9,0.3,1.0,1.7,8.6,15.9,0.556,0.479,0.185,1.9,11.5,6.8,22.8,2.2,1.0,11.2,19.1,2.7,2.0,4.7,0.149,1.4,1.0,2.4,1.7,0.0,13.9,0.521,0.327,0.132,0.037,0.026,0.567,0.236,0.05,0.357,0.242,0.778,0.0,0,0.295,0.429,6,0,6
Courtney Lee,SG,32,NYK,76,69,30.4,4.5,9.9,0.454,1.5,3.7,0.406,3.0,6.3,0.482,0.529,1.5,1.6,0.919,0.4,2.6,2.9,2.4,1.1,0.2,1.1,1.4,12.0,13.0,0.564,0.368,0.164,1.4,9.3,5.4,11.3,1.7,0.6,9.4,16.9,2.7,1.2,3.9,0.082,-0.1,-0.2,-0.3,1.0,12253780.0,15.8,0.632,0.166,0.099,0.151,0.216,0.648,0.44,0.491,0.368,0.491,0.796,0.007,4,0.299,0.47,0,0,6
Mike Scott,PF,29,WAS,76,1,18.5,3.6,6.9,0.527,0.9,2.1,0.405,2.8,4.8,0.582,0.59,0.7,1.0,0.658,0.7,2.6,3.3,1.1,0.3,0.1,1.0,1.9,8.8,13.6,0.599,0.311,0.145,4.0,15.8,9.9,9.1,0.8,0.6,12.4,20.0,1.4,1.0,2.5,0.085,-0.6,-1.1,-1.7,0.1,0.0,14.0,0.689,0.168,0.193,0.176,0.153,0.693,0.495,0.587,0.563,0.743,1.0,0.015,7,0.258,0.452,1,0,0
John Henson,C,27,MIL,76,69,25.9,3.8,6.6,0.572,0.0,0.1,0.143,3.8,6.5,0.578,0.573,1.2,2.1,0.57,2.0,4.8,6.8,1.5,0.6,1.4,1.1,2.7,8.8,15.7,0.582,0.014,0.315,9.0,21.5,15.3,8.6,1.1,4.7,12.8,15.0,2.8,2.2,4.9,0.12,-1.0,0.1,-0.9,0.5,11327466.0,4.5,0.986,0.558,0.317,0.026,0.084,0.707,0.428,0.462,0.333,0.815,1.0,0.227,102,0.143,0.0,2,0,2
Serge Ibaka,PF,28,TOR,76,76,27.5,5.0,10.3,0.483,1.4,3.9,0.36,3.6,6.4,0.559,0.552,1.2,1.6,0.797,1.0,5.3,6.3,0.8,0.4,1.3,1.2,2.8,12.6,14.7,0.574,0.379,0.151,4.3,21.0,12.8,4.4,0.7,3.8,9.7,19.4,2.1,3.0,5.1,0.117,-0.1,0.0,-0.1,1.0,21666667.0,15.1,0.621,0.162,0.154,0.154,0.151,0.724,0.479,0.521,0.5,0.699,0.953,0.06,45,0.152,0.444,0,0,3
T.J. McConnell,PG,25,PHI,76,1,22.4,2.8,5.5,0.499,0.4,0.8,0.435,2.4,4.7,0.51,0.531,0.4,0.5,0.795,0.5,2.5,3.0,4.0,1.2,0.2,1.5,1.6,6.3,12.5,0.545,0.147,0.093,2.4,11.5,7.1,24.5,2.6,0.6,20.4,13.8,1.3,2.5,3.8,0.108,-1.9,1.9,0.0,0.9,1600520.0,10.8,0.853,0.233,0.247,0.278,0.095,0.663,0.481,0.444,0.4,0.311,1.0,0.0,0,0.371,0.609,4,0,0
Montrezl Harrell,C,24,LAC,76,3,17.0,4.6,7.2,0.635,0.0,0.1,0.143,4.6,7.1,0.641,0.636,1.8,2.9,0.626,1.4,2.7,4.0,1.0,0.5,0.7,0.9,1.9,11.0,24.7,0.647,0.013,0.405,8.9,17.0,13.0,10.1,1.4,3.4,9.5,23.8,4.3,1.3,5.5,0.205,3.1,0.2,3.3,1.7,1471382.0,3.5,0.987,0.646,0.268,0.051,0.02,0.734,0.49,0.429,0.273,0.669,0.0,0.234,115,0.0,0.0,1,0,2
Nikola Jokić,C,22,DEN,75,73,32.6,6.7,13.5,0.499,1.5,3.7,0.396,5.2,9.7,0.538,0.554,3.5,4.2,0.85,2.6,8.1,10.7,6.1,1.2,0.8,2.8,2.8,18.5,24.4,0.603,0.277,0.31,9.0,27.9,18.5,29.6,1.8,2.1,15.5,24.2,7.8,2.9,10.7,0.211,5.3,1.6,6.9,5.5,0.0,11.9,0.723,0.225,0.287,0.113,0.096,0.674,0.5,0.456,0.443,0.542,0.892,0.009,8,0.075,0.571,3,0,1
Victor Oladipo,SG,25,IND,75,75,34.0,8.5,17.9,0.477,2.1,5.8,0.371,6.4,12.1,0.528,0.537,3.9,4.9,0.799,0.6,4.6,5.2,4.3,2.4,0.8,2.9,2.3,23.1,23.1,0.577,0.323,0.274,2.1,15.1,8.6,21.2,3.5,2.0,12.7,30.1,4.3,4.0,8.2,0.155,4.1,1.7,5.8,5.0,21000000.0,14.5,0.677,0.267,0.082,0.095,0.231,0.69,0.364,0.438,0.439,0.28,0.553,0.052,61,0.099,0.581,2,0,1
Mario Hezonja,SF,22,ORL,75,30,22.1,3.6,8.2,0.442,1.2,3.6,0.337,2.4,4.7,0.523,0.515,1.1,1.4,0.819,0.5,3.2,3.7,1.4,1.1,0.4,1.1,1.8,9.6,13.7,0.544,0.433,0.17,2.7,16.1,9.3,10.0,2.4,1.5,11.5,19.9,0.5,1.8,2.3,0.066,-0.9,0.4,-0.5,0.6,0.0,15.0,0.567,0.246,0.143,0.063,0.113,0.691,0.375,0.359,0.443,0.568,0.878,0.057,34,0.131,0.314,0,0,6
Tony Snell,SG,26,MIL,75,59,27.4,2.5,5.7,0.435,1.4,3.6,0.403,1.0,2.1,0.49,0.562,0.5,0.6,0.792,0.1,1.8,1.9,1.3,0.6,0.4,0.5,1.5,6.9,8.5,0.578,0.631,0.113,0.5,7.5,4.0,6.5,1.1,1.2,7.5,10.6,1.6,0.7,2.4,0.056,-1.5,-0.8,-2.3,-0.1,10607143.0,18.0,0.369,0.167,0.082,0.052,0.068,0.648,0.257,0.409,0.448,0.623,1.0,0.035,12,0.366,0.439,0,0,4
Álex Abrines,SG,24,OKC,75,8,15.1,1.5,3.9,0.395,1.1,2.9,0.38,0.4,0.9,0.443,0.54,0.5,0.6,0.848,0.3,1.2,1.5,0.4,0.5,0.1,0.3,1.7,4.7,9.0,0.567,0.759,0.158,2.5,8.9,5.6,3.4,1.7,0.6,7.4,12.7,1.3,1.0,2.2,0.094,-1.9,0.4,-1.5,0.1,0.0,20.3,0.241,0.127,0.041,0.027,0.041,0.595,0.25,0.625,0.083,0.548,1.0,0.034,9,0.253,0.375,1,0,4
Allen Crabbe,SG,25,BRK,75,68,29.3,4.5,11.0,0.407,2.7,7.1,0.378,1.8,3.9,0.461,0.529,1.5,1.8,0.852,0.4,3.9,4.3,1.6,0.6,0.5,1.0,2.2,13.2,12.3,0.558,0.643,0.163,1.3,14.4,7.8,8.4,1.0,1.2,8.1,19.0,1.8,1.4,3.2,0.07,0.0,-0.7,-0.7,0.7,18500000.0,20.0,0.357,0.083,0.096,0.065,0.112,0.739,0.456,0.37,0.312,0.743,0.94,0.007,5,0.137,0.384,4,0,6
Anthony Davis,PF,24,NOP,75,75,36.4,10.4,19.5,0.534,0.7,2.2,0.34,9.7,17.3,0.558,0.552,6.6,8.0,0.828,2.5,8.6,11.1,2.3,1.5,2.6,2.2,2.1,28.1,28.9,0.612,0.111,0.409,7.7,24.8,16.5,10.8,2.0,5.6,8.6,30.0,8.8,4.9,13.7,0.241,5.3,1.4,6.7,5.9,23775506.0,9.2,0.889,0.374,0.201,0.157,0.157,0.744,0.483,0.428,0.339,0.701,0.909,0.154,211,0.093,0.4,3,0,1
LaMarcus Aldridge,C,32,SAS,75,75,33.5,9.2,18.0,0.51,0.4,1.2,0.293,8.8,16.7,0.526,0.52,4.5,5.3,0.837,3.3,5.2,8.5,2.0,0.6,1.2,1.5,2.1,23.1,25.0,0.57,0.068,0.296,10.8,17.3,14.0,11.3,0.9,3.0,6.8,29.1,7.4,3.5,10.9,0.209,4.3,-0.4,3.9,3.7,21461010.0,9.8,0.932,0.275,0.212,0.256,0.189,0.735,0.446,0.438,0.431,0.502,0.963,0.036,46,0.163,0.467,1,0,1
Giannis Antetokounmpo,PF,23,MIL,75,75,36.7,9.9,18.7,0.529,0.6,1.9,0.307,9.3,16.8,0.554,0.545,6.5,8.5,0.76,2.1,8.0,10.0,4.8,1.5,1.4,3.0,3.1,26.9,27.3,0.598,0.1,0.457,6.7,25.3,16.0,23.7,2.0,3.3,11.7,31.2,8.3,3.6,11.9,0.207,5.3,0.9,6.2,5.7,24157303.0,8.4,0.9,0.454,0.173,0.114,0.16,0.756,0.355,0.35,0.339,0.429,0.907,0.122,161,0.107,0.333,1,0,1
D.J. Augustin,PG,30,ORL,75,36,23.5,3.3,7.2,0.452,1.5,3.6,0.419,1.7,3.6,0.485,0.557,2.2,2.5,0.868,0.4,1.7,2.1,3.8,0.7,0.0,1.6,1.3,10.2,15.4,0.615,0.504,0.35,1.9,8.2,5.0,24.4,1.5,0.0,16.5,18.6,3.3,0.8,4.1,0.11,1.0,-1.2,-0.2,0.8,7250000.0,15.6,0.496,0.241,0.146,0.054,0.054,0.569,0.367,0.414,0.517,0.231,0.675,0.0,0,0.154,0.357,2,0,6
Goran Dragić,PG,31,MIA,75,75,31.7,6.5,14.3,0.45,1.5,4.0,0.37,5.0,10.3,0.481,0.502,2.9,3.6,0.801,0.7,3.4,4.1,4.8,0.8,0.2,2.2,2.4,17.3,16.6,0.543,0.279,0.252,2.5,11.9,7.2,25.4,1.3,0.4,12.2,25.7,2.9,2.3,5.3,0.106,0.9,-0.6,0.3,1.4,0.0,12.3,0.721,0.269,0.171,0.175,0.106,0.63,0.38,0.436,0.342,0.273,0.784,0.0,0,0.18,0.37,2,0,3
Thon Maker,C,20,MIL,74,12,16.7,1.8,4.3,0.411,0.4,1.4,0.298,1.3,2.9,0.467,0.46,0.9,1.3,0.699,1.0,2.0,3.0,0.6,0.5,0.7,0.6,2.2,4.8,10.2,0.499,0.329,0.294,7.1,14.1,10.6,5.2,1.5,3.7,11.0,14.6,0.3,1.1,1.5,0.056,-3.2,-0.4,-3.5,-0.5,2799720.0,13.4,0.671,0.285,0.13,0.104,0.152,0.544,0.317,0.364,0.521,0.899,1.0,0.101,27,0.452,0.34,1,0,4
John Collins,PF,20,ATL,74,26,24.1,4.2,7.4,0.576,0.2,0.6,0.34,4.0,6.7,0.598,0.591,1.8,2.5,0.715,2.4,4.9,7.3,1.3,0.6,1.1,1.4,2.9,10.5,18.3,0.62,0.086,0.341,11.0,22.8,16.9,8.9,1.3,3.8,14.3,17.9,3.4,2.0,5.4,0.145,-0.4,0.2,-0.2,0.8,2299080.0,5.7,0.914,0.589,0.167,0.11,0.05,0.732,0.341,0.417,0.259,0.742,1.0,0.273,123,0.723,0.353,2,0,2
Ian Clark,SG,26,NOP,74,2,19.7,3.0,6.7,0.448,0.8,2.6,0.318,2.2,4.1,0.533,0.511,0.6,0.8,0.763,0.1,1.6,1.7,1.5,0.4,0.1,0.8,1.6,7.4,9.4,0.529,0.394,0.119,0.8,8.4,4.7,10.4,1.1,0.5,9.9,17.2,0.3,0.8,1.1,0.037,-2.7,-0.8,-3.5,-0.6,1471382.0,15.3,0.606,0.152,0.216,0.109,0.129,0.68,0.458,0.574,0.453,0.55,0.806,0.0,0,0.267,0.365,2,0,4
Jonas Jerebko,PF,30,UTA,74,19,15.3,2.1,4.6,0.466,0.9,2.1,0.414,1.3,2.5,0.511,0.562,0.6,0.8,0.807,0.7,2.6,3.3,0.6,0.3,0.2,0.4,1.7,5.8,13.2,0.586,0.46,0.167,5.4,19.1,12.3,5.7,1.1,0.9,6.9,15.6,1.8,1.6,3.4,0.144,-0.4,0.4,0.1,0.6,4000000.0,14.0,0.54,0.261,0.176,0.041,0.062,0.708,0.3,0.5,0.286,0.691,1.0,0.038,13,0.42,0.53,0,0,4
Amir Johnson,C,30,PHI,74,18,15.8,1.9,3.5,0.538,0.1,0.4,0.313,1.8,3.1,0.57,0.558,0.7,1.1,0.612,1.7,2.8,4.5,1.6,0.6,0.6,0.7,2.6,4.6,14.9,0.575,0.123,0.327,11.8,18.3,15.2,13.9,1.8,3.1,15.6,12.8,2.1,2.0,4.1,0.169,-1.2,2.2,1.0,0.9,0.0,6.5,0.877,0.431,0.385,0.038,0.027,0.714,0.45,0.2,0.429,0.654,1.0,0.077,17,0.281,0.333,1,0,2
Wesley Johnson,SF,30,LAC,74,40,20.1,2.0,5.0,0.408,0.8,2.4,0.339,1.2,2.6,0.471,0.489,0.6,0.8,0.741,0.4,2.5,2.9,0.8,1.0,0.8,0.7,2.0,5.4,9.8,0.512,0.481,0.158,2.2,13.6,8.0,5.6,2.5,3.5,12.3,13.0,-0.1,1.7,1.7,0.055,-2.5,1.7,-0.7,0.5,5882260.0,17.5,0.519,0.155,0.038,0.079,0.247,0.649,0.286,0.379,0.418,0.756,0.9,0.046,16,0.537,0.389,1,0,4
Wilson Chandler,SF,30,DEN,74,71,31.7,3.8,8.5,0.445,1.2,3.3,0.358,2.6,5.2,0.501,0.515,1.2,1.5,0.772,1.4,4.0,5.4,2.1,0.6,0.5,1.2,2.1,10.0,10.9,0.542,0.39,0.181,4.9,14.1,9.6,9.4,0.9,1.4,11.9,14.3,2.1,1.2,3.3,0.067,-1.0,-1.1,-2.1,-0.1,12016854.0,12.8,0.61,0.279,0.209,0.063,0.06,0.665,0.394,0.25,0.368,0.487,0.943,0.033,21,0.24,0.305,0,0,0
Clint Capela,C,23,HOU,74,74,27.5,6.0,9.1,0.652,0.0,0.0,0.0,6.0,9.1,0.653,0.652,1.9,3.5,0.56,3.3,7.6,10.8,0.9,0.8,1.9,1.4,2.5,13.9,24.5,0.65,0.001,0.38,13.5,30.8,22.2,5.7,1.4,5.7,11.5,19.4,6.2,4.1,10.2,0.242,2.4,1.0,3.4,2.8,2334528.0,1.7,0.999,0.802,0.18,0.016,0.0,0.718,0.385,0.455,0.0,0.819,0.0,0.351,213,0.0,0.0,0,0,5
Kentavious Caldwell-Pope,SG,24,LAL,74,74,33.2,4.6,10.8,0.426,2.1,5.6,0.383,2.4,5.2,0.473,0.526,2.1,2.6,0.789,0.8,4.4,5.2,2.2,1.4,0.2,1.3,2.0,13.4,13.2,0.561,0.52,0.243,2.6,14.1,8.4,9.4,2.1,0.5,9.9,16.9,2.6,2.7,5.3,0.103,-0.4,0.6,0.3,1.4,17745894.0,17.2,0.48,0.197,0.065,0.061,0.157,0.662,0.327,0.327,0.352,0.613,0.874,0.026,20,0.154,0.406,1,0,6
Brook Lopez,C,29,LAL,74,72,23.4,5.0,10.7,0.465,1.5,4.4,0.345,3.5,6.3,0.549,0.536,1.5,2.1,0.703,1.0,3.0,4.0,1.7,0.4,1.3,1.3,2.6,13.0,16.5,0.557,0.41,0.199,4.6,13.4,9.0,11.6,0.8,4.6,10.2,23.5,1.9,1.9,3.8,0.105,0.7,0.2,0.9,1.3,22642650.0,14.2,0.59,0.178,0.251,0.13,0.032,0.745,0.503,0.427,0.32,0.545,0.982,0.059,44,0.123,0.425,0,0,6
Michael Kidd-Gilchrist,SF,24,CHO,74,74,25.0,3.8,7.6,0.504,0.0,0.0,0.0,3.8,7.5,0.505,0.504,1.6,2.3,0.684,1.1,2.9,4.1,1.0,0.7,0.4,0.7,1.9,9.2,12.5,0.536,0.004,0.305,4.8,13.0,8.8,5.9,1.3,1.4,7.7,16.1,1.7,1.6,3.3,0.084,-2.1,0.0,-2.1,-0.1,13000000.0,8.3,0.996,0.404,0.188,0.146,0.259,0.69,0.343,0.463,0.359,0.674,0.0,0.052,25,0.5,0.0,1,0,0
Michael Beasley,PF,29,NYK,74,30,22.3,5.5,10.9,0.507,0.5,1.2,0.395,5.1,9.7,0.52,0.528,1.7,2.1,0.78,1.3,4.3,5.6,1.7,0.5,0.6,1.9,2.0,13.2,17.8,0.556,0.107,0.197,6.5,21.2,13.9,12.5,1.1,2.3,14.0,26.9,0.9,1.5,2.4,0.069,0.6,-0.8,-0.2,0.7,0.0,9.0,0.893,0.328,0.268,0.171,0.124,0.675,0.463,0.428,0.37,0.467,0.912,0.052,37,0.267,0.304,1,0,0
Mason Plumlee,C,27,DEN,74,26,19.4,3.0,5.0,0.601,0.0,0.0,0.0,3.0,5.0,0.602,0.601,1.1,2.4,0.458,1.8,3.6,5.4,1.9,0.7,1.1,1.4,2.5,7.1,16.9,0.586,0.003,0.486,10.4,20.9,15.6,14.4,1.7,4.7,18.7,16.6,1.8,1.8,3.6,0.12,-1.0,1.4,0.5,0.9,14041096.0,2.9,0.997,0.674,0.264,0.035,0.024,0.714,0.371,0.385,0.333,0.715,0.0,0.31,103,0.0,0.0,0,0,2
Domantas Sabonis,C,21,IND,74,19,24.5,4.6,8.9,0.514,0.2,0.5,0.351,4.4,8.4,0.524,0.524,2.3,3.0,0.75,2.2,5.5,7.7,2.0,0.5,0.4,1.9,3.0,11.6,17.5,0.567,0.056,0.339,10.4,25.2,17.8,12.7,1.1,1.6,15.3,22.1,2.5,2.2,4.7,0.126,-0.6,-0.5,-1.1,0.4,2659800.0,7.2,0.944,0.47,0.224,0.088,0.162,0.669,0.385,0.431,0.346,0.737,1.0,0.086,49,0.135,0.6,0,0,2
Jerian Grant,PG,25,CHI,74,26,22.8,2.8,6.8,0.416,0.8,2.5,0.326,2.0,4.3,0.468,0.476,1.9,2.5,0.745,0.4,1.9,2.3,4.6,0.9,0.1,1.2,1.8,8.4,14.3,0.528,0.372,0.374,1.9,9.3,5.5,30.1,1.8,0.4,13.2,17.4,2.3,1.0,3.3,0.094,-0.9,-0.5,-1.3,0.3,2639314.0,15.7,0.628,0.199,0.111,0.131,0.187,0.64,0.268,0.424,0.436,0.155,0.656,0.01,5,0.08,0.467,4,0,6
Kyle Anderson,SF,24,SAS,74,67,26.7,3.1,5.9,0.527,0.3,0.8,0.333,2.9,5.1,0.556,0.549,1.4,2.0,0.712,1.1,4.2,5.4,2.7,1.6,0.8,1.3,1.5,7.9,15.9,0.582,0.13,0.333,4.7,17.6,11.1,14.7,2.9,2.5,15.8,13.5,2.4,3.8,6.2,0.151,-0.4,3.3,2.9,2.4,2151704.0,8.4,0.87,0.388,0.249,0.128,0.105,0.688,0.459,0.482,0.391,0.514,0.947,0.039,15,0.649,0.405,1,0,0
OG Anunoby,SF,20,TOR,74,62,20.0,2.2,4.7,0.471,1.0,2.7,0.371,1.2,2.0,0.604,0.577,0.5,0.8,0.629,0.6,1.9,2.5,0.7,0.7,0.2,0.6,1.8,5.9,10.0,0.587,0.569,0.179,3.4,10.4,7.0,5.0,1.7,0.8,10.8,12.4,1.4,1.6,3.0,0.098,-1.2,0.6,-0.6,0.5,0.0,14.5,0.431,0.353,0.049,0.014,0.014,0.697,0.235,0.2,0.0,0.711,0.945,0.136,42,0.528,0.452,0,0,4
Shabazz Napier,PG,26,POR,74,10,20.7,3.0,7.2,0.42,1.1,2.9,0.376,1.9,4.2,0.45,0.497,1.6,1.9,0.841,0.4,1.9,2.3,2.0,1.1,0.2,1.2,1.1,8.7,14.2,0.544,0.411,0.26,1.9,10.1,6.0,14.6,2.6,0.7,13.2,19.5,1.2,2.0,3.2,0.101,-0.7,1.4,0.7,1.0,2361360.0,16.2,0.589,0.192,0.085,0.087,0.226,0.559,0.222,0.348,0.483,0.241,0.72,0.002,1,0.156,0.412,0,0,4
Jarell Martin,PF,23,MEM,73,36,22.8,3.0,6.8,0.446,0.5,1.3,0.347,2.6,5.5,0.47,0.48,1.2,1.6,0.767,1.3,3.0,4.4,1.0,0.5,0.7,1.2,2.9,7.7,10.5,0.516,0.198,0.234,6.6,15.8,11.1,7.0,1.2,2.8,13.6,17.1,0.1,1.2,1.3,0.038,-3.3,-0.7,-4.0,-0.8,1471382.0,10.8,0.802,0.413,0.091,0.091,0.208,0.571,0.244,0.422,0.388,0.636,1.0,0.095,38,0.418,0.341,2,0,0
Bobby Portis,PF,22,CHI,73,4,22.5,5.2,11.1,0.471,1.1,3.1,0.359,4.1,8.1,0.514,0.52,1.6,2.1,0.769,2.2,4.6,6.8,1.7,0.7,0.3,1.4,1.8,13.2,19.7,0.548,0.275,0.192,10.0,23.0,16.2,13.2,1.5,1.3,10.5,26.0,2.0,1.5,3.5,0.101,2.2,-1.3,0.8,1.2,2494346.0,11.9,0.725,0.296,0.191,0.105,0.132,0.588,0.458,0.541,0.411,0.54,1.0,0.031,20,0.112,0.36,1,0,0
Semi Ojeleye,PF,23,BOS,73,0,15.8,0.9,2.6,0.346,0.5,1.7,0.32,0.3,0.9,0.397,0.452,0.3,0.6,0.61,0.5,1.7,2.2,0.3,0.3,0.1,0.3,1.2,2.7,4.6,0.473,0.665,0.218,3.6,11.6,7.7,2.4,0.9,0.3,10.8,9.0,-0.2,1.3,1.2,0.048,-4.6,-0.1,-4.7,-0.8,1291892.0,17.8,0.335,0.165,0.101,0.021,0.048,0.484,0.316,0.5,0.222,0.8,0.95,0.037,2,0.496,0.371,0,0,4
James Johnson,PF,30,MIA,73,41,26.6,4.2,8.4,0.503,0.8,2.5,0.308,3.5,5.9,0.587,0.55,1.5,2.2,0.698,0.8,4.1,4.9,3.8,1.0,0.7,1.9,2.6,10.8,15.8,0.575,0.301,0.264,3.5,17.2,10.3,22.5,1.8,2.2,17.1,19.1,2.2,2.8,5.0,0.123,0.0,1.6,1.6,1.7,14651700.0,10.9,0.699,0.383,0.181,0.064,0.072,0.698,0.486,0.436,0.386,0.413,0.912,0.094,49,0.378,0.314,1,0,0
Willie Cauley-Stein,C,24,SAC,73,58,28.0,5.3,10.6,0.502,0.0,0.2,0.25,5.3,10.4,0.506,0.504,2.1,3.4,0.619,1.8,5.2,7.0,2.4,1.1,0.9,1.5,2.5,12.8,17.6,0.529,0.016,0.32,7.0,22.0,14.2,13.7,1.9,3.1,11.0,21.8,1.7,2.2,3.9,0.092,-0.4,0.3,-0.1,1.0,3704160.0,6.2,0.984,0.459,0.301,0.076,0.146,0.676,0.339,0.288,0.434,0.678,1.0,0.191,134,0.25,0.333,3,0,5
Markieff Morris,PF,28,WAS,73,73,27.0,4.5,9.4,0.48,1.0,2.8,0.367,3.5,6.6,0.529,0.536,1.4,1.8,0.82,1.0,4.6,5.6,1.9,0.8,0.5,1.7,3.0,11.5,13.2,0.566,0.301,0.186,4.3,19.2,11.8,11.0,1.4,1.7,14.6,19.5,1.2,2.1,3.3,0.08,-1.3,0.1,-1.3,0.4,8600000.0,13.8,0.699,0.194,0.157,0.233,0.115,0.699,0.491,0.506,0.342,0.669,1.0,0.045,23,0.271,0.321,5,0,0
Tomáš Satoranský,SG,26,WAS,73,30,22.5,2.8,5.3,0.523,0.6,1.4,0.465,2.1,3.9,0.544,0.585,1.0,1.3,0.781,1.0,2.2,3.2,3.9,0.7,0.2,1.1,1.8,7.2,15.4,0.615,0.263,0.25,5.0,11.1,8.0,24.8,1.6,0.8,16.3,13.7,3.7,1.3,5.0,0.145,0.8,0.5,1.2,1.3,0.0,11.9,0.737,0.266,0.224,0.122,0.125,0.696,0.512,0.404,0.417,0.526,1.0,0.042,13,0.406,0.488,2,0,0
Luke Kennard,SG,21,DET,73,9,20.0,2.8,6.4,0.443,1.1,2.7,0.415,1.7,3.7,0.463,0.53,0.9,1.0,0.855,0.3,2.1,2.4,1.7,0.6,0.2,0.9,1.2,7.6,12.1,0.56,0.419,0.163,1.6,11.9,6.6,12.7,1.5,0.8,12.2,17.2,1.1,1.4,2.6,0.085,-0.9,0.1,-0.8,0.5,3275280.0,16.5,0.581,0.133,0.135,0.127,0.185,0.597,0.302,0.441,0.5,0.528,0.975,0.011,5,0.144,0.393,0,0,4
Kyle Korver,SG,36,CLE,73,4,21.6,3.0,6.6,0.459,2.2,5.2,0.436,0.8,1.5,0.537,0.628,0.9,1.0,0.889,0.1,2.1,2.3,1.2,0.4,0.4,0.8,1.8,9.2,13.4,0.652,0.777,0.149,0.7,10.9,5.9,8.0,1.0,1.5,9.6,16.0,2.8,0.6,3.4,0.104,1.5,-1.2,0.2,0.9,7560000.0,22.1,0.223,0.062,0.017,0.037,0.107,0.733,0.5,0.5,0.442,0.948,0.976,0.0,0,0.223,0.512,1,0,6
DeMarre Carroll,PF,31,BRK,73,73,29.9,4.5,10.8,0.414,2.0,5.4,0.371,2.5,5.4,0.457,0.506,2.6,3.4,0.764,1.4,5.1,6.6,2.0,0.8,0.4,1.4,2.3,13.5,14.3,0.55,0.498,0.313,5.1,18.4,11.7,10.5,1.3,1.0,10.3,19.8,2.3,1.8,4.1,0.091,0.5,-0.4,0.2,1.2,15400000.0,15.1,0.502,0.21,0.175,0.066,0.051,0.606,0.365,0.346,0.3,0.461,0.931,0.015,10,0.251,0.408,0,0,6
Damian Lillard,PG,27,POR,73,73,36.6,8.5,19.4,0.439,3.1,8.6,0.361,5.4,10.8,0.501,0.519,6.8,7.4,0.916,0.8,3.6,4.5,6.6,1.1,0.4,2.8,1.6,26.9,25.2,0.594,0.445,0.38,2.6,10.6,6.6,30.9,1.4,0.8,11.1,30.6,9.9,2.7,12.6,0.227,7.0,0.3,7.2,6.3,26153057.0,15.6,0.555,0.271,0.088,0.079,0.117,0.552,0.452,0.429,0.473,0.18,0.436,0.009,11,0.04,0.4,0,0,1
Trey Lyles,PF,22,DEN,73,2,19.1,3.7,7.5,0.491,1.1,3.0,0.381,2.6,4.5,0.563,0.566,1.4,2.0,0.706,0.8,4.0,4.8,1.2,0.4,0.5,0.8,1.5,9.9,17.9,0.591,0.396,0.26,4.5,23.5,14.0,10.1,1.1,2.0,9.1,21.1,2.7,1.2,3.9,0.135,2.0,-0.7,1.3,1.1,2441400.0,12.9,0.604,0.3,0.185,0.078,0.04,0.697,0.392,0.535,0.409,0.642,0.988,0.08,40,0.188,0.366,3,0,0
De'Aaron Fox,PG,20,SAC,73,60,27.8,4.5,10.9,0.412,0.6,2.1,0.307,3.8,8.8,0.436,0.441,1.9,2.7,0.723,0.5,2.3,2.8,4.4,1.0,0.3,2.4,2.2,11.6,11.2,0.478,0.192,0.245,1.8,10.0,5.7,24.6,1.7,0.9,16.4,23.4,-1.7,1.1,-0.6,-0.014,-2.7,-1.5,-4.2,-1.1,4609200.0,12.0,0.808,0.238,0.223,0.146,0.201,0.647,0.354,0.336,0.35,0.217,0.617,0.034,22,0.203,0.29,2,0,0
Lance Thomas,PF,29,NYK,73,31,18.5,1.4,3.7,0.382,0.7,1.7,0.403,0.7,2.0,0.364,0.476,0.6,0.7,0.83,0.6,1.8,2.4,0.6,0.4,0.2,0.5,1.8,4.1,6.3,0.513,0.464,0.199,3.6,10.7,7.2,4.2,1.1,0.9,12.1,10.7,0.3,0.6,0.9,0.031,-3.2,-0.5,-3.7,-0.6,7119650.0,15.3,0.536,0.228,0.127,0.049,0.131,0.508,0.147,0.308,0.343,0.5,1.0,0.034,8,0.452,0.446,0,0,4
Marc Gasol,C,33,MEM,73,73,33.0,5.9,14.2,0.42,1.5,4.4,0.341,4.5,9.8,0.456,0.473,3.8,4.6,0.834,1.1,7.0,8.1,4.2,0.7,1.4,2.7,2.5,17.2,17.4,0.532,0.31,0.326,3.7,25.3,14.2,21.7,1.1,3.9,14.1,25.6,1.5,2.6,4.0,0.08,1.7,0.6,2.3,2.7,22642350.0,14.3,0.69,0.159,0.207,0.185,0.139,0.665,0.346,0.366,0.5,0.662,0.972,0.035,34,0.022,0.429,3,0,3
Klay Thompson,SG,27,GSW,73,73,34.3,7.9,16.2,0.488,3.1,7.1,0.44,4.7,9.0,0.526,0.585,1.1,1.3,0.837,0.4,3.4,3.8,2.5,0.8,0.5,1.8,1.6,20.0,16.0,0.598,0.442,0.083,1.5,10.3,6.2,11.2,1.1,1.1,9.5,23.7,3.1,1.8,4.9,0.094,1.7,-2.1,-0.4,1.0,17826150.0,17.9,0.558,0.121,0.054,0.14,0.244,0.678,0.359,0.485,0.507,0.743,0.952,0.009,11,0.175,0.473,2,0,3
Sindarius Thornwell,SG,23,LAC,73,17,15.8,1.4,3.2,0.429,0.3,0.8,0.377,1.1,2.4,0.448,0.479,0.8,1.2,0.67,0.5,1.5,1.9,0.9,0.7,0.3,0.7,1.7,3.9,8.2,0.519,0.262,0.378,3.2,10.0,6.7,7.8,2.0,1.8,16.3,12.1,0.1,0.9,1.0,0.041,-3.4,1.0,-2.4,-0.1,0.0,10.2,0.738,0.399,0.215,0.052,0.073,0.505,0.32,0.5,0.471,0.688,1.0,0.047,7,0.459,0.393,2,0,4
Marquese Chriss,PF,20,PHO,72,49,21.2,2.8,6.6,0.423,0.8,2.6,0.295,2.0,4.0,0.509,0.482,1.3,2.2,0.608,1.1,4.4,5.5,1.2,0.7,1.0,1.5,2.8,7.7,11.1,0.509,0.398,0.331,5.2,22.7,13.8,8.1,1.6,3.7,16.4,18.1,-0.8,1.5,0.7,0.023,-3.2,0.4,-2.8,-0.3,3073800.0,12.4,0.602,0.371,0.113,0.061,0.057,0.621,0.278,0.379,0.37,0.692,1.0,0.157,58,0.268,0.255,0,0,0
James Harden,SG,28,HOU,72,72,35.4,9.0,20.1,0.449,3.7,10.0,0.367,5.4,10.1,0.531,0.541,8.7,10.1,0.858,0.6,4.8,5.4,8.8,1.8,0.7,4.4,2.3,30.4,29.8,0.619,0.498,0.502,1.8,15.2,8.6,45.1,2.4,1.7,15.1,36.1,11.6,3.8,15.4,0.289,8.5,1.4,9.9,7.7,28299399.0,15.3,0.502,0.273,0.118,0.071,0.039,0.658,0.351,0.437,0.368,0.088,0.26,0.013,19,0.072,0.327,2,0,1
Tyler Johnson,PG,25,MIA,72,39,28.5,4.3,9.9,0.435,1.7,4.5,0.367,2.6,5.4,0.491,0.518,1.5,1.8,0.822,0.5,3.0,3.4,2.3,0.8,0.5,1.1,2.1,11.7,13.0,0.549,0.456,0.181,1.9,11.7,6.8,12.4,1.5,1.4,9.5,18.6,1.9,2.3,4.2,0.097,-0.5,0.2,-0.3,0.9,19245370.0,16.0,0.544,0.198,0.118,0.082,0.146,0.638,0.429,0.379,0.404,0.532,0.95,0.031,21,0.287,0.366,1,0,6
Justin Holiday,SG,28,CHI,72,72,31.5,4.0,10.9,0.371,2.2,6.2,0.359,1.8,4.6,0.387,0.474,1.9,2.3,0.823,0.4,3.6,4.0,2.1,1.1,0.4,1.3,1.9,12.2,10.8,0.513,0.574,0.21,1.4,12.8,6.9,10.1,1.7,1.2,9.8,18.2,0.1,1.6,1.7,0.036,-1.6,-0.3,-1.9,0.0,4384616.0,18.4,0.426,0.13,0.068,0.075,0.151,0.539,0.283,0.305,0.347,0.705,0.957,0.024,19,0.301,0.356,4,0,6
Al Horford,C,31,BOS,72,72,31.6,5.1,10.5,0.489,1.3,3.1,0.429,3.8,7.3,0.514,0.553,1.3,1.7,0.783,1.4,5.9,7.4,4.7,0.6,1.1,1.8,1.9,12.9,17.6,0.575,0.3,0.159,5.0,20.2,12.7,23.6,0.9,2.9,14.1,18.4,4.0,3.8,7.8,0.165,2.4,2.0,4.4,3.7,27734406.0,12.8,0.7,0.198,0.255,0.143,0.104,0.738,0.438,0.38,0.462,0.572,0.948,0.062,45,0.159,0.528,0,0,3
Maxi Kleber,PF,26,DAL,72,36,16.8,2.1,4.3,0.489,0.6,1.8,0.313,1.5,2.5,0.613,0.553,0.6,0.8,0.746,1.0,2.3,3.3,0.7,0.4,0.7,0.4,1.6,5.4,13.4,0.576,0.414,0.191,6.3,15.6,10.8,6.4,1.1,3.5,8.2,13.7,1.6,1.2,2.8,0.113,-1.0,0.5,-0.5,0.5,815615.0,12.8,0.586,0.366,0.094,0.065,0.061,0.69,0.586,0.45,0.368,0.793,1.0,0.155,44,0.406,0.365,1,0,0
Jarrett Allen,C,19,BRK,72,31,20.0,3.3,5.5,0.589,0.1,0.2,0.333,3.2,5.3,0.599,0.596,1.6,2.0,0.776,2.0,3.4,5.4,0.7,0.4,1.2,1.1,2.0,8.2,17.5,0.636,0.038,0.37,10.5,18.1,14.3,5.4,0.9,4.6,15.1,16.3,2.7,1.5,4.2,0.141,-0.9,0.1,-0.8,0.5,2034120.0,3.7,0.962,0.668,0.232,0.038,0.023,0.698,0.38,0.333,0.333,0.843,1.0,0.353,117,0.867,0.385,2,1,2
Kosta Koufos,C,28,SAC,71,13,19.6,3.1,5.5,0.571,0.0,0.0,0.0,3.1,5.5,0.571,0.571,0.5,1.0,0.446,2.1,4.5,6.6,1.2,0.7,0.5,0.7,2.1,6.7,17.5,0.566,0.0,0.19,11.7,27.6,19.3,9.7,1.7,2.2,10.4,15.2,2.3,1.5,3.9,0.134,-0.2,-0.2,-0.4,0.6,8393000.0,5.0,1.0,0.391,0.476,0.131,0.003,0.711,0.476,0.49,1.0,0.689,0.0,0.064,24,0.0,0.0,0,0,2
Caris LeVert,SF,23,BRK,71,10,26.3,4.5,10.4,0.435,1.2,3.5,0.347,3.3,6.9,0.48,0.493,1.9,2.6,0.711,0.7,2.9,3.7,4.2,1.2,0.3,2.2,2.2,12.1,14.2,0.525,0.333,0.254,3.0,11.9,7.4,26.0,2.1,0.9,15.8,22.5,0.7,1.6,2.3,0.058,-0.8,0.0,-0.8,0.6,1702800.0,12.1,0.667,0.31,0.19,0.103,0.063,0.654,0.321,0.342,0.326,0.302,0.729,0.044,32,0.131,0.281,0,0,0
Shaun Livingston,PG,32,GSW,71,7,15.9,2.4,4.8,0.501,0.0,0.1,0.0,2.4,4.8,0.509,0.501,0.7,0.9,0.82,0.5,1.4,1.8,2.0,0.5,0.3,0.8,1.6,5.5,11.6,0.533,0.015,0.178,3.4,9.2,6.5,16.8,1.5,1.5,13.6,16.6,0.9,0.9,1.8,0.077,-2.8,-0.4,-3.1,-0.3,7692308.0,9.3,0.985,0.236,0.192,0.461,0.096,0.716,0.47,0.437,0.424,0.529,0.0,0.093,31,0.4,0.0,1,0,0
Enes Freedom,C,25,NYK,71,71,25.8,5.9,10.0,0.592,0.0,0.0,0.0,5.9,10.0,0.594,0.592,2.2,2.6,0.848,3.8,7.1,11.0,1.5,0.5,0.5,1.7,2.6,14.1,24.0,0.63,0.003,0.258,16.6,30.6,23.6,9.4,1.0,1.7,13.3,21.8,5.5,2.1,7.6,0.198,3.3,-1.1,2.2,1.9,18622514.0,3.8,0.997,0.61,0.262,0.076,0.048,0.683,0.46,0.463,0.412,0.491,0.0,0.05,31,0.0,0.0,0,0,5
Tyler Ulis,PG,22,PHO,71,43,23.4,3.0,7.8,0.388,0.6,2.1,0.288,2.4,5.7,0.425,0.426,1.2,1.4,0.832,0.3,1.5,1.8,4.4,1.0,0.1,1.8,1.7,7.8,10.1,0.465,0.265,0.183,1.5,6.8,4.1,28.0,2.0,0.3,17.6,18.5,-0.7,0.5,-0.2,-0.006,-3.0,-1.4,-4.4,-1.0,1312611.0,15.0,0.735,0.116,0.136,0.281,0.201,0.438,0.413,0.445,0.396,0.198,0.5,0.0,0,0.13,0.263,3,0,4
Eric Bledsoe,PG,28,MIL,71,71,31.5,6.4,13.4,0.476,1.7,4.9,0.349,4.7,8.5,0.55,0.54,3.4,4.3,0.795,0.7,3.2,3.9,5.1,2.0,0.6,2.9,2.5,17.8,20.0,0.585,0.366,0.319,2.5,11.9,7.2,26.0,3.2,1.5,16.0,26.0,3.2,2.4,5.7,0.121,2.4,0.4,2.8,2.7,15000000.0,13.8,0.634,0.293,0.122,0.098,0.123,0.705,0.379,0.484,0.393,0.29,0.769,0.02,18,0.167,0.414,1,0,3
Jaylen Brown,SG,21,BOS,70,70,30.7,5.3,11.5,0.465,1.7,4.4,0.395,3.6,7.1,0.507,0.54,2.1,3.3,0.644,0.9,4.0,4.9,1.6,1.0,0.4,1.8,2.6,14.5,13.6,0.562,0.381,0.29,3.4,14.0,8.8,8.5,1.6,1.0,12.0,21.4,1.2,3.2,4.5,0.1,-0.8,0.3,-0.5,0.8,4956480.0,12.4,0.619,0.356,0.136,0.055,0.071,0.622,0.321,0.409,0.368,0.536,0.967,0.077,54,0.376,0.426,2,0,3
Draymond Green,PF,27,GSW,70,70,32.7,4.0,8.8,0.454,1.1,3.7,0.301,2.9,5.2,0.562,0.516,1.9,2.5,0.775,1.1,6.6,7.6,7.3,1.4,1.3,2.9,2.6,11.0,16.1,0.556,0.414,0.279,3.9,21.1,13.1,29.0,2.0,3.1,22.5,17.2,2.6,3.4,6.1,0.127,0.9,1.9,2.8,2.8,17469565.0,13.4,0.586,0.355,0.111,0.076,0.044,0.695,0.391,0.362,0.259,0.716,0.909,0.073,39,0.066,0.118,3,0,3
Danny Green,SG,30,SAS,70,60,25.6,3.1,8.0,0.387,1.7,4.6,0.363,1.4,3.4,0.419,0.49,0.7,0.9,0.769,0.6,3.0,3.6,1.6,0.9,1.1,1.1,1.7,8.6,11.4,0.509,0.57,0.116,2.5,13.0,7.7,8.9,1.8,3.7,11.2,16.6,0.1,2.9,2.9,0.078,-1.0,1.4,0.4,1.1,10000000.0,17.2,0.43,0.173,0.102,0.059,0.096,0.546,0.333,0.242,0.389,0.624,0.991,0.018,8,0.288,0.446,0,0,6
J.J. Redick,SG,33,PHI,70,70,30.2,5.8,12.6,0.46,2.8,6.6,0.42,3.0,6.0,0.504,0.569,2.8,3.1,0.904,0.1,2.4,2.5,3.0,0.5,0.1,1.5,1.8,17.1,15.9,0.614,0.523,0.248,0.5,8.3,4.5,15.1,0.8,0.2,9.6,21.7,4.8,1.8,6.6,0.15,2.2,-1.1,1.1,1.7,0.0,20.1,0.477,0.075,0.043,0.063,0.297,0.606,0.421,0.491,0.49,0.768,0.902,0.0,0,0.133,0.492,1,0,3
David Nwaba,SG,25,CHI,70,21,23.5,2.9,6.0,0.478,0.3,0.7,0.346,2.6,5.3,0.496,0.499,1.9,2.9,0.655,1.3,3.4,4.7,1.5,0.8,0.4,1.1,2.3,7.9,12.2,0.542,0.123,0.48,5.6,16.0,10.6,9.4,1.7,1.6,13.1,15.6,1.1,1.4,2.4,0.071,-2.7,0.2,-2.5,-0.2,0.0,5.6,0.877,0.527,0.307,0.043,0.0,0.619,0.315,0.278,0.0,0.522,0.944,0.09,35,0.481,0.28,0,0,0
Jeff Teague,PG,29,MIN,70,70,33.0,5.1,11.3,0.446,1.2,3.3,0.368,3.9,8.1,0.477,0.499,2.9,3.4,0.845,0.3,2.6,3.0,7.0,1.5,0.3,2.5,2.4,14.2,16.4,0.553,0.287,0.301,1.2,9.3,5.2,30.6,2.2,0.9,16.4,20.6,3.4,1.4,4.9,0.101,1.1,-0.7,0.4,1.4,19000000.0,12.3,0.713,0.209,0.272,0.157,0.073,0.651,0.394,0.44,0.379,0.104,0.56,0.013,9,0.096,0.409,0,0,3
C.J. Miles,SF,30,TOR,70,3,19.1,3.2,8.6,0.379,2.3,6.5,0.361,0.9,2.1,0.434,0.516,1.2,1.4,0.835,0.3,1.9,2.2,0.8,0.5,0.3,0.6,1.9,10.0,13.0,0.545,0.758,0.162,1.5,11.0,6.4,6.0,1.4,1.3,5.7,22.3,1.4,1.5,2.9,0.103,1.0,-0.7,0.3,0.8,0.0,20.8,0.242,0.095,0.065,0.032,0.048,0.667,0.256,0.368,0.276,0.635,0.933,0.025,12,0.196,0.494,2,0,6
Norman Powell,SG,24,TOR,70,18,15.2,2.1,5.3,0.401,0.8,2.7,0.285,1.4,2.7,0.516,0.472,0.5,0.6,0.821,0.2,1.5,1.7,1.3,0.5,0.2,0.9,1.6,5.5,8.5,0.492,0.497,0.104,1.5,10.9,6.3,11.8,1.7,1.2,14.4,18.9,-0.6,1.2,0.6,0.027,-3.2,0.2,-2.9,-0.3,9367200.0,14.6,0.503,0.278,0.134,0.04,0.051,0.596,0.42,0.4,0.421,0.412,0.925,0.043,14,0.333,0.29,0,0,4
Quincy Acy,PF,27,BRK,70,8,19.4,1.9,5.2,0.356,1.5,4.2,0.349,0.4,1.0,0.384,0.496,0.7,0.9,0.817,0.6,3.1,3.7,0.8,0.5,0.4,0.9,2.1,5.9,8.2,0.525,0.8,0.164,3.1,17.1,10.0,6.0,1.2,1.6,13.3,14.4,-0.1,1.1,1.0,0.036,-2.6,0.1,-2.5,-0.2,0.0,20.7,0.2,0.115,0.027,0.025,0.033,0.5,0.0,0.333,0.333,0.857,0.99,0.036,9,0.305,0.404,0,0,4
Stanley Johnson,SF,21,DET,69,50,27.4,3.0,8.1,0.375,1.0,3.4,0.286,2.1,4.7,0.439,0.435,1.6,2.1,0.772,0.5,3.2,3.7,1.6,1.4,0.2,1.1,2.4,8.7,9.0,0.48,0.418,0.259,1.9,13.0,7.3,8.5,2.5,0.7,11.0,16.4,-0.6,2.4,1.8,0.046,-4.0,1.1,-2.9,-0.4,3940402.0,14.8,0.582,0.22,0.157,0.084,0.121,0.659,0.227,0.34,0.382,0.371,0.97,0.023,10,0.303,0.282,3,0,4
Alex Len,C,24,PHO,69,13,20.2,3.1,5.5,0.566,0.0,0.0,0.333,3.1,5.4,0.568,0.567,2.3,3.3,0.684,2.5,5.0,7.5,1.2,0.4,0.9,1.1,2.3,8.5,19.4,0.612,0.008,0.611,13.2,26.7,19.8,9.1,0.9,3.5,14.0,17.0,3.2,1.3,4.5,0.154,0.6,-0.3,0.3,0.8,4187599.0,2.7,0.992,0.733,0.167,0.053,0.04,0.646,0.349,0.5,0.133,0.676,1.0,0.288,95,0.0,0.0,0,0,2
Bam Adebayo,C,20,MIA,69,19,19.8,2.5,4.9,0.512,0.0,0.1,0.0,2.5,4.8,0.523,0.512,1.9,2.6,0.721,1.7,3.8,5.5,1.5,0.5,0.6,1.0,2.0,6.9,15.7,0.57,0.021,0.526,9.7,21.6,15.6,11.0,1.2,2.5,13.6,15.9,2.3,1.9,4.2,0.148,-1.1,0.7,-0.4,0.6,2955840.0,4.3,0.979,0.624,0.232,0.082,0.041,0.642,0.329,0.321,0.214,0.701,0.0,0.294,91,0.0,0.0,4,0,2
Al-Farouq Aminu,PF,27,POR,69,67,30.0,3.3,8.4,0.395,1.8,4.9,0.369,1.5,3.5,0.432,0.503,0.9,1.2,0.738,1.4,6.2,7.6,1.2,1.1,0.6,1.1,2.0,9.3,12.0,0.522,0.582,0.137,5.2,22.3,13.8,5.8,1.9,1.6,11.3,14.8,0.9,3.2,4.2,0.097,-0.7,1.1,0.4,1.3,7319035.0,16.5,0.418,0.215,0.12,0.026,0.057,0.608,0.314,0.133,0.152,0.486,0.96,0.041,23,0.28,0.474,0,0,6
Royce O'Neale,SF,24,UTA,69,4,16.7,1.7,4.1,0.423,0.6,1.7,0.356,1.1,2.4,0.47,0.496,0.9,1.1,0.803,0.4,3.1,3.4,1.4,0.5,0.2,0.8,1.5,5.0,10.8,0.54,0.415,0.268,2.5,20.6,11.7,12.0,1.6,1.2,14.8,14.6,0.5,1.8,2.4,0.099,-2.0,1.8,-0.2,0.5,815615.0,12.8,0.585,0.331,0.148,0.088,0.018,0.574,0.262,0.48,0.2,0.5,0.857,0.039,10,0.475,0.411,3,0,4
Eric Gordon,SG,29,HOU,69,30,31.2,6.0,14.1,0.428,3.2,8.8,0.359,2.9,5.2,0.544,0.54,2.8,3.5,0.809,0.4,2.1,2.5,2.2,0.6,0.4,1.9,1.7,18.0,15.2,0.578,0.627,0.248,1.3,7.5,4.4,11.7,1.0,1.1,10.8,24.7,2.9,1.8,4.7,0.105,2.0,-1.6,0.4,1.3,12943020.0,17.7,0.373,0.234,0.089,0.027,0.022,0.661,0.384,0.269,0.333,0.386,0.849,0.012,11,0.122,0.459,5,1,6
J.J. Barea,PG,33,DAL,69,10,23.2,4.4,10.0,0.439,1.7,4.5,0.367,2.7,5.5,0.499,0.522,1.2,1.5,0.784,0.2,2.7,2.9,6.3,0.5,0.0,2.1,1.2,11.6,17.8,0.545,0.454,0.148,1.0,13.4,7.0,45.1,1.1,0.2,16.3,24.9,2.3,1.0,3.3,0.098,2.7,-1.5,1.2,1.3,3903900.0,15.6,0.546,0.168,0.184,0.117,0.077,0.664,0.449,0.42,0.377,0.154,0.626,0.0,0,0.067,0.238,3,0,6
Delon Wright,PG,25,TOR,69,4,20.8,2.9,6.3,0.465,0.8,2.2,0.366,2.1,4.0,0.52,0.53,1.4,1.7,0.829,0.7,2.2,2.9,2.9,1.0,0.5,1.1,1.2,8.0,16.5,0.574,0.354,0.271,3.6,11.7,7.7,19.6,2.5,1.8,13.9,17.2,2.5,2.1,4.5,0.152,1.4,1.8,3.3,1.9,2536898.0,11.1,0.646,0.394,0.211,0.025,0.014,0.629,0.352,0.364,0.333,0.248,0.786,0.032,13,0.216,0.424,4,1,0
Darren Collison,PG,30,IND,69,64,29.2,4.6,9.2,0.495,1.4,3.0,0.468,3.2,6.3,0.508,0.571,1.8,2.1,0.882,0.5,2.0,2.6,5.3,1.3,0.2,1.2,1.8,12.4,18.8,0.61,0.321,0.226,2.1,7.8,5.0,26.4,2.3,0.7,10.9,17.4,5.8,1.8,7.6,0.181,2.4,0.3,2.7,2.4,10000000.0,15.3,0.679,0.24,0.063,0.067,0.309,0.647,0.25,0.488,0.457,0.295,0.802,0.002,1,0.317,0.462,2,0,3
Jonathon Simmons,SG,28,ORL,69,50,29.4,5.1,11.0,0.465,1.0,3.0,0.338,4.1,8.1,0.512,0.511,2.7,3.5,0.768,0.9,2.6,3.5,2.5,0.8,0.2,2.1,2.5,13.9,12.7,0.555,0.268,0.317,3.3,9.7,6.5,13.3,1.4,0.6,14.4,22.0,0.8,1.1,1.9,0.045,-1.7,-1.3,-3.1,-0.5,6000000.0,11.8,0.732,0.269,0.229,0.114,0.118,0.688,0.414,0.333,0.467,0.351,0.855,0.038,27,0.27,0.345,2,0,0
Dennis Smith Jr.,PG,20,DAL,69,69,29.7,5.9,14.8,0.395,1.5,4.9,0.313,4.3,9.9,0.435,0.446,1.9,2.8,0.694,0.7,3.0,3.8,5.2,1.0,0.3,2.8,2.2,15.2,12.8,0.473,0.331,0.188,2.6,11.8,7.0,29.5,1.7,0.8,14.9,28.9,-2.4,1.7,-0.7,-0.017,-1.2,-1.2,-2.4,-0.2,3218280.0,13.3,0.669,0.317,0.11,0.092,0.148,0.606,0.257,0.223,0.336,0.191,0.585,0.049,40,0.068,0.304,2,0,6
Shelvin Mack,PG,27,ORL,69,3,19.8,2.6,6.0,0.43,0.7,2.0,0.345,1.9,4.0,0.473,0.488,1.0,1.4,0.711,0.3,2.1,2.4,3.9,0.8,0.1,1.3,1.3,6.9,13.3,0.518,0.336,0.234,1.8,11.6,6.7,29.5,1.9,0.5,16.3,17.6,1.0,1.0,1.9,0.069,-1.2,-0.2,-1.4,0.2,6000000.0,13.1,0.664,0.229,0.225,0.118,0.092,0.705,0.355,0.327,0.368,0.323,0.688,0.0,0,0.137,0.421,0,0,4
Lauri Markkanen,PF,20,CHI,68,68,29.7,5.5,12.7,0.434,2.1,5.9,0.362,3.4,6.8,0.497,0.518,2.1,2.4,0.843,1.2,6.3,7.5,1.2,0.6,0.6,1.2,1.5,15.2,15.6,0.552,0.465,0.193,4.0,23.7,13.5,6.4,0.9,1.8,8.2,21.9,1.7,1.6,3.3,0.079,1.0,-1.2,-0.2,0.9,4536120.0,15.1,0.535,0.244,0.118,0.08,0.093,0.676,0.343,0.348,0.35,0.642,0.966,0.079,63,0.115,0.326,1,0,3
Rondae Hollis-Jefferson,SF,23,BRK,68,59,28.2,5.0,10.6,0.472,0.2,0.8,0.241,4.8,9.9,0.491,0.481,3.7,4.6,0.788,1.5,5.3,6.8,2.5,1.0,0.7,1.8,2.1,13.9,16.9,0.548,0.075,0.436,5.5,20.0,12.7,14.2,1.6,1.9,12.3,22.2,2.1,2.0,4.1,0.103,-0.3,0.4,0.1,1.0,2470357.0,7.6,0.925,0.377,0.273,0.206,0.069,0.597,0.369,0.477,0.44,0.556,1.0,0.041,29,0.5,0.333,1,0,0
Justin Jackson,SF,22,SAC,68,41,22.1,2.7,6.2,0.442,0.8,2.7,0.308,1.9,3.4,0.547,0.51,0.4,0.5,0.722,0.4,2.4,2.8,1.1,0.4,0.2,0.6,1.2,6.7,9.2,0.521,0.442,0.086,2.0,12.6,7.1,7.2,0.9,0.8,8.4,14.2,0.4,0.5,1.0,0.031,-2.4,-1.1,-3.5,-0.6,2365560.0,15.4,0.558,0.186,0.15,0.112,0.11,0.756,0.46,0.426,0.435,0.711,1.0,0.024,10,0.384,0.366,2,0,4
Justise Winslow,PF,21,MIA,68,25,24.7,3.0,7.2,0.424,0.7,1.9,0.38,2.3,5.3,0.44,0.474,1.0,1.5,0.635,0.9,4.5,5.4,2.2,0.8,0.5,1.1,2.1,7.8,11.5,0.496,0.264,0.213,4.3,20.5,12.4,13.0,1.6,1.7,12.6,16.3,0.2,2.4,2.6,0.075,-2.2,1.1,-1.1,0.4,3448926.0,10.3,0.736,0.367,0.238,0.072,0.055,0.564,0.379,0.2,0.222,0.468,1.0,0.037,15,0.543,0.4,5,0,0
Kevin Durant,SF,29,GSW,68,68,34.2,9.3,18.0,0.516,2.5,6.1,0.419,6.7,11.9,0.565,0.586,5.3,5.9,0.889,0.5,6.4,6.8,5.4,0.7,1.8,3.0,2.0,26.4,26.0,0.64,0.338,0.331,1.6,19.5,11.2,25.5,1.0,4.0,12.9,30.4,7.5,2.9,10.4,0.215,6.7,0.6,7.3,5.5,0.0,15.4,0.662,0.179,0.096,0.201,0.185,0.758,0.513,0.492,0.487,0.488,0.688,0.084,94,0.094,0.564,3,0,1
Gary Harris,SG,23,DEN,67,65,34.4,6.6,13.6,0.485,2.3,5.9,0.396,4.2,7.7,0.553,0.57,2.0,2.4,0.827,0.6,2.1,2.6,2.9,1.8,0.2,1.8,1.8,17.5,16.5,0.597,0.434,0.178,1.8,6.8,4.3,13.0,2.6,0.5,10.8,20.7,3.9,1.5,5.5,0.114,1.0,-0.2,0.8,1.7,2550055.0,14.8,0.566,0.25,0.119,0.097,0.1,0.718,0.417,0.466,0.385,0.577,0.891,0.052,46,0.208,0.415,1,0,3
Isaiah Taylor,PG,23,ATL,67,9,17.4,2.4,5.8,0.418,0.3,1.2,0.25,2.1,4.6,0.461,0.444,1.5,2.1,0.702,0.3,1.1,1.4,3.1,0.5,0.1,1.3,1.7,6.6,10.9,0.492,0.205,0.362,2.1,6.9,4.5,27.0,1.4,0.7,15.7,20.1,0.2,0.5,0.6,0.027,-3.1,-1.3,-4.4,-0.7,1544951.0,9.6,0.795,0.374,0.256,0.108,0.056,0.61,0.39,0.214,0.273,0.266,0.75,0.01,3,0.138,0.455,3,0,4
Dennis Schröder,PG,24,ATL,67,67,31.0,7.5,17.1,0.436,1.1,3.9,0.29,6.3,13.2,0.48,0.469,3.4,4.0,0.849,0.7,2.4,3.1,6.2,1.1,0.1,2.7,2.2,19.4,17.3,0.515,0.229,0.231,2.4,8.8,5.6,36.2,1.7,0.2,12.7,30.4,1.5,1.0,2.6,0.059,1.2,-1.9,-0.6,0.7,0.0,12.4,0.771,0.29,0.126,0.161,0.194,0.578,0.333,0.432,0.468,0.193,0.566,0.002,0,0.053,0.214,6,0,3
Nemanja Bjelica,PF,29,MIN,67,21,20.5,2.6,5.5,0.461,1.1,2.7,0.415,1.4,2.8,0.505,0.563,0.5,0.7,0.8,0.8,3.3,4.1,1.3,0.7,0.2,0.8,2.1,6.8,12.6,0.581,0.493,0.121,4.4,18.8,11.5,8.7,1.8,1.0,11.7,14.3,1.7,1.1,2.8,0.097,-0.1,0.2,0.1,0.7,3949999.0,14.4,0.507,0.261,0.194,0.024,0.024,0.66,0.375,0.333,0.111,0.6,0.934,0.022,7,0.246,0.4,0,0,0
Trevor Ariza,SF,32,HOU,67,67,33.9,4.0,9.7,0.412,2.5,6.9,0.368,1.5,2.8,0.519,0.542,1.1,1.3,0.854,0.5,3.9,4.4,1.6,1.5,0.2,0.8,2.0,11.7,11.8,0.567,0.71,0.137,1.7,12.9,7.3,6.8,2.1,0.5,7.0,14.4,2.6,2.8,5.3,0.113,0.0,0.7,0.7,1.5,7420912.0,18.0,0.29,0.22,0.052,0.008,0.011,0.636,0.176,0.0,0.143,0.592,0.953,0.029,19,0.392,0.431,2,0,6
Mario Chalmers,PG,31,MEM,66,10,21.5,2.5,6.7,0.379,0.8,2.9,0.277,1.7,3.8,0.456,0.439,1.8,2.1,0.855,0.2,2.2,2.4,3.0,1.2,0.2,1.8,2.7,7.7,10.4,0.503,0.431,0.312,1.0,12.0,6.4,21.5,2.8,0.9,18.8,19.6,-0.6,1.3,0.6,0.021,-3.7,0.5,-3.2,-0.4,1471382.0,15.1,0.569,0.242,0.142,0.106,0.079,0.542,0.333,0.404,0.486,0.278,0.83,0.0,0,0.209,0.3,8,0,4
Zach Collins,C,20,POR,66,1,15.8,1.7,4.4,0.398,0.5,1.7,0.31,1.2,2.7,0.455,0.458,0.4,0.6,0.643,0.7,2.7,3.3,0.8,0.3,0.5,0.9,2.0,4.4,7.5,0.475,0.391,0.145,4.7,18.2,11.5,7.1,0.8,2.4,15.9,15.4,-0.7,1.3,0.6,0.03,-4.5,0.2,-4.3,-0.6,3057240.0,13.5,0.609,0.266,0.152,0.114,0.08,0.623,0.318,0.333,0.304,0.65,0.971,0.059,14,0.292,0.394,1,0,4
Ryan Anderson,PF,29,HOU,66,50,26.1,3.1,7.3,0.431,2.0,5.1,0.386,1.2,2.1,0.539,0.568,1.1,1.4,0.774,1.4,3.6,5.0,0.9,0.4,0.3,0.6,1.9,9.3,12.6,0.592,0.706,0.194,6.2,15.4,10.8,5.1,0.7,1.0,7.5,14.4,3.1,1.7,4.8,0.132,0.9,-0.8,0.1,0.9,19578455.0,20.4,0.294,0.142,0.044,0.04,0.069,0.647,0.143,0.579,0.545,0.342,0.992,0.019,9,0.109,0.405,0,0,6
Rajon Rondo,PG,31,NOP,65,63,26.2,3.6,7.6,0.468,0.8,2.3,0.333,2.8,5.3,0.526,0.518,0.4,0.7,0.543,0.5,3.6,4.0,8.2,1.1,0.2,2.3,1.8,8.3,15.3,0.522,0.304,0.093,2.0,14.2,8.4,42.2,2.0,0.5,22.7,16.9,1.9,1.7,3.6,0.101,0.0,-0.4,-0.3,0.7,3300000.0,11.0,0.696,0.403,0.148,0.047,0.099,0.603,0.479,0.435,0.327,0.215,0.7,0.006,3,0.42,0.286,0,0,0
Garrett Temple,SG,31,SAC,65,35,24.8,3.1,7.3,0.418,1.4,3.5,0.392,1.7,3.8,0.442,0.512,0.9,1.2,0.769,0.3,2.0,2.3,1.9,0.9,0.4,1.2,2.1,8.4,10.2,0.536,0.477,0.164,1.5,9.6,5.4,11.3,1.8,1.6,13.4,16.4,0.3,0.9,1.2,0.035,-2.2,-0.3,-2.5,-0.2,8000000.0,17.4,0.523,0.155,0.061,0.097,0.21,0.635,0.207,0.391,0.39,0.427,0.888,0.015,7,0.335,0.329,0,0,4
T.J. Warren,SF,24,PHO,65,65,33.0,8.1,16.4,0.498,0.3,1.4,0.222,7.8,15.0,0.523,0.507,3.0,3.9,0.757,1.9,3.2,5.1,1.3,1.0,0.6,1.3,2.3,19.6,17.6,0.541,0.085,0.24,6.1,10.5,8.3,7.2,1.5,1.5,6.7,24.9,2.6,0.8,3.4,0.077,0.8,-1.6,-0.7,0.7,3152931.0,8.8,0.915,0.378,0.182,0.188,0.167,0.682,0.415,0.425,0.393,0.617,1.0,0.041,44,0.411,0.216,0,0,3
Myles Turner,C,21,IND,65,62,28.2,4.7,9.8,0.479,0.9,2.4,0.357,3.8,7.4,0.519,0.523,2.5,3.2,0.777,1.4,5.0,6.4,1.3,0.6,1.8,1.5,2.9,12.7,16.6,0.567,0.246,0.322,5.8,19.8,12.8,7.0,1.0,5.7,11.6,20.0,2.2,2.5,4.7,0.122,-0.6,0.4,-0.2,0.8,3410284.0,14.1,0.754,0.26,0.105,0.085,0.305,0.614,0.478,0.407,0.482,0.736,0.982,0.085,46,0.089,0.286,1,0,0
Kent Bazemore,SG,28,ATL,65,65,27.5,4.4,10.4,0.42,1.7,4.2,0.394,2.7,6.2,0.438,0.5,2.5,3.1,0.796,0.4,3.4,3.8,3.5,1.5,0.7,2.4,2.3,12.9,14.5,0.547,0.405,0.297,1.6,13.9,7.7,20.1,2.7,2.2,17.0,22.5,0.2,2.0,2.2,0.059,-0.4,1.0,0.6,1.2,18089887.0,14.7,0.595,0.226,0.139,0.08,0.149,0.608,0.266,0.333,0.396,0.472,0.833,0.031,19,0.285,0.436,1,0,6
Manu Ginóbili*,SG,40,SAS,65,0,20.0,3.1,7.1,0.434,1.0,3.0,0.333,2.1,4.2,0.506,0.503,1.7,2.0,0.84,0.3,1.9,2.2,2.5,0.7,0.2,1.6,1.9,8.9,12.9,0.553,0.415,0.283,1.6,10.6,6.1,19.1,1.7,1.0,16.8,21.5,0.6,1.6,2.2,0.082,-1.5,0.2,-1.3,0.2,0.0,13.8,0.585,0.283,0.153,0.099,0.048,0.641,0.408,0.348,0.364,0.423,0.797,0.015,7,0.198,0.342,1,0,4
Andre Iguodala,SF,34,GSW,64,7,25.3,2.3,5.0,0.463,0.5,1.8,0.282,1.8,3.2,0.567,0.514,0.9,1.4,0.632,0.8,3.1,3.8,3.3,0.8,0.6,1.0,1.5,6.0,11.2,0.536,0.366,0.272,3.7,12.6,8.5,16.2,1.6,1.9,15.8,11.5,1.6,1.6,3.2,0.094,-1.1,0.8,-0.3,0.7,14814815.0,13.7,0.634,0.313,0.113,0.081,0.128,0.76,0.389,0.385,0.366,0.591,0.848,0.166,52,0.179,0.143,3,0,0
Nicolas Batum,SG,29,CHO,64,64,31.0,4.2,10.2,0.415,1.4,4.3,0.336,2.8,5.9,0.473,0.486,1.7,2.0,0.831,0.9,3.9,4.8,5.5,1.0,0.4,2.0,1.1,11.6,14.4,0.523,0.422,0.2,3.1,13.8,8.4,26.2,1.6,1.0,15.6,18.3,1.7,1.8,3.5,0.084,0.5,-0.1,0.4,1.2,24000000.0,17.5,0.578,0.109,0.063,0.197,0.209,0.704,0.439,0.445,0.39,0.388,0.848,0.015,10,0.109,0.267,1,0,6
Robin Lopez,C,29,CHI,64,64,26.4,5.3,10.1,0.53,0.1,0.2,0.286,5.3,9.9,0.536,0.533,1.1,1.4,0.756,2.1,2.4,4.5,1.9,0.2,0.8,1.7,1.7,11.8,14.7,0.552,0.022,0.14,8.2,10.3,9.2,12.3,0.4,2.8,13.5,20.4,1.2,0.7,1.9,0.055,-0.9,-1.3,-2.2,-0.1,14357750.0,7.6,0.978,0.315,0.392,0.085,0.186,0.729,0.498,0.364,0.367,0.731,0.75,0.056,34,0.0,0.0,0,0,0
Alec Burks,SG,26,UTA,64,1,16.5,2.7,6.5,0.411,0.7,2.2,0.331,1.9,4.3,0.452,0.467,1.7,1.9,0.863,0.3,2.7,3.0,1.0,0.6,0.1,0.9,1.2,7.7,13.1,0.527,0.343,0.3,2.1,18.4,10.3,10.0,1.8,0.6,11.4,22.5,0.2,1.6,1.9,0.084,-1.3,0.4,-0.9,0.3,10845506.0,13.3,0.657,0.251,0.184,0.13,0.092,0.635,0.303,0.37,0.368,0.431,0.66,0.046,18,0.162,0.304,1,0,4
Joel Embiid,C,23,PHI,63,63,30.3,8.1,16.8,0.483,1.0,3.4,0.308,7.0,13.4,0.527,0.514,5.7,7.4,0.769,2.3,8.7,11.0,3.2,0.6,1.8,3.7,3.3,22.9,22.9,0.573,0.203,0.442,8.4,29.7,19.4,18.0,1.0,4.8,15.6,33.4,2.3,3.8,6.2,0.155,2.0,1.3,3.3,2.6,25250000.0,11.1,0.797,0.293,0.176,0.22,0.106,0.728,0.387,0.431,0.42,0.439,0.924,0.087,82,0.051,0.364,0,0,1
Josh Hart,SG,22,LAL,63,23,23.2,2.8,6.0,0.469,1.2,3.1,0.396,1.6,2.8,0.551,0.573,1.0,1.5,0.702,0.7,3.5,4.2,1.3,0.7,0.3,0.7,1.7,7.9,12.2,0.596,0.525,0.251,3.1,16.0,9.6,7.6,1.5,0.9,10.1,13.5,1.9,1.5,3.4,0.111,-0.6,0.5,-0.1,0.7,1394520.0,15.1,0.475,0.317,0.061,0.053,0.043,0.681,0.261,0.3,0.313,0.633,0.936,0.027,10,0.198,0.513,0,0,4
Treveon Graham,SG,24,CHO,63,2,16.7,1.5,3.5,0.434,0.6,1.5,0.412,0.9,2.0,0.452,0.525,0.7,0.9,0.695,0.7,1.3,1.9,0.9,0.5,0.0,0.4,1.7,4.3,9.0,0.553,0.439,0.267,4.3,8.3,6.2,7.8,1.5,0.2,9.9,11.3,1.1,0.7,1.8,0.08,-2.8,0.1,-2.7,-0.2,0.0,14.4,0.561,0.253,0.14,0.1,0.068,0.536,0.355,0.318,0.533,0.607,0.975,0.005,1,0.402,0.41,0,0,4
Wesley Matthews,SF,31,DAL,63,62,33.8,4.5,11.1,0.406,2.4,6.4,0.381,2.1,4.7,0.441,0.516,1.3,1.6,0.822,0.4,2.7,3.1,2.7,1.2,0.3,1.3,2.2,12.7,11.4,0.541,0.577,0.145,1.4,9.2,5.2,12.3,1.8,0.7,10.1,17.6,1.0,1.6,2.6,0.059,-1.0,0.1,-0.9,0.6,17884176.0,18.4,0.423,0.096,0.118,0.106,0.103,0.507,0.439,0.459,0.361,0.392,0.882,0.0,0,0.209,0.464,1,0,6
Jarrett Jack,PG,34,NYK,62,56,25.0,3.0,7.1,0.427,0.4,1.4,0.291,2.6,5.8,0.459,0.455,1.0,1.2,0.84,0.4,2.7,3.1,5.6,0.6,0.1,1.9,1.6,7.5,11.5,0.489,0.194,0.169,1.6,12.1,6.8,31.3,1.1,0.2,19.5,16.7,0.5,0.7,1.2,0.036,-1.6,-1.3,-2.8,-0.3,0.0,14.2,0.806,0.124,0.212,0.174,0.296,0.655,0.457,0.416,0.405,0.195,0.6,0.0,0,0.128,0.273,2,0,0
Dewayne Dedmon,C,28,ATL,62,46,24.9,4.0,7.7,0.524,0.8,2.3,0.355,3.2,5.4,0.595,0.577,1.1,1.4,0.779,1.6,6.3,7.9,1.5,0.6,0.8,1.4,2.6,10.0,15.8,0.599,0.296,0.18,7.2,28.1,17.7,9.2,1.3,2.8,14.3,17.0,1.8,1.9,3.7,0.114,-0.4,0.5,0.1,0.8,7200000.0,12.5,0.704,0.281,0.138,0.147,0.138,0.776,0.485,0.471,0.47,0.8,1.0,0.115,50,0.461,0.4,0,0,0
Wes Iwundu,SF,23,ORL,62,12,16.5,1.5,3.5,0.427,0.1,0.7,0.196,1.4,2.8,0.488,0.447,0.5,0.8,0.723,0.6,1.6,2.2,0.9,0.5,0.2,0.5,1.3,3.7,7.8,0.48,0.211,0.216,3.9,11.0,7.4,7.8,1.6,0.9,11.2,11.6,0.0,0.7,0.7,0.032,-4.2,-0.1,-4.3,-0.6,1378242.0,10.0,0.789,0.39,0.165,0.11,0.124,0.635,0.361,0.375,0.296,0.56,1.0,0.055,11,0.522,0.25,0,0,4
Deyonta Davis,C,21,MEM,62,6,15.2,2.6,4.3,0.608,0.0,0.0,0.0,2.6,4.3,0.608,0.608,0.6,0.9,0.667,1.2,2.8,4.0,0.6,0.2,0.6,0.5,2.0,5.8,16.6,0.621,0.0,0.215,9.0,22.0,15.3,7.1,0.8,3.9,9.9,15.3,1.9,0.8,2.7,0.138,-0.9,-0.6,-1.5,0.1,1312611.0,5.6,1.0,0.581,0.147,0.117,0.155,0.753,0.41,0.387,0.415,0.77,0.0,0.196,51,0.0,0.0,0,0,2
Reggie Bullock,SF,26,DET,62,52,27.9,4.3,8.8,0.489,2.0,4.5,0.445,2.3,4.3,0.536,0.603,0.6,0.8,0.796,0.4,2.0,2.5,1.5,0.8,0.2,0.8,1.1,11.3,13.6,0.615,0.515,0.09,1.7,8.3,4.9,8.4,1.4,0.7,7.6,15.7,2.8,1.4,4.2,0.117,0.7,0.0,0.7,1.2,2500000.0,16.2,0.485,0.198,0.11,0.101,0.077,0.741,0.283,0.436,0.5,0.817,0.968,0.002,1,0.267,0.453,1,0,6
Austin Rivers,SG,25,LAC,61,59,33.7,5.6,13.2,0.424,2.2,5.9,0.378,3.4,7.3,0.461,0.508,1.7,2.6,0.642,0.4,1.9,2.4,4.0,1.2,0.3,1.8,2.5,15.1,12.6,0.526,0.447,0.198,1.5,6.2,3.9,17.5,1.7,0.6,11.1,20.6,1.4,1.0,2.4,0.056,-0.3,-0.9,-1.2,0.4,12650000.0,13.7,0.553,0.288,0.176,0.065,0.024,0.569,0.345,0.346,0.316,0.215,0.515,0.004,3,0.153,0.345,0,0,6
Luc Mbah a Moute,PF,31,HOU,61,15,25.6,2.7,5.7,0.481,1.0,2.8,0.364,1.7,2.8,0.599,0.572,1.1,1.6,0.684,0.4,2.7,3.0,0.9,1.2,0.4,1.1,1.6,7.5,10.3,0.595,0.501,0.275,1.6,11.7,6.7,5.0,2.3,1.4,15.0,12.8,0.8,2.1,2.8,0.087,-1.6,1.4,-0.2,0.7,1471382.0,13.2,0.499,0.403,0.075,0.0,0.02,0.676,0.346,0.0,0.0,0.777,0.984,0.072,25,0.41,0.282,0,0,4
Kyrie Irving,PG,25,BOS,60,60,32.2,8.9,18.1,0.491,2.8,6.8,0.408,6.1,11.3,0.541,0.568,3.9,4.4,0.889,0.6,3.2,3.8,5.1,1.1,0.3,2.3,2.0,24.4,25.0,0.61,0.374,0.24,1.9,10.8,6.4,30.7,1.7,0.7,10.4,31.0,6.3,2.7,8.9,0.222,6.4,0.9,7.3,4.5,18868626.0,14.5,0.626,0.223,0.158,0.132,0.112,0.649,0.436,0.479,0.549,0.264,0.53,0.002,2,0.123,0.42,1,0,1
Skal Labissière,PF,21,SAC,60,28,20.7,3.4,7.6,0.448,0.3,0.9,0.353,3.1,6.8,0.459,0.467,1.6,2.0,0.805,1.7,3.2,4.8,1.2,0.4,0.8,1.2,2.2,8.7,14.3,0.513,0.111,0.258,8.7,18.1,13.2,9.1,1.0,3.7,12.5,21.1,0.4,1.0,1.4,0.054,-1.9,-0.8,-2.7,-0.2,0.0,9.9,0.889,0.255,0.31,0.175,0.148,0.692,0.38,0.375,0.324,0.556,1.0,0.114,46,0.039,1.0,1,0,0
Zach Randolph,PF,36,SAC,59,57,25.6,6.1,12.9,0.473,0.9,2.5,0.347,5.3,10.4,0.503,0.507,1.4,1.8,0.785,1.6,5.1,6.7,2.2,0.7,0.2,2.0,2.0,14.5,17.3,0.529,0.193,0.14,7.0,23.7,15.0,14.9,1.4,0.6,12.5,27.6,0.3,1.2,1.5,0.048,0.5,-1.5,-1.0,0.4,12307692.0,11.4,0.807,0.229,0.286,0.122,0.17,0.623,0.514,0.366,0.423,0.403,0.961,0.0,0,0.143,0.476,1,0,3
Brandon Ingram,SF,20,LAL,59,59,33.5,6.1,12.9,0.47,0.7,1.8,0.39,5.4,11.1,0.483,0.497,3.3,4.8,0.681,1.0,4.4,5.3,3.9,0.8,0.7,2.5,2.8,16.1,13.8,0.536,0.138,0.371,3.1,13.8,8.5,17.7,1.1,1.8,14.4,22.2,1.0,1.8,2.8,0.068,-0.9,-0.3,-1.2,0.4,5519400.0,10.1,0.862,0.375,0.152,0.135,0.2,0.67,0.207,0.35,0.434,0.363,0.951,0.074,53,0.276,0.448,1,0,3
Kevin Love,C,29,CLE,59,59,28.0,5.7,12.4,0.458,2.3,5.6,0.415,3.3,6.8,0.494,0.552,4.0,4.5,0.88,1.7,7.5,9.3,1.7,0.7,0.4,1.5,2.0,17.6,22.4,0.614,0.453,0.365,7.0,29.8,18.6,9.8,1.3,1.2,9.6,25.1,4.7,1.6,6.4,0.185,4.5,-1.3,3.3,2.2,24119025.0,14.9,0.547,0.243,0.122,0.095,0.089,0.661,0.315,0.391,0.385,0.645,0.978,0.008,5,0.297,0.378,0,0,3
Maurice Harkless,SF,24,POR,59,36,21.4,2.5,5.0,0.495,0.8,2.0,0.415,1.7,3.0,0.547,0.577,0.7,1.0,0.712,0.8,2.0,2.7,0.9,0.8,0.7,0.7,1.7,6.5,12.6,0.596,0.397,0.199,4.0,9.9,7.0,6.0,1.9,2.8,11.0,12.6,1.6,1.7,3.2,0.123,-0.4,1.7,1.4,1.1,10162922.0,11.2,0.603,0.458,0.098,0.007,0.04,0.618,0.31,0.5,0.333,0.602,0.98,0.135,30,0.441,0.404,0,0,0
Jimmy Butler,SG,28,MIN,59,59,36.7,7.4,15.6,0.474,1.2,3.4,0.35,6.2,12.2,0.509,0.512,6.2,7.2,0.854,1.3,4.0,5.3,4.9,2.0,0.4,1.8,1.3,22.2,23.7,0.59,0.217,0.461,4.2,12.7,8.4,20.6,2.7,1.0,8.9,24.9,7.1,1.8,8.9,0.198,5.0,0.7,5.8,4.2,19301070.0,12.1,0.783,0.251,0.168,0.208,0.155,0.662,0.49,0.432,0.385,0.332,0.757,0.047,41,0.205,0.439,2,0,1
Vince Carter,SF,41,SAC,58,5,17.7,2.0,4.9,0.403,1.0,2.8,0.345,1.0,2.0,0.483,0.504,0.5,0.6,0.757,0.3,2.2,2.6,1.2,0.7,0.4,0.6,1.7,5.4,10.8,0.523,0.583,0.131,1.9,15.1,8.2,9.7,2.1,2.4,10.7,14.7,0.3,0.9,1.2,0.056,-1.9,0.7,-1.2,0.2,8000000.0,18.2,0.417,0.17,0.092,0.042,0.113,0.583,0.308,0.583,0.438,0.474,0.982,0.039,10,0.145,0.292,2,0,4
Aaron Gordon,PF,22,ORL,58,57,32.9,6.5,14.9,0.434,2.0,5.9,0.336,4.5,9.0,0.497,0.5,2.7,3.9,0.698,1.5,6.4,7.9,2.3,1.0,0.8,1.8,1.9,17.6,16.5,0.53,0.395,0.26,5.0,21.5,13.2,11.7,1.5,1.9,10.0,24.7,0.9,2.0,2.9,0.072,0.9,-0.6,0.3,1.1,0.0,14.1,0.605,0.275,0.109,0.106,0.114,0.718,0.287,0.38,0.273,0.488,0.835,0.111,92,0.199,0.368,0,0,3
Chris Paul,PG,32,HOU,58,58,31.8,6.3,13.8,0.46,2.5,6.5,0.38,3.8,7.2,0.532,0.55,3.5,3.8,0.919,0.6,4.8,5.4,7.9,1.7,0.2,2.2,2.4,18.6,24.4,0.604,0.475,0.277,2.3,16.7,9.5,40.9,2.6,0.6,12.5,24.5,7.5,2.7,10.2,0.265,5.2,1.8,7.1,4.2,24599495.0,17.6,0.525,0.093,0.104,0.218,0.11,0.662,0.446,0.506,0.557,0.081,0.243,0.0,0,0.142,0.5,4,0,3
José Calderón,PG,36,CLE,57,32,16.0,1.6,3.2,0.503,0.8,1.7,0.464,0.8,1.5,0.545,0.624,0.4,0.5,0.8,0.2,1.2,1.5,2.1,0.5,0.0,0.7,1.4,4.5,11.3,0.643,0.524,0.162,1.7,8.5,5.2,17.4,1.4,0.2,17.1,11.6,1.5,0.3,1.8,0.095,-1.4,-0.5,-1.9,0.0,0.0,17.8,0.476,0.178,0.043,0.076,0.178,0.667,0.625,0.5,0.424,0.229,0.822,0.0,0,0.155,0.6,0,0,4
Rudy Gay,PF,31,SAS,57,6,21.6,4.4,9.4,0.471,0.6,2.1,0.314,3.8,7.4,0.516,0.506,2.0,2.5,0.772,1.3,3.8,5.1,1.3,0.8,0.7,1.4,1.7,11.5,18.0,0.545,0.22,0.27,6.8,19.5,13.1,9.8,1.9,2.6,11.5,24.6,1.0,2.1,3.1,0.122,0.2,0.6,0.8,0.9,8406000.0,11.7,0.78,0.261,0.207,0.218,0.095,0.679,0.396,0.504,0.353,0.403,0.865,0.071,32,0.246,0.31,6,0,0
Evan Fournier,SF,25,ORL,57,57,32.2,6.5,14.1,0.459,2.2,5.9,0.379,4.2,8.2,0.516,0.538,2.6,3.0,0.867,0.4,2.8,3.2,2.9,0.8,0.3,1.7,2.4,17.8,15.5,0.577,0.418,0.216,1.4,9.5,5.4,14.8,1.3,0.7,9.8,23.3,2.4,0.9,3.3,0.087,0.8,-1.4,-0.6,0.7,17000000.0,15.0,0.582,0.209,0.165,0.094,0.115,0.667,0.439,0.32,0.511,0.573,0.843,0.01,8,0.17,0.509,1,0,3
Patrick McCaw,SG,22,GSW,57,10,16.9,1.6,3.9,0.409,0.3,1.4,0.238,1.3,2.5,0.503,0.451,0.5,0.6,0.765,0.3,1.2,1.4,1.4,0.8,0.2,0.7,1.2,4.0,7.4,0.477,0.356,0.151,2.0,7.2,4.8,10.6,2.2,0.8,14.6,12.8,-0.3,0.8,0.6,0.029,-4.3,0.1,-4.1,-0.5,1312611.0,12.9,0.644,0.347,0.133,0.062,0.107,0.654,0.333,0.357,0.292,0.699,1.0,0.058,8,0.275,0.455,1,0,4
Tim Hardaway Jr.,SG,25,NYK,57,54,33.1,6.3,15.0,0.421,2.3,7.2,0.317,4.0,7.8,0.516,0.496,2.6,3.1,0.816,0.6,3.4,3.9,2.7,1.1,0.2,1.6,2.2,17.5,14.4,0.533,0.479,0.209,1.9,11.3,6.6,12.7,1.6,0.5,9.0,23.8,1.6,1.1,2.6,0.067,0.5,-1.1,-0.6,0.7,17325000.0,16.4,0.521,0.222,0.089,0.091,0.119,0.642,0.276,0.513,0.461,0.504,0.792,0.028,21,0.124,0.373,2,0,6
Nikola Vučević,C,27,ORL,57,57,29.5,7.0,14.7,0.475,1.1,3.6,0.314,5.9,11.2,0.527,0.513,1.4,1.6,0.819,1.8,7.4,9.2,3.4,1.0,1.1,1.9,2.5,16.5,19.7,0.533,0.243,0.112,6.6,27.8,17.1,19.9,1.6,3.0,11.0,25.9,1.3,2.3,3.6,0.102,1.7,1.0,2.7,2.0,0.0,12.7,0.757,0.213,0.223,0.154,0.168,0.743,0.481,0.349,0.475,0.672,1.0,0.04,29,0.01,0.5,0,0,3
Tyler Dorsey,SG,21,ATL,56,5,17.4,2.6,6.8,0.377,1.3,3.6,0.362,1.3,3.3,0.393,0.471,0.8,1.1,0.714,0.3,2.0,2.3,1.4,0.3,0.1,0.7,1.1,7.2,10.0,0.494,0.521,0.165,1.9,12.9,7.4,12.5,0.9,0.4,8.3,20.0,0.0,0.4,0.4,0.02,-1.4,-1.5,-2.9,-0.2,1378242.0,17.6,0.479,0.173,0.094,0.068,0.147,0.5,0.333,0.192,0.393,0.444,0.819,0.01,3,0.146,0.31,3,0,4
Rudy Gobert,C,25,UTA,56,56,32.4,4.9,7.9,0.622,0.0,0.0,0.0,4.9,7.9,0.622,0.622,3.6,5.3,0.682,2.9,7.8,10.7,1.4,0.8,2.3,1.9,2.7,13.5,20.7,0.657,0.0,0.673,10.4,27.0,18.8,6.9,1.2,6.0,15.7,16.9,4.2,3.9,8.1,0.214,0.9,2.5,3.4,2.5,21924719.0,2.4,1.0,0.757,0.194,0.023,0.025,0.726,0.314,0.1,0.364,0.772,0.0,0.369,151,0.0,0.0,0,0,5
Ben McLemore,SG,24,MEM,56,17,19.5,2.8,6.7,0.421,1.0,2.8,0.346,1.8,3.8,0.477,0.495,0.9,1.1,0.828,0.6,1.9,2.5,0.9,0.7,0.3,1.1,2.5,7.5,9.7,0.526,0.426,0.172,3.5,11.4,7.4,7.5,1.8,1.3,13.2,19.0,-0.2,0.7,0.5,0.023,-2.9,-1.0,-3.9,-0.5,5200000.0,14.8,0.574,0.241,0.126,0.062,0.145,0.6,0.34,0.522,0.37,0.706,0.964,0.024,8,0.283,0.378,1,0,4
Andrew Harrison,PG,23,MEM,56,46,23.7,3.2,7.7,0.422,0.8,2.5,0.331,2.4,5.1,0.467,0.477,2.2,2.8,0.78,0.4,1.9,2.3,3.2,0.7,0.5,1.4,2.5,9.5,12.7,0.534,0.331,0.371,2.0,9.7,5.7,21.3,1.4,1.8,14.0,19.6,1.0,0.7,1.7,0.062,-1.0,-0.5,-1.5,0.2,1312611.0,13.2,0.669,0.301,0.124,0.082,0.163,0.574,0.396,0.286,0.414,0.134,0.745,0.005,1,0.289,0.317,0,0,0
Cristiano Felício,C,25,CHI,55,16,17.8,2.3,3.9,0.591,0.0,0.0,0.0,2.3,3.9,0.596,0.591,1.0,1.5,0.667,1.5,2.7,4.2,1.0,0.3,0.2,1.0,1.9,5.6,12.5,0.614,0.009,0.377,8.8,17.1,12.8,8.4,0.8,1.0,17.7,13.6,1.2,0.5,1.7,0.086,-2.8,-1.1,-3.9,-0.5,0.0,4.2,0.991,0.637,0.2,0.07,0.084,0.693,0.512,0.2,0.389,0.756,0.0,0.102,20,0.0,0.0,0,0,2
JaMychal Green,PF,27,MEM,55,54,28.0,4.1,8.9,0.457,0.8,2.3,0.339,3.3,6.6,0.499,0.501,1.5,2.0,0.721,2.7,5.8,8.4,1.4,0.6,0.5,1.4,2.8,10.3,14.0,0.53,0.26,0.227,10.8,24.4,17.4,8.3,1.0,1.5,12.4,17.8,1.3,1.3,2.6,0.079,-0.8,-1.5,-2.3,-0.1,8533333.0,10.5,0.74,0.447,0.086,0.064,0.143,0.624,0.214,0.226,0.4,0.583,0.977,0.111,48,0.417,0.358,0,0,0
Miles Plumlee,C,29,ATL,55,35,16.7,1.9,3.3,0.583,0.0,0.0,0.0,1.9,3.3,0.583,0.583,0.5,1.1,0.45,1.4,2.7,4.1,0.8,0.3,0.5,1.1,1.4,4.3,10.6,0.574,0.0,0.333,9.4,18.3,13.9,7.2,0.9,2.8,23.4,12.8,0.1,0.7,0.9,0.046,-3.7,-0.1,-3.8,-0.4,12500000.0,3.0,1.0,0.65,0.267,0.061,0.022,0.709,0.333,0.455,0.25,0.781,0.0,0.35,55,0.0,0.0,0,0,2
Doug McDermott,SF,26,NYK,55,1,21.3,2.7,6.0,0.46,1.0,2.5,0.387,1.8,3.5,0.513,0.541,0.7,1.0,0.755,0.6,1.8,2.4,0.9,0.2,0.2,0.6,1.3,7.2,9.9,0.562,0.418,0.162,3.1,9.5,6.3,6.0,0.4,0.9,8.8,14.4,1.1,0.3,1.3,0.055,-0.7,-1.4,-2.1,0.0,3294994.0,13.7,0.582,0.348,0.07,0.055,0.11,0.658,0.261,0.389,0.278,0.806,1.0,0.04,11,0.307,0.429,0,0,4
Marcus Smart,SG,23,BOS,54,11,29.9,3.5,9.5,0.367,1.4,4.6,0.301,2.1,4.9,0.429,0.44,1.8,2.5,0.729,0.8,2.7,3.5,4.8,1.3,0.4,2.4,2.5,10.2,10.8,0.479,0.483,0.258,3.0,9.8,6.4,23.7,2.2,1.2,18.4,19.4,-0.6,2.5,1.9,0.056,-2.1,1.0,-1.2,0.3,0.0,16.3,0.517,0.177,0.161,0.095,0.083,0.593,0.301,0.388,0.372,0.333,0.76,0.012,5,0.145,0.278,3,0,6
Hassan Whiteside,C,28,MIA,54,54,25.3,5.8,10.7,0.54,0.0,0.0,1.0,5.7,10.7,0.538,0.542,2.4,3.4,0.703,3.2,8.2,11.4,1.0,0.7,1.7,1.7,2.4,14.0,24.1,0.573,0.003,0.315,14.3,36.6,25.4,6.9,1.4,5.9,12.3,24.7,2.3,3.0,5.3,0.187,1.5,1.1,2.6,1.6,25434262.0,5.6,0.997,0.434,0.33,0.151,0.081,0.713,0.445,0.31,0.404,0.587,1.0,0.168,89,0.0,0.0,0,0,5
Paul Zipser,SF,23,CHI,54,12,15.3,1.5,4.3,0.346,0.7,2.0,0.336,0.8,2.3,0.355,0.425,0.4,0.5,0.76,0.2,2.2,2.4,0.9,0.4,0.3,0.8,1.6,4.0,5.2,0.445,0.47,0.107,1.6,16.0,8.5,8.0,1.2,1.6,14.9,15.2,-1.1,0.6,-0.6,-0.034,-5.5,-0.5,-6.1,-0.8,1312611.0,16.9,0.53,0.15,0.12,0.077,0.184,0.629,0.214,0.389,0.209,0.591,0.973,0.026,6,0.209,0.391,0,0,4
Malcolm Delaney,PG,28,ATL,54,3,18.8,2.0,5.3,0.382,0.9,2.3,0.371,1.2,3.0,0.391,0.463,1.4,1.7,0.804,0.2,1.7,1.9,3.0,0.6,0.1,1.2,1.5,6.3,10.6,0.519,0.435,0.323,1.0,10.0,5.5,23.4,1.7,0.5,16.9,16.9,0.4,0.6,1.0,0.047,-2.2,-0.4,-2.6,-0.1,0.0,16.7,0.565,0.168,0.095,0.084,0.218,0.542,0.111,0.375,0.403,0.397,0.739,0.004,1,0.226,0.429,1,0,4
Devin Booker,SG,21,PHO,54,54,34.5,8.4,19.5,0.432,2.7,7.1,0.383,5.7,12.4,0.46,0.501,5.4,6.1,0.878,0.5,4.0,4.5,4.7,0.9,0.3,3.6,3.1,24.9,18.1,0.561,0.364,0.312,1.5,12.7,7.0,24.4,1.2,0.6,13.9,31.7,1.9,0.6,2.4,0.063,2.9,-2.0,0.9,1.4,2319360.0,15.1,0.636,0.18,0.143,0.176,0.137,0.611,0.351,0.4,0.451,0.338,0.612,0.013,13,0.112,0.419,4,0,3
Marcus Morris,PF,28,BOS,54,21,26.7,4.9,11.3,0.429,1.6,4.3,0.368,3.3,7.0,0.467,0.499,2.3,2.9,0.805,0.8,4.6,5.4,1.3,0.6,0.2,1.2,1.9,13.6,14.5,0.541,0.383,0.252,3.3,18.4,11.0,8.2,1.2,0.7,8.7,23.0,1.1,2.2,3.2,0.108,-0.1,-0.1,-0.1,0.7,0.0,16.5,0.617,0.139,0.128,0.16,0.19,0.612,0.41,0.398,0.457,0.483,0.919,0.018,10,0.175,0.341,9,0,6
Jordan Clarkson,SG,25,LAL,53,2,23.7,5.6,12.6,0.448,1.3,4.0,0.324,4.4,8.6,0.505,0.499,2.0,2.5,0.795,0.8,2.2,3.0,3.3,0.7,0.1,1.8,1.2,14.5,16.9,0.532,0.315,0.198,3.8,9.7,6.7,22.9,1.5,0.2,11.6,27.7,1.1,1.0,2.1,0.08,1.9,-1.1,0.8,0.9,12500000.0,13.2,0.685,0.264,0.147,0.121,0.153,0.67,0.429,0.346,0.422,0.273,0.794,0.015,9,0.114,0.292,0,0,6
Tristan Thompson,C,26,CLE,53,22,20.2,2.5,4.4,0.562,0.0,0.0,0.0,2.5,4.4,0.562,0.562,0.8,1.5,0.544,2.4,4.3,6.6,0.6,0.3,0.3,0.7,1.9,5.8,13.6,0.569,0.0,0.336,13.4,23.3,18.4,4.3,0.7,1.3,11.8,12.6,1.8,0.7,2.5,0.113,-1.0,-1.9,-2.9,-0.2,17469565.0,3.2,1.0,0.664,0.255,0.06,0.026,0.673,0.35,0.286,0.333,0.712,0.0,0.196,40,0.0,0.0,0,0,2
Jae Crowder,SF,27,CLE,53,47,25.4,3.0,7.1,0.418,1.2,3.6,0.328,1.8,3.5,0.508,0.5,1.5,1.7,0.848,0.8,2.5,3.3,1.1,0.8,0.2,0.8,2.3,8.6,10.2,0.545,0.503,0.245,3.5,10.8,7.2,6.0,1.5,0.8,9.2,15.1,1.1,0.6,1.7,0.059,-1.9,-1.0,-3.0,-0.3,6796117.0,15.9,0.497,0.279,0.064,0.024,0.13,0.676,0.25,0.222,0.327,0.832,0.952,0.003,0,0.254,0.396,0,0,4
Mike Muscala,C,26,ATL,53,7,20.0,2.7,5.9,0.458,1.2,3.2,0.371,1.5,2.7,0.559,0.558,1.1,1.2,0.919,1.1,3.3,4.3,1.0,0.6,0.5,0.8,1.5,7.6,14.4,0.597,0.535,0.199,5.9,18.3,12.1,7.3,1.4,2.2,11.0,15.7,1.5,0.9,2.4,0.109,0.3,0.1,0.3,0.6,5000000.0,15.8,0.465,0.231,0.096,0.103,0.038,0.694,0.367,0.438,0.5,0.654,1.0,0.042,10,0.329,0.491,0,0,4
Timothé Luwawu-Cabarrot,SF,22,PHI,52,7,15.5,1.9,5.1,0.375,1.0,3.0,0.335,0.9,2.1,0.431,0.474,0.9,1.1,0.793,0.3,1.1,1.4,1.0,0.2,0.1,0.7,1.9,5.8,7.0,0.511,0.592,0.217,1.9,7.5,4.8,9.3,0.7,0.5,11.5,17.5,0.1,0.7,0.8,0.046,-3.1,-1.1,-4.1,-0.4,0.0,16.2,0.408,0.288,0.075,0.004,0.041,0.545,0.1,1.0,0.182,0.851,0.962,0.011,1,0.291,0.348,0,0,4
Michael Carter-Williams,PG,26,CHO,52,2,16.1,1.5,4.4,0.332,0.3,1.1,0.237,1.2,3.3,0.365,0.362,1.4,1.7,0.82,0.7,1.9,2.7,2.2,0.8,0.4,1.0,1.9,4.6,10.8,0.446,0.258,0.389,4.7,13.3,8.9,19.4,2.6,2.3,16.2,16.6,-0.2,1.1,0.9,0.05,-3.3,1.8,-1.5,0.1,0.0,11.3,0.742,0.314,0.214,0.1,0.114,0.556,0.224,0.217,0.231,0.339,0.857,0.035,8,0.373,0.227,0,0,4
Lonzo Ball,PG,20,LAL,52,50,34.2,3.9,10.8,0.36,1.7,5.7,0.305,2.2,5.2,0.42,0.44,0.6,1.4,0.451,1.3,5.6,6.9,7.2,1.7,0.8,2.6,2.3,10.2,12.5,0.444,0.523,0.126,4.2,17.3,10.8,29.2,2.4,2.0,18.6,17.4,-0.5,2.5,2.0,0.053,-0.7,1.6,1.0,1.3,6286560.0,16.1,0.477,0.273,0.092,0.053,0.059,0.494,0.269,0.4,0.333,0.327,0.744,0.03,15,0.115,0.235,3,0,6
Marco Belinelli,SG,31,ATL,52,1,23.3,3.8,9.3,0.41,1.8,4.8,0.372,2.1,4.6,0.45,0.505,1.9,2.1,0.927,0.3,1.7,1.9,2.0,0.9,0.1,1.0,0.8,11.4,14.1,0.554,0.509,0.225,1.3,7.9,4.6,13.5,1.9,0.2,9.2,21.2,1.3,0.6,1.9,0.075,0.6,-0.8,-0.2,0.5,0.0,18.9,0.491,0.122,0.045,0.074,0.247,0.576,0.273,0.472,0.417,0.738,0.837,0.01,3,0.15,0.432,2,0,6
Frank Mason III,PG,23,SAC,52,2,18.9,2.8,7.3,0.379,0.6,1.7,0.36,2.2,5.7,0.384,0.42,1.8,2.2,0.817,0.6,1.9,2.5,2.8,0.7,0.2,1.3,1.4,7.9,13.0,0.48,0.226,0.303,3.3,12.1,7.5,22.7,1.7,1.0,13.1,22.6,0.0,0.6,0.5,0.027,-1.3,-1.0,-2.3,-0.1,1184385.0,12.4,0.774,0.279,0.203,0.1,0.192,0.462,0.299,0.316,0.397,0.257,0.484,0.003,1,0.105,0.333,4,0,4
Kris Dunn,PG,23,CHI,52,43,29.3,5.5,12.8,0.429,0.8,2.6,0.321,4.7,10.2,0.457,0.462,1.6,2.2,0.737,0.5,3.8,4.3,6.0,2.0,0.5,2.9,3.3,13.4,14.5,0.488,0.201,0.171,1.6,14.4,7.8,33.3,3.3,1.6,17.3,24.7,-1.0,1.9,0.9,0.027,-2.4,1.1,-1.3,0.3,4221000.0,12.0,0.799,0.263,0.168,0.179,0.189,0.543,0.393,0.387,0.46,0.173,0.628,0.033,19,0.134,0.389,1,0,0
Tyreke Evans,PG,28,MEM,52,32,30.9,7.0,15.6,0.452,2.2,5.5,0.399,4.8,10.1,0.482,0.523,3.2,4.0,0.785,0.8,4.3,5.1,5.2,1.1,0.3,2.3,1.8,19.4,21.1,0.561,0.354,0.258,3.1,16.3,9.5,31.2,1.8,1.0,11.5,28.4,3.1,1.2,4.2,0.126,4.9,-0.5,4.5,2.6,3290000.0,12.1,0.646,0.412,0.121,0.01,0.104,0.544,0.357,0.25,0.405,0.226,0.482,0.004,3,0.052,0.267,1,0,3
Jason Terry,SG,40,MIL,51,4,16.0,1.2,3.0,0.383,0.8,2.3,0.348,0.4,0.8,0.487,0.513,0.2,0.2,0.889,0.1,0.8,0.9,1.2,0.8,0.3,0.5,1.0,3.3,8.1,0.525,0.747,0.058,0.7,6.2,3.5,9.7,2.6,1.4,13.7,10.1,0.1,0.6,0.7,0.042,-2.6,0.6,-2.0,0.0,0.0,20.8,0.253,0.084,0.026,0.058,0.084,0.538,0.25,0.667,0.385,0.579,0.975,0.0,0,0.478,0.4,1,0,4
Dante Cunningham,SF,30,NOP,51,24,21.9,1.9,4.4,0.44,0.7,2.1,0.324,1.3,2.3,0.547,0.518,0.4,0.7,0.556,1.0,2.8,3.8,0.5,0.5,0.3,0.3,1.5,5.0,8.4,0.525,0.48,0.16,5.0,13.4,9.4,3.0,1.2,1.1,6.2,10.0,0.7,0.9,1.6,0.067,-1.9,-0.1,-2.0,0.0,0.0,13.3,0.52,0.347,0.08,0.049,0.044,0.615,0.389,0.182,0.7,0.875,0.971,0.049,8,0.676,0.356,0,0,4
Stephen Curry,PG,29,GSW,51,51,32.0,8.4,16.9,0.495,4.2,9.8,0.423,4.2,7.1,0.595,0.618,5.5,5.9,0.921,0.7,4.4,5.1,6.1,1.6,0.2,3.0,2.2,26.4,28.2,0.675,0.58,0.35,2.7,14.4,9.0,30.3,2.4,0.4,13.3,31.0,7.2,1.9,9.1,0.267,7.8,0.0,7.7,4.0,37457154.0,18.4,0.42,0.175,0.065,0.073,0.108,0.669,0.429,0.54,0.613,0.417,0.618,0.001,1,0.134,0.358,8,0,1
Tobias Harris,PF,25,DET,48,48,32.6,6.7,14.8,0.451,2.4,5.8,0.409,4.3,9.0,0.478,0.531,2.4,2.8,0.846,0.8,4.3,5.1,2.0,0.7,0.3,1.1,1.9,18.1,16.7,0.564,0.389,0.192,2.5,15.0,8.6,9.9,1.1,0.9,6.2,23.2,2.6,1.5,4.1,0.125,2.2,-0.5,1.7,1.5,16000000.0,14.4,0.611,0.192,0.182,0.165,0.072,0.625,0.426,0.436,0.314,0.488,0.858,0.049,32,0.217,0.417,1,0,3
Kristaps Porziņģis,PF,22,NYK,48,48,32.4,8.1,18.5,0.439,1.9,4.8,0.395,6.3,13.8,0.454,0.489,4.5,5.7,0.793,1.3,5.3,6.6,1.2,0.8,2.4,1.9,2.9,22.7,20.4,0.539,0.256,0.309,4.4,18.1,11.3,6.2,1.1,6.4,8.4,31.0,1.4,1.8,3.2,0.099,1.9,-0.1,1.8,1.5,0.0,14.4,0.744,0.156,0.156,0.264,0.165,0.604,0.381,0.43,0.422,0.647,0.989,0.067,53,0.053,0.583,5,0,3
Jawun Evans,PG,21,LAC,48,4,16.2,1.9,5.3,0.352,0.3,1.1,0.278,1.5,4.1,0.372,0.381,0.8,1.0,0.776,0.2,1.6,1.8,2.1,0.8,0.1,0.9,2.0,4.8,7.2,0.421,0.213,0.194,1.3,10.4,5.9,17.8,2.3,0.6,13.8,17.7,-0.8,0.6,-0.2,-0.011,-5.4,0.4,-5.0,-0.6,815615.0,12.4,0.787,0.277,0.194,0.095,0.217,0.457,0.265,0.583,0.273,0.392,0.733,0.0,0,0.296,0.25,3,0,4
Richaun Holmes,C,24,PHI,48,2,15.5,2.8,5.0,0.56,0.1,0.6,0.129,2.7,4.4,0.624,0.568,0.8,1.2,0.661,1.2,3.2,4.4,1.3,0.4,0.6,0.5,2.0,6.5,17.4,0.585,0.129,0.232,8.6,21.4,15.2,12.3,1.3,3.2,8.6,16.6,1.6,1.3,2.8,0.183,-0.3,1.4,1.1,0.6,1600520.0,7.1,0.871,0.51,0.22,0.087,0.058,0.797,0.415,0.381,0.214,0.771,1.0,0.29,67,0.097,0.0,1,0,2
D'Angelo Russell,PG,21,BRK,48,35,25.7,5.8,14.0,0.414,1.9,5.8,0.324,3.9,8.2,0.477,0.481,2.0,2.7,0.74,0.6,3.3,3.9,5.2,0.8,0.4,3.1,1.9,15.5,15.2,0.509,0.414,0.195,2.6,13.8,8.1,35.7,1.4,1.0,16.8,30.8,-0.5,0.9,0.4,0.014,0.8,-2.0,-1.2,0.3,7019698.0,15.5,0.586,0.159,0.176,0.134,0.118,0.636,0.356,0.467,0.456,0.144,0.644,0.003,2,0.094,0.385,0,0,6
DeMarcus Cousins,C,27,NOP,48,48,36.2,8.5,18.0,0.47,2.2,6.1,0.354,6.3,11.9,0.53,0.53,6.1,8.2,0.746,2.2,10.7,12.9,5.4,1.6,1.6,5.0,3.8,25.2,22.6,0.583,0.34,0.456,6.8,30.9,19.2,23.0,2.2,3.5,18.9,31.9,1.5,3.2,4.7,0.13,2.5,2.2,4.7,2.9,18063850.0,11.8,0.66,0.375,0.175,0.041,0.069,0.633,0.411,0.486,0.3,0.411,0.942,0.056,44,0.02,0.167,3,0,1
Malcolm Brogdon,PG,25,MIL,48,20,29.9,5.1,10.5,0.485,1.3,3.4,0.385,3.8,7.1,0.532,0.547,1.6,1.8,0.882,0.5,2.8,3.3,3.2,0.9,0.3,1.4,2.7,13.0,14.3,0.578,0.32,0.169,1.9,10.8,6.4,16.3,1.4,0.8,10.9,19.1,2.0,0.7,2.7,0.091,-0.1,-1.0,-1.2,0.3,1544951.0,11.7,0.68,0.374,0.127,0.115,0.064,0.66,0.297,0.414,0.469,0.396,0.726,0.022,11,0.261,0.476,1,0,0
Tyson Chandler,C,35,PHO,46,46,25.0,2.6,4.1,0.647,0.0,0.0,0.0,2.6,4.1,0.647,0.647,1.3,2.0,0.624,2.9,6.2,9.1,1.2,0.3,0.6,1.3,2.3,6.5,14.2,0.658,0.0,0.497,12.2,26.8,19.4,6.6,0.7,1.9,20.6,10.6,1.9,0.8,2.7,0.111,-0.8,-0.6,-1.4,0.2,13000000.0,1.0,1.0,0.93,0.053,0.005,0.011,0.672,0.2,1.0,0.5,0.669,0.0,0.412,65,0.0,0.0,0,0,2
Ersan İlyasova,PF,30,ATL,46,40,25.5,4.0,8.7,0.459,1.3,3.7,0.359,2.7,5.0,0.532,0.535,1.6,2.0,0.8,1.6,3.8,5.5,1.1,1.0,0.4,0.9,2.0,10.9,15.1,0.569,0.424,0.224,7.0,16.8,11.9,6.8,1.8,1.2,8.9,18.0,1.6,1.0,2.6,0.106,0.3,-0.5,-0.1,0.6,0.0,14.1,0.576,0.299,0.085,0.08,0.112,0.617,0.441,0.469,0.422,0.797,0.967,0.015,6,0.365,0.484,0,0,0
James Ennis III,SF,27,MEM,45,14,23.4,2.4,4.9,0.486,0.7,1.9,0.357,1.7,3.1,0.565,0.554,1.4,1.6,0.877,1.2,2.3,3.5,1.1,0.7,0.3,0.8,1.8,6.9,11.9,0.61,0.378,0.329,5.7,11.7,8.6,7.0,1.5,1.1,13.0,12.5,1.5,0.6,2.0,0.093,-0.5,-0.1,-0.6,0.4,0.0,12.5,0.622,0.365,0.099,0.086,0.072,0.716,0.273,0.421,0.375,0.641,1.0,0.095,18,0.345,0.379,0,0,0
Reggie Jackson,PG,27,DET,45,45,26.7,5.5,12.8,0.426,1.2,3.8,0.308,4.3,9.1,0.475,0.471,2.5,3.0,0.836,0.6,2.1,2.8,5.3,0.6,0.1,2.2,1.9,14.6,15.9,0.516,0.293,0.232,2.6,9.0,5.7,32.8,1.1,0.3,13.5,27.1,1.1,0.9,2.0,0.078,1.0,-1.4,-0.4,0.5,17043478.0,13.7,0.707,0.156,0.251,0.172,0.128,0.6,0.434,0.515,0.351,0.088,0.577,0.009,3,0.142,0.417,3,0,6
Miloš Teodosić,PG,30,LAC,45,36,25.2,3.4,8.0,0.419,2.0,5.2,0.379,1.4,2.8,0.492,0.542,0.9,1.0,0.848,0.4,2.4,2.8,4.6,0.5,0.1,2.2,2.3,9.5,11.6,0.564,0.644,0.128,1.6,10.5,6.1,26.2,1.0,0.4,20.3,18.2,0.9,0.5,1.4,0.058,-0.3,-1.5,-1.7,0.1,0.0,20.7,0.356,0.064,0.036,0.083,0.172,0.652,0.385,0.533,0.435,0.302,0.705,0.0,0,0.082,0.421,0,0,6
Devin Harris,PG,34,DAL,44,1,18.3,2.7,6.5,0.415,1.0,2.8,0.352,1.7,3.6,0.465,0.493,2.1,2.5,0.83,0.2,1.7,1.9,1.9,0.8,0.2,1.1,2.3,8.5,13.5,0.56,0.44,0.394,1.2,10.8,5.8,16.4,2.1,0.9,12.8,21.5,0.7,0.7,1.4,0.085,-1.7,0.7,-1.0,0.2,4402546.0,14.0,0.56,0.331,0.137,0.035,0.056,0.628,0.256,0.2,0.188,0.608,0.841,0.0,0,0.2,0.32,5,0,4
Elfrid Payton,PG,23,ORL,44,44,28.6,5.4,10.4,0.52,0.6,1.5,0.373,4.8,8.9,0.545,0.547,1.6,2.6,0.632,1.1,2.9,4.0,6.3,1.5,0.4,2.6,2.2,13.0,18.1,0.564,0.146,0.249,4.1,11.2,7.6,35.5,2.5,1.0,18.3,21.8,1.6,1.1,2.7,0.104,1.0,0.1,1.1,1.0,3332340.0,8.2,0.854,0.41,0.26,0.107,0.076,0.702,0.403,0.408,0.371,0.23,0.88,0.013,5,0.313,0.429,0,0,0
George Hill,PG,31,SAC,43,36,26.6,3.6,7.6,0.469,1.3,3.0,0.453,2.2,4.6,0.48,0.558,1.8,2.3,0.778,0.5,2.2,2.7,2.8,0.9,0.3,1.4,1.7,10.3,14.0,0.597,0.393,0.304,2.1,9.9,5.8,15.5,1.7,1.0,14.0,16.9,1.6,0.6,2.1,0.09,0.0,-0.6,-0.5,0.4,19000000.0,15.5,0.607,0.172,0.15,0.132,0.153,0.679,0.429,0.349,0.42,0.295,0.741,0.006,2,0.211,0.481,1,0,6
Jameer Nelson,PG,35,NOP,43,0,20.9,2.0,4.8,0.41,0.9,2.6,0.364,1.0,2.2,0.463,0.507,0.3,0.4,0.765,0.3,2.0,2.2,3.6,0.5,0.1,1.3,1.6,5.1,8.9,0.52,0.537,0.083,1.4,9.9,5.8,22.2,1.2,0.3,20.9,13.0,0.3,0.6,0.8,0.045,-2.3,-0.3,-2.6,-0.1,0.0,18.8,0.463,0.141,0.059,0.083,0.18,0.621,0.333,0.412,0.405,0.386,0.65,0.0,0,0.145,0.313,1,0,4
Tyler Zeller,C,28,BRK,42,33,16.7,3.0,5.5,0.546,0.2,0.6,0.385,2.7,4.8,0.567,0.568,1.0,1.4,0.667,1.5,3.1,4.6,0.7,0.2,0.5,0.8,1.9,7.1,15.3,0.587,0.114,0.262,9.4,20.0,14.7,6.5,0.6,2.2,12.1,17.9,1.0,0.6,1.5,0.105,-0.7,-0.4,-1.0,0.2,1933941.0,6.0,0.886,0.476,0.336,0.035,0.039,0.651,0.494,0.25,0.444,0.757,1.0,0.039,7,0.731,0.526,0,0,2
Larry Nance Jr.,C,25,LAL,42,17,22.0,3.6,6.0,0.601,0.0,0.1,0.25,3.6,5.9,0.606,0.603,1.3,2.1,0.632,2.6,4.2,6.8,1.4,1.4,0.5,1.0,2.7,8.6,19.4,0.618,0.016,0.344,12.6,20.2,16.4,9.2,3.1,1.8,12.3,15.3,2.1,1.5,3.7,0.191,0.6,1.8,2.4,1.0,2272391.0,5.7,0.984,0.601,0.15,0.099,0.138,0.763,0.421,0.24,0.371,0.715,1.0,0.269,59,0.25,0.0,2,0,2
Emmanuel Mudiay,PG,21,DEN,42,0,17.9,3.1,7.7,0.401,0.9,2.4,0.373,2.2,5.2,0.414,0.46,1.5,1.9,0.808,0.4,1.9,2.2,2.9,0.5,0.1,1.7,1.1,8.5,12.3,0.504,0.317,0.242,2.4,11.6,7.0,24.1,1.4,0.4,16.8,24.8,0.0,0.3,0.3,0.019,-1.4,-2.1,-3.5,-0.3,4294480.0,12.9,0.683,0.23,0.22,0.143,0.09,0.5,0.394,0.348,0.345,0.33,0.763,0.012,4,0.206,0.571,2,0,4
John Wall,PG,27,WAS,41,41,34.4,6.8,16.3,0.42,1.5,4.1,0.371,5.3,12.2,0.436,0.466,4.3,5.9,0.726,0.5,3.1,3.7,9.6,1.4,1.1,3.9,2.0,19.4,19.1,0.515,0.25,0.361,1.8,10.2,6.0,44.5,2.0,2.8,17.0,29.1,1.2,1.5,2.7,0.092,3.5,-0.5,3.0,1.8,19169800.0,13.0,0.75,0.31,0.09,0.093,0.253,0.638,0.317,0.274,0.296,0.101,0.645,0.028,16,0.042,0.714,3,0,3
Gerald Green,SG,32,HOU,41,2,22.7,4.1,10.1,0.407,2.7,7.3,0.369,1.4,2.8,0.504,0.54,1.2,1.5,0.85,0.4,2.9,3.2,0.6,0.6,0.4,0.8,2.1,12.1,14.1,0.566,0.722,0.145,1.8,14.2,8.1,4.3,1.3,1.4,6.6,22.4,1.0,1.0,2.1,0.107,1.0,-0.8,0.3,0.5,872854.0,20.0,0.278,0.121,0.036,0.07,0.051,0.56,0.4,0.483,0.476,0.5,0.773,0.036,13,0.262,0.385,2,0,6
Avery Bradley,SG,27,DET,40,40,31.7,5.8,14.3,0.409,1.9,4.9,0.381,4.0,9.4,0.423,0.474,1.5,2.0,0.763,0.5,1.9,2.4,2.1,1.2,0.2,2.3,2.0,15.0,9.7,0.497,0.34,0.14,1.6,6.7,4.1,10.5,1.8,0.5,13.3,24.4,-1.4,1.1,-0.2,-0.009,-2.8,-1.1,-3.9,-0.6,8808989.0,14.6,0.66,0.221,0.125,0.098,0.216,0.571,0.338,0.375,0.341,0.704,0.919,0.025,11,0.314,0.459,0,0,6
Jerryd Bayless,SG,29,PHI,39,11,23.7,2.8,6.7,0.416,1.4,3.7,0.37,1.4,3.0,0.474,0.519,0.9,1.1,0.795,0.4,1.7,2.1,1.4,0.6,0.2,1.2,2.3,7.9,7.5,0.546,0.557,0.168,1.8,7.3,4.7,8.0,1.2,0.5,14.1,15.1,0.2,0.9,1.1,0.055,-2.7,-0.2,-2.8,-0.2,8575916.0,17.0,0.443,0.168,0.118,0.05,0.107,0.682,0.419,0.308,0.286,0.727,0.963,0.004,1,0.329,0.396,0,0,4
Andre Roberson,SG,26,OKC,39,39,26.6,2.2,4.2,0.537,0.2,0.9,0.222,2.0,3.2,0.627,0.562,0.3,1.0,0.316,1.9,2.8,4.7,1.2,1.2,0.9,0.8,2.3,5.0,10.9,0.543,0.222,0.235,7.8,12.2,9.9,6.0,2.2,3.1,14.4,8.6,0.8,1.3,2.2,0.1,-1.9,1.8,-0.1,0.5,9259260.0,6.1,0.778,0.716,0.056,0.0,0.006,0.681,0.0,0.0,0.0,0.759,1.0,0.136,20,0.583,0.19,0,0,2
Torrey Craig,SF,27,DEN,39,5,16.1,1.6,3.5,0.453,0.4,1.5,0.293,1.2,2.0,0.57,0.515,0.6,0.9,0.629,1.0,2.2,3.3,0.6,0.3,0.4,0.5,1.6,4.2,9.8,0.535,0.423,0.255,7.2,15.5,11.4,5.4,0.9,2.0,11.6,11.9,0.5,0.4,0.9,0.069,-2.2,-0.7,-2.9,-0.1,0.0,12.4,0.577,0.46,0.073,0.015,0.029,0.619,0.2,0.5,0.75,0.644,1.0,0.102,13,0.362,0.381,3,0,4
Rodney Hood,SG,25,UTA,39,12,27.8,6.0,14.2,0.424,2.6,6.7,0.389,3.4,7.4,0.455,0.516,2.2,2.5,0.876,0.4,2.5,2.8,1.7,0.8,0.2,1.6,1.6,16.8,15.1,0.551,0.475,0.176,1.5,10.1,5.8,10.4,1.4,0.5,9.6,27.3,0.6,1.3,1.9,0.085,1.6,-1.0,0.5,0.7,0.0,17.6,0.525,0.087,0.13,0.139,0.168,0.625,0.431,0.416,0.419,0.318,0.706,0.02,11,0.141,0.351,0,0,6
Thabo Sefolosha,SF,33,UTA,38,6,21.2,3.1,6.3,0.492,0.8,2.2,0.381,2.3,4.1,0.551,0.558,1.2,1.4,0.815,0.8,3.5,4.2,0.9,1.4,0.3,0.8,1.6,8.2,15.8,0.591,0.35,0.225,4.1,18.4,11.3,6.3,3.2,1.3,10.2,16.4,1.0,1.6,2.6,0.156,0.2,2.5,2.7,0.9,5500000.0,12.3,0.65,0.333,0.121,0.096,0.1,0.688,0.379,0.435,0.417,0.64,0.906,0.042,9,0.548,0.457,0,0,0
Paul Millsap,PF,32,DEN,38,37,30.1,5.3,11.4,0.464,1.0,3.0,0.345,4.3,8.5,0.506,0.509,2.9,4.2,0.696,1.7,4.7,6.4,2.8,1.0,1.2,1.9,2.6,14.6,17.0,0.549,0.26,0.37,6.4,17.6,12.1,13.9,1.7,3.2,12.6,22.0,1.4,1.1,2.5,0.107,0.4,0.0,0.4,0.7,31269231.0,11.3,0.74,0.2,0.326,0.168,0.048,0.644,0.486,0.452,0.238,0.491,0.949,0.039,16,0.177,0.5,1,0,0
Matthew Dellavedova,PG,27,MIL,38,3,18.7,1.4,4.0,0.362,0.8,2.1,0.372,0.7,1.9,0.351,0.457,0.7,0.7,0.926,0.4,1.3,1.7,3.8,0.4,0.0,1.3,1.8,4.3,8.6,0.5,0.513,0.178,2.3,8.2,5.3,27.4,1.0,0.0,23.0,13.5,0.3,0.2,0.5,0.032,-2.4,-2.0,-4.4,-0.4,9607500.0,17.4,0.487,0.079,0.217,0.105,0.086,0.583,0.242,0.438,0.308,0.269,0.897,0.0,0,0.141,0.455,0,0,4
C.J. Williams,SG,27,LAC,38,17,18.6,2.3,5.2,0.442,0.6,2.1,0.282,1.7,3.1,0.546,0.497,0.3,0.4,0.813,0.3,1.2,1.5,1.1,0.8,0.3,0.5,1.7,5.5,9.5,0.512,0.396,0.081,1.9,6.7,4.4,8.5,2.1,1.5,8.9,13.7,0.3,0.5,0.7,0.051,-2.8,0.7,-2.1,0.0,375000.0,14.2,0.604,0.228,0.142,0.142,0.091,0.756,0.393,0.464,0.389,0.677,0.773,0.015,3,0.333,0.269,0,0,4
Luke Babbitt,SF,28,ATL,37,9,15.4,2.2,4.5,0.476,1.3,3.0,0.441,0.8,1.5,0.544,0.622,0.5,0.6,0.773,0.1,2.1,2.2,0.7,0.2,0.1,0.4,1.3,6.1,12.0,0.636,0.661,0.131,1.0,14.9,7.9,7.0,0.6,0.8,7.8,14.8,0.9,0.3,1.1,0.094,0.4,-1.1,-0.7,0.2,0.0,20.0,0.339,0.054,0.071,0.125,0.089,0.444,0.667,0.476,0.6,0.548,0.98,0.012,2,0.27,0.433,0,0,4
Alex Caruso,PG,23,LAL,37,7,15.2,1.4,3.1,0.431,0.4,1.2,0.302,1.0,2.0,0.507,0.487,0.6,0.8,0.7,0.4,1.4,1.8,2.0,0.6,0.3,1.1,1.4,3.6,8.7,0.519,0.371,0.259,2.9,9.4,6.2,17.8,2.0,1.4,24.5,12.9,-0.1,0.6,0.5,0.041,-3.8,0.9,-2.9,-0.1,0.0,13.5,0.629,0.319,0.121,0.112,0.078,0.703,0.429,0.231,0.222,0.514,0.615,0.052,4,0.116,0.0,1,0,4
Trey Burke,PG,25,NYK,36,9,21.8,5.4,10.7,0.503,1.1,2.9,0.362,4.3,7.8,0.556,0.552,1.0,1.6,0.649,0.4,1.6,2.0,4.7,0.7,0.1,1.2,1.2,12.8,21.0,0.563,0.273,0.148,1.8,8.2,5.0,36.4,1.5,0.4,9.5,25.1,2.0,0.3,2.4,0.145,3.9,-1.4,2.5,0.9,1544951.0,15.6,0.727,0.161,0.102,0.169,0.294,0.726,0.41,0.462,0.566,0.226,0.789,0.003,1,0.133,0.429,3,0,6
Chandler Parsons,SF,29,MEM,36,8,19.2,3.0,6.5,0.462,1.4,3.4,0.421,1.6,3.1,0.504,0.571,0.5,0.8,0.63,0.4,2.1,2.5,1.9,0.5,0.3,1.0,1.5,7.9,13.6,0.578,0.517,0.115,2.3,13.0,7.5,16.4,1.3,1.5,12.5,18.3,0.7,0.4,1.1,0.077,1.2,-0.4,0.8,0.5,23112004.0,17.7,0.483,0.158,0.077,0.098,0.15,0.703,0.333,0.435,0.429,0.368,0.824,0.021,5,0.165,0.45,0,0,4
Wayne Selden,SG,23,MEM,35,9,19.8,3.3,7.7,0.431,1.4,3.5,0.402,1.9,4.2,0.456,0.522,1.3,1.7,0.746,0.5,1.1,1.6,1.9,0.5,0.1,1.5,1.7,9.3,11.8,0.551,0.454,0.219,2.6,6.8,4.7,16.0,1.3,0.7,15.5,22.6,0.1,0.2,0.3,0.023,-0.9,-2.2,-3.1,-0.2,1312611.0,15.0,0.546,0.204,0.178,0.089,0.074,0.6,0.271,0.458,0.5,0.403,0.857,0.052,13,0.18,0.318,0,0,4
Quinn Cook,PG,24,GSW,33,18,22.4,3.7,7.6,0.484,1.4,3.2,0.442,2.3,4.5,0.514,0.575,0.7,0.8,0.88,0.3,2.2,2.5,2.7,0.4,0.0,1.0,1.8,9.5,12.8,0.593,0.413,0.099,1.6,10.2,6.2,16.6,0.8,0.1,10.8,17.5,1.1,0.4,1.6,0.101,-0.1,-1.5,-1.6,0.1,1544951.0,16.2,0.587,0.183,0.091,0.123,0.19,0.565,0.435,0.484,0.521,0.408,0.761,0.0,0,0.163,0.471,0,0,6
Blake Griffin,PF,28,LAC,33,33,34.5,7.7,17.5,0.441,1.9,5.7,0.342,5.8,11.8,0.488,0.497,5.2,6.6,0.785,1.4,6.5,7.9,5.4,0.9,0.3,3.0,2.4,22.6,20.4,0.553,0.324,0.379,4.5,20.5,12.6,25.6,1.3,0.7,12.8,29.3,2.0,1.0,3.0,0.126,3.8,-0.4,3.4,1.6,32088932.0,11.8,0.676,0.337,0.206,0.059,0.076,0.656,0.378,0.265,0.205,0.366,0.734,0.067,33,0.107,0.25,1,0,3
Cody Zeller,C,25,CHO,33,0,19.0,2.6,4.7,0.545,0.1,0.1,0.667,2.5,4.6,0.542,0.551,1.8,2.6,0.718,2.0,3.3,5.4,0.9,0.4,0.6,1.0,2.5,7.1,15.9,0.602,0.019,0.545,11.4,19.3,15.3,7.4,1.1,2.8,14.6,15.7,1.2,0.7,1.9,0.145,-1.2,0.0,-1.2,0.1,13528090.0,4.8,0.981,0.622,0.192,0.019,0.135,0.608,0.467,0.667,0.381,0.795,1.0,0.109,16,0.0,0.0,0,0,2
Mike James,PG,27,PHO,32,10,20.9,3.8,9.8,0.388,0.8,3.0,0.268,3.0,6.7,0.442,0.429,2.0,2.6,0.762,0.4,2.4,2.8,3.8,0.8,0.2,1.5,1.4,10.4,14.2,0.476,0.311,0.269,1.9,12.5,7.1,29.0,1.9,0.8,12.1,25.2,0.0,0.3,0.3,0.021,-0.3,-0.9,-1.2,0.1,0.0,13.2,0.689,0.247,0.202,0.103,0.135,0.558,0.444,0.344,0.31,0.084,0.269,0.029,5,0.113,0.545,1,0,6
Kobi Simmons,PG,20,MEM,32,12,20.1,2.5,5.9,0.423,0.3,1.2,0.282,2.2,4.7,0.46,0.452,0.8,0.8,1.0,0.4,1.1,1.6,2.1,0.6,0.2,1.4,1.9,6.1,7.7,0.49,0.206,0.132,2.5,6.6,4.5,16.5,1.4,0.7,18.0,17.0,-0.4,0.2,-0.2,-0.013,-4.7,-2.1,-6.9,-0.8,0.0,11.3,0.794,0.312,0.196,0.153,0.132,0.712,0.324,0.345,0.2,0.435,0.818,0.042,8,0.308,0.333,3,0,4
Joe Johnson,SF,36,UTA,32,3,21.9,3.0,7.1,0.42,0.7,2.6,0.274,2.3,4.4,0.507,0.471,0.6,0.8,0.833,0.4,3.0,3.3,1.4,0.4,0.2,1.0,1.0,7.3,9.0,0.492,0.372,0.106,2.0,15.2,8.7,9.8,0.9,0.7,11.6,17.2,-0.2,0.8,0.6,0.041,-2.3,-0.3,-2.6,-0.1,473835.0,16.0,0.628,0.031,0.243,0.208,0.146,0.714,0.545,0.447,0.485,0.25,0.957,0.004,0,0.381,0.281,0,0,4
DeAndre Liggins,SG,29,MIL,31,1,15.5,0.7,2.1,0.338,0.4,1.2,0.306,0.4,0.9,0.379,0.423,0.1,0.2,0.4,0.2,1.4,1.6,0.9,0.9,0.3,0.4,2.0,1.8,5.0,0.424,0.554,0.077,1.2,10.7,6.0,7.3,2.8,1.8,16.2,7.5,-0.3,0.5,0.2,0.02,-4.8,1.9,-2.8,-0.1,588120.0,17.8,0.446,0.154,0.108,0.031,0.154,0.3,0.286,0.5,0.5,0.636,0.909,0.0,0,0.556,0.25,1,0,4
Jabari Parker,PF,22,MIL,31,3,24.0,5.2,10.7,0.482,1.0,2.6,0.383,4.2,8.1,0.514,0.529,1.3,1.7,0.741,1.4,3.5,4.9,1.9,0.8,0.3,1.5,1.6,12.6,17.1,0.55,0.244,0.163,6.6,17.1,11.9,13.1,1.7,1.2,11.2,24.4,0.6,0.6,1.2,0.08,0.9,-1.7,-0.8,0.2,0.0,11.8,0.756,0.349,0.145,0.108,0.154,0.621,0.375,0.444,0.451,0.581,0.968,0.136,35,0.173,0.5,2,0,0
Tyrone Wallace,PG,23,LAC,30,19,28.4,3.7,8.2,0.445,0.3,1.3,0.25,3.3,6.9,0.483,0.466,2.0,2.6,0.782,0.7,2.8,3.5,2.4,0.9,0.4,1.5,2.8,9.7,10.1,0.517,0.162,0.316,2.7,10.7,6.8,11.8,1.5,1.3,14.1,16.6,0.2,0.5,0.7,0.042,-3.1,-0.4,-3.5,-0.3,0.0,8.2,0.838,0.352,0.312,0.154,0.02,0.667,0.364,0.316,0.4,0.58,1.0,0.016,4,0.55,0.364,1,0,0
Dion Waiters,SG,26,MIA,30,30,30.6,5.4,13.7,0.398,1.7,5.7,0.306,3.7,8.0,0.463,0.461,1.7,2.3,0.739,0.3,2.3,2.6,3.8,0.8,0.3,2.3,2.0,14.3,10.5,0.487,0.415,0.168,1.0,8.5,4.7,19.8,1.3,0.8,13.7,25.0,-0.7,0.8,0.1,0.004,-2.1,-1.4,-3.5,-0.4,11550000.0,15.0,0.585,0.246,0.124,0.046,0.168,0.614,0.333,0.421,0.348,0.171,0.769,0.007,3,0.271,0.391,1,0,6
Nikola Mirotić,PF,26,NOP,30,11,29.1,5.4,12.7,0.427,2.2,6.6,0.335,3.2,6.2,0.524,0.513,1.6,1.9,0.81,1.4,6.8,8.2,1.4,1.0,0.9,1.0,2.1,14.6,16.3,0.539,0.516,0.152,5.3,24.6,15.3,6.8,1.6,2.4,7.1,21.8,0.7,1.2,1.9,0.106,0.8,-0.3,0.5,0.5,0.0,16.5,0.484,0.204,0.094,0.092,0.092,0.654,0.583,0.286,0.429,0.68,0.909,0.024,9,0.203,0.325,0,0,6
Nerlens Noel,C,23,DAL,30,6,15.7,1.8,3.5,0.524,0.0,0.0,0.0,1.8,3.5,0.529,0.524,0.7,0.9,0.75,1.6,4.0,5.6,0.7,1.0,0.7,0.9,2.0,4.4,16.2,0.558,0.01,0.267,10.9,29.3,19.8,6.3,3.3,4.1,18.1,13.8,0.4,1.0,1.3,0.135,-2.2,2.7,0.5,0.3,4187599.0,4.3,0.99,0.6,0.21,0.143,0.038,0.619,0.5,0.333,0.0,0.8,0.0,0.229,19,0.0,0.0,0,0,2
